user_id,country,signup_date,device,experiment_group
1,Canada,2025-02-21,android,
2,Germany,2025-01-15,ios,
3,India,2025-03-13,android,B
4,Brazil,2025-03-02,android,
5,USA,2025-01-21,web,B
6,UK,2025-03-24,ios,
7,Canada,2025-03-28,android,
8,Australia,2025-03-16,android,
9,Australia,2025-03-16,ios,
10,USA,2025-03-29,ios,
11,Germany,2025-01-24,ios,
12,UK,2025-01-03,ios,
13,Canada,2025-01-22,ios,A
14,India,2025-02-22,ios,
15,Australia,2025-01-02,ios,
16,Canada,2025-03-29,android,
17,UK,2025-01-30,web,
18,Canada,2025-02-07,android,
19,Canada,2025-01-02,android,B
20,Australia,2025-03-05,web,B
21,India,2025-03-01,web,
22,Brazil,2025-01-21,web,
23,Australia,2025-02-02,ios,A
24,Canada,2025-03-17,ios,A
25,Brazil,2025-02-27,ios,
26,Canada,2025-01-22,android,
27,Australia,2025-03-30,web,
28,Canada,2025-02-18,web,
29,Brazil,2025-02-28,android,
30,Brazil,2025-02-11,ios,
31,Australia,2025-03-01,web,
32,Australia,2025-03-21,android,
33,Australia,2025-01-15,ios,A
34,Canada,2025-03-03,android,A
35,Brazil,2025-03-03,ios,
36,UK,2025-02-16,android,A
37,India,2025-03-03,ios,B
38,Brazil,2025-02-20,android,
39,Brazil,2025-02-24,android,A
40,India,2025-03-05,android,
41,Australia,2025-01-03,android,
42,UK,2025-02-20,web,B
43,Canada,2025-01-07,web,
44,Australia,2025-01-21,web,
45,Brazil,2025-03-14,web,
46,Canada,2025-02-08,android,
47,Canada,2025-01-18,web,B
48,Australia,2025-01-04,web,
49,UK,2025-03-30,android,
50,Brazil,2025-03-01,web,
51,UK,2025-01-14,web,
52,Canada,2025-01-09,ios,
53,Germany,2025-03-31,web,
54,Brazil,2025-02-22,ios,
55,Brazil,2025-01-02,web,A
56,Canada,2025-03-25,android,
57,Canada,2025-03-01,web,A
58,Canada,2025-03-12,android,
59,USA,2025-02-13,web,
60,Australia,2025-01-08,web,A
61,USA,2025-02-16,android,
62,Australia,2025-02-04,android,
63,Canada,2025-03-19,android,
64,Canada,2025-03-22,android,
65,Canada,2025-02-05,ios,
66,UK,2025-02-19,ios,B
67,USA,2025-01-04,android,
68,UK,2025-01-02,ios,
69,Brazil,2025-01-06,web,
70,Brazil,2025-02-23,web,
71,Canada,2025-01-04,web,A
72,Germany,2025-02-23,ios,A
73,Germany,2025-03-04,ios,
74,USA,2025-01-18,web,
75,Canada,2025-03-31,android,
76,Canada,2025-02-13,web,
77,Brazil,2025-02-03,ios,
78,UK,2025-03-15,web,A
79,USA,2025-03-03,web,
80,Germany,2025-01-14,ios,
81,India,2025-02-17,ios,
82,UK,2025-01-15,ios,
83,Canada,2025-03-13,ios,
84,India,2025-03-19,web,
85,USA,2025-03-28,ios,
86,USA,2025-03-03,android,
87,India,2025-02-09,ios,
88,USA,2025-03-26,ios,
89,USA,2025-03-21,web,B
90,Brazil,2025-03-23,android,B
91,Canada,2025-02-22,android,
92,UK,2025-01-24,android,
93,Germany,2025-01-26,ios,
94,Canada,2025-03-30,web,
95,Brazil,2025-03-01,web,
96,USA,2025-02-10,ios,
97,Germany,2025-01-29,android,
98,USA,2025-01-15,android,
99,Canada,2025-02-14,web,
100,UK,2025-03-06,ios,
101,USA,2025-03-30,android,
102,India,2025-03-12,ios,B
103,India,2025-01-09,web,
104,India,2025-03-29,ios,
105,India,2025-01-01,ios,
106,Germany,2025-01-08,ios,
107,Canada,2025-03-29,ios,A
108,Australia,2025-03-04,android,
109,India,2025-01-11,web,
110,USA,2025-03-22,android,
111,Australia,2025-01-08,android,
112,Australia,2025-02-04,android,
113,Brazil,2025-02-04,android,
114,USA,2025-02-02,web,A
115,USA,2025-01-05,web,
116,USA,2025-02-10,android,
117,USA,2025-01-28,ios,A
118,Brazil,2025-01-07,ios,
119,Australia,2025-03-14,ios,B
120,Australia,2025-03-13,ios,
121,India,2025-01-12,ios,
122,UK,2025-02-03,web,
123,Australia,2025-02-02,ios,
124,Germany,2025-02-17,web,
125,Brazil,2025-01-23,ios,
126,Brazil,2025-03-03,ios,
127,Australia,2025-03-29,android,
128,Brazil,2025-02-06,android,
129,Germany,2025-02-13,android,
130,USA,2025-03-27,web,
131,Canada,2025-02-04,web,
132,Germany,2025-03-06,android,B
133,Australia,2025-02-16,android,
134,Brazil,2025-03-19,ios,
135,USA,2025-01-03,web,
136,Brazil,2025-01-01,ios,
137,Australia,2025-01-05,ios,
138,UK,2025-03-31,android,
139,India,2025-01-14,ios,
140,India,2025-01-27,ios,
141,Brazil,2025-01-09,android,
142,USA,2025-03-20,android,A
143,UK,2025-01-15,ios,A
144,UK,2025-03-31,ios,B
145,Canada,2025-02-11,ios,B
146,USA,2025-03-18,web,
147,USA,2025-02-20,ios,
148,UK,2025-03-04,android,B
149,India,2025-02-21,ios,
150,India,2025-01-04,web,
151,UK,2025-01-23,ios,
152,Germany,2025-01-15,web,
153,UK,2025-02-12,web,
154,Brazil,2025-01-29,android,
155,Canada,2025-02-05,ios,A
156,Germany,2025-01-13,web,
157,USA,2025-02-01,ios,
158,UK,2025-03-12,web,
159,Australia,2025-02-28,android,
160,UK,2025-03-27,android,
161,Germany,2025-01-28,ios,
162,UK,2025-03-07,ios,
163,Brazil,2025-02-11,ios,B
164,India,2025-02-14,ios,
165,UK,2025-03-03,ios,A
166,India,2025-02-26,web,
167,USA,2025-01-06,ios,
168,USA,2025-01-28,web,B
169,UK,2025-01-28,web,
170,USA,2025-02-13,web,
171,UK,2025-03-25,ios,
172,India,2025-01-30,android,
173,Germany,2025-03-03,android,
174,UK,2025-03-16,ios,
175,Canada,2025-03-30,ios,A
176,Australia,2025-03-03,ios,
177,Germany,2025-01-01,web,
178,India,2025-01-27,android,A
179,India,2025-03-03,android,
180,Australia,2025-03-18,android,
181,Germany,2025-01-03,android,B
182,Canada,2025-03-11,web,
183,UK,2025-03-13,ios,
184,Germany,2025-01-27,web,
185,UK,2025-01-09,ios,
186,Canada,2025-03-03,ios,
187,UK,2025-02-06,android,A
188,Germany,2025-02-20,android,
189,India,2025-02-13,ios,
190,Brazil,2025-01-24,ios,
191,USA,2025-03-20,android,
192,Brazil,2025-02-28,android,
193,India,2025-02-01,android,
194,USA,2025-03-29,android,
195,Australia,2025-02-21,android,
196,Australia,2025-03-03,web,
197,Canada,2025-02-27,web,
198,Canada,2025-02-21,web,
199,Germany,2025-01-12,android,
200,Australia,2025-02-08,ios,
201,Brazil,2025-01-02,ios,
202,UK,2025-01-03,android,
203,India,2025-02-25,web,B
204,India,2025-03-22,ios,
205,Canada,2025-02-28,android,
206,India,2025-01-02,web,
207,Canada,2025-01-02,web,
208,Brazil,2025-02-23,web,
209,UK,2025-03-28,web,
210,Brazil,2025-01-01,web,
211,UK,2025-01-19,web,
212,USA,2025-01-02,web,
213,Germany,2025-02-22,web,
214,Canada,2025-02-13,web,
215,India,2025-03-31,web,A
216,UK,2025-02-01,android,
217,Brazil,2025-03-11,ios,B
218,Canada,2025-02-01,android,
219,Australia,2025-03-09,ios,
220,Canada,2025-02-24,android,
221,Canada,2025-03-16,ios,
222,Brazil,2025-02-25,ios,A
223,India,2025-01-17,ios,
224,India,2025-02-07,android,
225,India,2025-01-24,ios,
226,USA,2025-03-10,web,
227,Germany,2025-03-11,ios,
228,Canada,2025-03-27,android,
229,UK,2025-01-11,android,
230,India,2025-01-16,web,
231,UK,2025-03-14,ios,
232,Brazil,2025-02-28,android,
233,Germany,2025-03-11,ios,B
234,Germany,2025-03-21,web,
235,UK,2025-01-03,web,
236,Australia,2025-01-20,android,
237,Brazil,2025-02-28,ios,
238,Brazil,2025-02-05,web,
239,USA,2025-01-19,web,A
240,Canada,2025-03-31,android,
241,India,2025-03-08,web,
242,Brazil,2025-01-19,android,
243,India,2025-01-20,web,A
244,India,2025-03-12,web,
245,Australia,2025-02-21,android,A
246,Australia,2025-02-02,android,B
247,Australia,2025-02-09,ios,
248,UK,2025-02-08,web,A
249,Canada,2025-03-23,ios,
250,India,2025-01-01,ios,B
251,UK,2025-01-11,android,
252,Australia,2025-02-26,web,
253,Germany,2025-03-30,android,
254,Brazil,2025-02-19,web,
255,Australia,2025-01-23,android,
256,UK,2025-01-31,web,
257,USA,2025-02-11,ios,
258,UK,2025-01-07,web,
259,India,2025-01-16,web,
260,Australia,2025-03-31,android,
261,USA,2025-03-01,web,
262,Canada,2025-01-02,web,A
263,India,2025-01-01,web,
264,USA,2025-02-17,web,
265,UK,2025-01-12,ios,A
266,India,2025-03-10,android,
267,UK,2025-02-06,web,
268,Brazil,2025-02-01,android,
269,Canada,2025-01-09,ios,B
270,USA,2025-01-19,ios,
271,Australia,2025-02-17,web,A
272,Germany,2025-03-21,android,
273,Canada,2025-01-03,android,A
274,Germany,2025-01-20,android,
275,UK,2025-01-24,ios,
276,USA,2025-02-23,ios,
277,USA,2025-02-02,web,
278,UK,2025-01-24,android,
279,Germany,2025-03-16,android,
280,Canada,2025-03-13,ios,
281,Brazil,2025-02-05,web,
282,Canada,2025-02-07,web,
283,Germany,2025-03-25,web,
284,India,2025-03-30,ios,A
285,Germany,2025-01-25,android,
286,India,2025-01-18,web,
287,India,2025-03-23,web,
288,Brazil,2025-03-07,android,
289,Brazil,2025-02-23,web,
290,Canada,2025-02-04,ios,
291,Germany,2025-03-21,web,
292,Canada,2025-03-02,android,
293,Australia,2025-02-10,ios,
294,Australia,2025-02-02,web,
295,UK,2025-03-09,android,
296,Germany,2025-02-02,android,
297,Australia,2025-01-14,android,B
298,Brazil,2025-01-21,android,B
299,Canada,2025-02-17,web,
300,India,2025-01-20,web,
301,Australia,2025-01-08,ios,
302,India,2025-01-07,ios,
303,UK,2025-03-08,android,B
304,Germany,2025-01-17,android,
305,UK,2025-02-02,ios,
306,UK,2025-02-17,web,
307,Germany,2025-03-17,web,B
308,Australia,2025-02-28,web,
309,USA,2025-03-27,android,
310,Germany,2025-01-22,ios,
311,UK,2025-01-30,ios,
312,Canada,2025-02-07,ios,
313,USA,2025-02-20,web,
314,Australia,2025-02-23,ios,A
315,Canada,2025-01-08,ios,
316,UK,2025-01-27,web,
317,UK,2025-01-27,android,
318,Australia,2025-01-21,android,
319,UK,2025-01-30,web,A
320,Canada,2025-01-28,ios,
321,India,2025-03-05,android,
322,Germany,2025-03-10,android,B
323,Brazil,2025-03-02,android,
324,Australia,2025-02-17,web,A
325,Australia,2025-01-19,android,
326,Australia,2025-01-04,ios,
327,India,2025-02-04,web,
328,Germany,2025-03-05,web,
329,India,2025-02-18,android,
330,Germany,2025-01-17,ios,B
331,Australia,2025-02-13,web,
332,USA,2025-01-30,android,B
333,Canada,2025-02-15,ios,
334,Brazil,2025-01-06,ios,B
335,USA,2025-02-06,web,
336,USA,2025-01-24,android,B
337,Germany,2025-02-15,ios,B
338,UK,2025-02-22,web,A
339,Canada,2025-03-01,web,
340,Australia,2025-03-04,web,
341,UK,2025-03-26,web,
342,UK,2025-02-01,web,
343,UK,2025-03-28,ios,
344,Canada,2025-02-02,web,
345,Brazil,2025-03-08,android,
346,USA,2025-01-18,android,
347,India,2025-01-25,ios,
348,Brazil,2025-02-23,web,
349,Australia,2025-02-27,web,A
350,Canada,2025-03-08,ios,
351,Germany,2025-02-15,web,A
352,Brazil,2025-01-24,web,B
353,Brazil,2025-02-01,android,
354,Canada,2025-02-16,web,
355,Germany,2025-03-27,ios,
356,India,2025-01-23,android,A
357,USA,2025-03-07,ios,
358,Australia,2025-01-27,ios,B
359,Brazil,2025-01-02,web,
360,Australia,2025-03-31,web,
361,Germany,2025-01-17,android,
362,Germany,2025-02-02,ios,
363,India,2025-01-09,ios,
364,Australia,2025-02-12,web,B
365,Brazil,2025-02-17,ios,
366,Germany,2025-02-08,ios,
367,Canada,2025-02-11,ios,
368,Australia,2025-01-26,ios,
369,Canada,2025-02-19,ios,
370,India,2025-01-25,android,
371,Australia,2025-01-24,ios,A
372,Australia,2025-01-13,ios,A
373,India,2025-03-01,android,
374,Germany,2025-01-07,web,B
375,Germany,2025-02-26,web,
376,Brazil,2025-02-05,android,
377,Brazil,2025-02-14,android,
378,USA,2025-01-20,web,A
379,Germany,2025-03-06,ios,A
380,Australia,2025-01-08,ios,B
381,UK,2025-01-16,android,
382,Canada,2025-01-14,ios,
383,UK,2025-03-17,android,
384,Canada,2025-03-28,web,
385,USA,2025-01-15,ios,A
386,Germany,2025-03-07,web,
387,India,2025-02-01,ios,
388,Canada,2025-03-28,ios,B
389,Australia,2025-03-04,ios,
390,UK,2025-03-27,android,
391,Brazil,2025-02-20,web,
392,UK,2025-01-25,android,
393,Germany,2025-02-27,android,
394,Canada,2025-03-04,web,
395,UK,2025-03-03,web,A
396,USA,2025-01-22,android,
397,Australia,2025-02-27,android,
398,Australia,2025-02-27,android,
399,Brazil,2025-03-27,web,
400,USA,2025-02-18,android,
401,India,2025-02-21,web,
402,India,2025-02-11,android,
403,India,2025-03-11,web,
404,India,2025-01-15,android,
405,Germany,2025-02-23,ios,A
406,Germany,2025-03-01,ios,
407,Germany,2025-01-08,web,B
408,USA,2025-02-22,web,A
409,USA,2025-03-01,ios,
410,Australia,2025-01-05,web,
411,UK,2025-03-09,web,A
412,Brazil,2025-01-06,ios,
413,USA,2025-02-16,android,
414,UK,2025-02-24,web,
415,India,2025-02-09,web,B
416,India,2025-02-21,android,
417,Australia,2025-01-16,android,
418,USA,2025-01-13,web,
419,Germany,2025-01-30,web,
420,Australia,2025-01-19,android,
421,UK,2025-01-17,web,B
422,Canada,2025-03-04,android,
423,Australia,2025-01-19,android,
424,Brazil,2025-02-27,web,
425,UK,2025-02-24,web,B
426,Germany,2025-03-31,android,B
427,Canada,2025-03-31,web,
428,Germany,2025-03-03,android,
429,USA,2025-01-23,ios,
430,Australia,2025-01-09,ios,
431,Australia,2025-01-12,android,
432,Australia,2025-01-01,android,
433,Germany,2025-02-27,web,
434,Germany,2025-01-01,android,
435,Brazil,2025-02-03,android,
436,Germany,2025-02-17,web,
437,Canada,2025-03-30,web,
438,India,2025-01-01,ios,
439,Germany,2025-01-16,android,
440,India,2025-03-02,android,
441,Brazil,2025-03-05,ios,B
442,Canada,2025-03-04,android,
443,USA,2025-03-10,web,
444,India,2025-01-22,android,
445,USA,2025-03-08,web,
446,Canada,2025-03-17,android,
447,Canada,2025-01-26,ios,
448,Australia,2025-01-16,web,
449,Canada,2025-02-20,web,
450,Canada,2025-03-27,ios,
451,USA,2025-02-26,web,
452,India,2025-01-29,ios,A
453,UK,2025-03-19,android,
454,Germany,2025-03-10,ios,
455,Australia,2025-02-16,android,
456,Brazil,2025-03-03,web,
457,Canada,2025-03-10,web,
458,USA,2025-03-17,ios,
459,UK,2025-01-16,android,
460,USA,2025-03-31,ios,
461,UK,2025-03-31,web,
462,Brazil,2025-02-17,web,
463,Australia,2025-03-26,android,
464,UK,2025-02-08,android,
465,Australia,2025-02-02,web,
466,Australia,2025-01-23,web,
467,Australia,2025-01-10,android,
468,Brazil,2025-03-10,ios,
469,Germany,2025-02-03,ios,
470,Canada,2025-02-21,android,
471,Canada,2025-01-10,android,B
472,Australia,2025-01-19,android,
473,Canada,2025-02-27,web,
474,UK,2025-01-01,ios,
475,Canada,2025-03-10,android,
476,USA,2025-01-04,ios,
477,Germany,2025-01-16,web,
478,USA,2025-01-24,web,
479,USA,2025-03-21,android,
480,Germany,2025-01-02,android,
481,Germany,2025-02-01,android,
482,Brazil,2025-03-25,android,
483,Australia,2025-01-24,ios,B
484,UK,2025-01-12,android,
485,Brazil,2025-02-19,ios,
486,India,2025-02-04,web,
487,India,2025-02-02,web,B
488,Brazil,2025-02-02,ios,
489,Brazil,2025-03-02,ios,
490,UK,2025-02-20,android,
491,Germany,2025-02-12,android,
492,India,2025-01-12,android,
493,Australia,2025-03-08,web,
494,Australia,2025-03-06,ios,A
495,Germany,2025-02-02,ios,
496,USA,2025-02-09,ios,
497,USA,2025-03-15,ios,
498,Germany,2025-02-12,android,
499,USA,2025-02-13,android,
500,India,2025-01-29,ios,
501,India,2025-01-13,android,
502,USA,2025-01-12,web,
503,India,2025-02-15,android,A
504,USA,2025-01-02,web,
505,UK,2025-02-04,web,
506,UK,2025-03-28,ios,
507,Germany,2025-03-22,ios,A
508,Australia,2025-03-31,android,
509,Australia,2025-01-08,ios,
510,USA,2025-01-26,web,
511,UK,2025-03-15,web,
512,UK,2025-03-31,android,B
513,India,2025-02-03,web,
514,Germany,2025-01-07,ios,B
515,Germany,2025-03-09,android,
516,UK,2025-02-27,android,
517,UK,2025-03-16,android,
518,Germany,2025-01-29,ios,
519,Canada,2025-02-05,web,
520,India,2025-03-30,ios,
521,Brazil,2025-01-21,android,
522,India,2025-02-05,web,A
523,Brazil,2025-01-10,android,B
524,Germany,2025-03-14,ios,
525,Germany,2025-01-24,android,
526,Germany,2025-03-05,ios,
527,USA,2025-02-18,android,
528,USA,2025-02-05,android,A
529,USA,2025-03-23,android,
530,Germany,2025-01-24,ios,
531,UK,2025-01-23,ios,
532,Germany,2025-03-03,ios,
533,Brazil,2025-02-06,ios,
534,India,2025-01-12,ios,B
535,Canada,2025-02-24,web,
536,Brazil,2025-01-13,android,
537,Australia,2025-01-23,ios,
538,India,2025-03-30,web,B
539,Australia,2025-01-30,web,
540,Brazil,2025-01-17,android,B
541,India,2025-03-03,android,
542,Canada,2025-03-25,android,
543,UK,2025-03-30,ios,
544,India,2025-03-27,android,
545,Germany,2025-01-13,android,
546,Brazil,2025-02-28,android,
547,USA,2025-01-19,web,
548,Australia,2025-02-18,ios,
549,UK,2025-01-12,android,
550,Canada,2025-03-02,web,
551,Brazil,2025-01-19,ios,
552,UK,2025-03-17,android,B
553,USA,2025-01-09,web,
554,USA,2025-03-12,ios,
555,USA,2025-01-28,android,
556,USA,2025-03-19,android,B
557,USA,2025-02-21,web,
558,Germany,2025-03-24,android,
559,India,2025-01-16,web,A
560,Australia,2025-03-10,web,B
561,USA,2025-01-12,web,
562,Brazil,2025-01-25,ios,A
563,Brazil,2025-02-21,web,
564,USA,2025-03-26,ios,
565,UK,2025-02-22,android,
566,USA,2025-01-23,ios,
567,Canada,2025-01-16,web,
568,Australia,2025-02-26,android,
569,Germany,2025-02-08,web,
570,Canada,2025-02-22,web,
571,India,2025-02-11,android,
572,Brazil,2025-02-27,web,A
573,Australia,2025-02-08,ios,
574,Australia,2025-01-14,android,B
575,USA,2025-01-05,android,
576,India,2025-02-04,android,
577,India,2025-03-28,web,
578,USA,2025-03-16,web,
579,Australia,2025-01-18,android,B
580,India,2025-03-17,ios,
581,Brazil,2025-01-09,web,
582,USA,2025-03-15,web,
583,UK,2025-02-27,web,
584,USA,2025-01-17,ios,
585,Brazil,2025-01-07,web,
586,USA,2025-02-15,web,B
587,USA,2025-01-13,ios,
588,Australia,2025-02-09,ios,
589,USA,2025-02-11,web,
590,Germany,2025-01-09,android,
591,Germany,2025-02-19,android,
592,Brazil,2025-01-27,ios,
593,India,2025-03-07,web,
594,Australia,2025-01-05,ios,
595,USA,2025-01-29,ios,B
596,Australia,2025-02-06,android,
597,USA,2025-02-07,ios,
598,Australia,2025-03-24,ios,A
599,Canada,2025-01-08,web,
600,Germany,2025-03-06,web,
601,UK,2025-03-27,ios,
602,Canada,2025-01-17,ios,A
603,Germany,2025-03-12,web,
604,India,2025-03-30,android,
605,Canada,2025-02-14,web,
606,USA,2025-01-04,web,
607,USA,2025-02-05,web,
608,Australia,2025-03-11,web,
609,Brazil,2025-01-31,web,
610,UK,2025-01-19,android,
611,Brazil,2025-03-02,web,B
612,UK,2025-02-23,web,B
613,Canada,2025-02-08,android,
614,Canada,2025-03-15,ios,
615,UK,2025-03-31,android,
616,Canada,2025-01-19,web,
617,UK,2025-02-08,ios,
618,UK,2025-03-08,android,
619,Brazil,2025-02-14,ios,
620,USA,2025-01-13,android,
621,USA,2025-02-27,android,
622,Canada,2025-01-20,ios,A
623,Australia,2025-03-13,ios,
624,Brazil,2025-03-02,ios,
625,Canada,2025-02-08,ios,
626,Germany,2025-01-01,web,A
627,Australia,2025-01-03,android,
628,Canada,2025-03-18,web,
629,India,2025-03-03,android,B
630,UK,2025-03-04,web,
631,Australia,2025-01-25,web,B
632,Australia,2025-02-25,android,
633,Australia,2025-02-02,web,A
634,Brazil,2025-02-07,ios,
635,UK,2025-01-06,ios,
636,UK,2025-02-27,web,
637,UK,2025-02-13,web,
638,Brazil,2025-02-14,android,
639,USA,2025-02-01,android,
640,Germany,2025-02-14,web,A
641,Germany,2025-03-02,android,
642,Canada,2025-02-16,ios,
643,Brazil,2025-01-21,ios,
644,India,2025-03-21,ios,
645,Germany,2025-03-26,android,
646,Germany,2025-03-16,android,
647,UK,2025-02-05,android,
648,Brazil,2025-01-19,android,
649,Canada,2025-01-20,web,
650,Canada,2025-02-26,web,
651,USA,2025-01-18,web,
652,Brazil,2025-02-16,web,
653,Brazil,2025-02-18,ios,
654,Germany,2025-01-14,android,
655,Australia,2025-01-15,ios,
656,Australia,2025-01-31,android,
657,Australia,2025-01-01,web,
658,UK,2025-02-23,ios,A
659,Australia,2025-01-03,android,A
660,Brazil,2025-01-16,web,
661,USA,2025-03-28,android,
662,UK,2025-02-26,android,
663,UK,2025-03-16,web,
664,USA,2025-01-12,ios,
665,USA,2025-03-15,android,
666,Canada,2025-01-16,web,
667,USA,2025-03-13,android,B
668,Brazil,2025-03-17,android,
669,Canada,2025-01-24,android,
670,UK,2025-01-28,ios,
671,Canada,2025-01-08,ios,
672,UK,2025-02-05,ios,
673,India,2025-03-31,ios,
674,Australia,2025-01-08,web,
675,India,2025-02-27,ios,A
676,Australia,2025-03-01,android,
677,India,2025-02-19,web,
678,Canada,2025-01-28,android,
679,Brazil,2025-02-10,ios,A
680,Canada,2025-03-05,android,
681,Brazil,2025-01-27,android,
682,USA,2025-03-04,android,
683,Brazil,2025-01-17,android,
684,UK,2025-03-14,ios,
685,UK,2025-02-02,android,
686,Australia,2025-03-25,android,
687,Canada,2025-03-18,android,
688,Australia,2025-01-29,android,A
689,Germany,2025-01-13,ios,
690,Germany,2025-02-15,android,B
691,Australia,2025-02-04,web,A
692,Brazil,2025-01-06,web,B
693,Australia,2025-03-23,android,
694,Canada,2025-03-10,android,
695,Canada,2025-02-16,ios,
696,Germany,2025-01-25,web,
697,Brazil,2025-03-07,ios,
698,USA,2025-01-10,android,
699,USA,2025-02-25,web,
700,Germany,2025-01-30,web,
701,Brazil,2025-01-05,ios,B
702,Germany,2025-02-02,android,
703,UK,2025-03-06,web,
704,Brazil,2025-01-18,ios,
705,India,2025-02-18,web,
706,UK,2025-01-11,android,
707,Brazil,2025-03-26,android,
708,Germany,2025-01-26,android,
709,Canada,2025-03-04,ios,
710,Germany,2025-03-30,android,
711,Germany,2025-03-27,ios,B
712,Brazil,2025-02-28,web,
713,Germany,2025-01-27,android,
714,Australia,2025-02-18,ios,
715,Australia,2025-03-18,ios,
716,Brazil,2025-02-02,ios,
717,Australia,2025-01-01,android,
718,Brazil,2025-01-21,ios,
719,Germany,2025-02-24,android,A
720,USA,2025-01-06,android,B
721,USA,2025-03-22,web,
722,Australia,2025-03-10,web,
723,UK,2025-01-05,android,
724,Brazil,2025-01-03,web,
725,Germany,2025-02-22,ios,
726,Canada,2025-01-23,android,
727,Australia,2025-02-22,web,
728,Germany,2025-02-06,ios,
729,Germany,2025-03-15,android,B
730,USA,2025-03-15,ios,
731,India,2025-03-24,android,
732,Canada,2025-01-17,web,
733,Brazil,2025-03-26,ios,
734,UK,2025-03-19,web,
735,UK,2025-03-14,ios,
736,Australia,2025-01-01,ios,
737,UK,2025-02-20,ios,
738,Brazil,2025-02-14,ios,
739,Brazil,2025-03-18,web,
740,UK,2025-01-04,ios,
741,UK,2025-03-03,web,
742,Germany,2025-03-06,ios,
743,Canada,2025-02-01,android,A
744,India,2025-02-03,android,
745,USA,2025-03-13,ios,
746,Brazil,2025-02-08,android,
747,India,2025-01-26,ios,
748,UK,2025-02-03,web,
749,Australia,2025-02-23,android,
750,Canada,2025-01-03,ios,
751,UK,2025-02-19,ios,
752,UK,2025-01-12,web,
753,UK,2025-03-06,web,
754,Germany,2025-02-23,ios,B
755,Brazil,2025-01-05,ios,
756,UK,2025-02-26,ios,
757,UK,2025-01-17,ios,A
758,Brazil,2025-02-16,ios,
759,USA,2025-01-23,ios,
760,Germany,2025-03-20,web,
761,Germany,2025-03-26,android,
762,Australia,2025-01-14,ios,
763,Australia,2025-03-07,ios,
764,India,2025-03-16,web,
765,Germany,2025-02-20,android,
766,Australia,2025-02-07,web,B
767,Australia,2025-03-05,web,
768,India,2025-02-07,ios,
769,USA,2025-02-19,ios,
770,Brazil,2025-03-23,web,
771,UK,2025-01-30,ios,A
772,Canada,2025-03-20,ios,
773,India,2025-02-20,ios,B
774,Australia,2025-03-04,android,B
775,Australia,2025-02-21,android,
776,Canada,2025-02-07,ios,A
777,Canada,2025-03-29,web,
778,Germany,2025-03-20,android,
779,Australia,2025-01-30,web,
780,Canada,2025-02-20,ios,
781,UK,2025-03-22,web,
782,USA,2025-01-05,web,
783,Brazil,2025-01-29,android,
784,India,2025-01-04,web,
785,Germany,2025-01-10,web,A
786,Canada,2025-02-25,android,
787,Canada,2025-01-17,ios,
788,UK,2025-03-15,web,
789,UK,2025-01-17,ios,A
790,UK,2025-03-25,ios,
791,Brazil,2025-03-29,ios,
792,India,2025-03-10,android,A
793,Brazil,2025-02-03,ios,
794,Canada,2025-01-06,web,A
795,Germany,2025-02-22,ios,
796,India,2025-03-07,ios,
797,USA,2025-03-18,ios,
798,USA,2025-02-12,web,B
799,Canada,2025-03-16,ios,
800,Brazil,2025-01-23,ios,
801,Brazil,2025-02-24,ios,A
802,Canada,2025-03-21,android,
803,Brazil,2025-03-16,web,A
804,USA,2025-01-16,android,
805,USA,2025-01-08,web,
806,India,2025-01-04,ios,
807,Canada,2025-01-04,web,A
808,India,2025-02-25,web,
809,Brazil,2025-01-25,web,
810,Canada,2025-03-08,web,B
811,UK,2025-03-08,android,
812,India,2025-01-27,web,
813,USA,2025-02-01,android,
814,Australia,2025-02-19,android,
815,Germany,2025-03-02,ios,
816,Australia,2025-02-20,web,
817,UK,2025-01-19,ios,
818,Canada,2025-01-21,web,B
819,USA,2025-01-05,android,B
820,UK,2025-03-23,android,A
821,Germany,2025-02-11,android,
822,Canada,2025-03-02,web,
823,Brazil,2025-01-22,web,
824,UK,2025-01-21,web,B
825,Germany,2025-03-11,web,A
826,Australia,2025-01-01,web,
827,Germany,2025-01-05,ios,
828,UK,2025-01-12,web,
829,Australia,2025-03-31,ios,A
830,Canada,2025-02-15,web,
831,UK,2025-02-03,web,
832,Australia,2025-02-18,web,A
833,UK,2025-03-19,web,
834,UK,2025-03-31,android,
835,Brazil,2025-02-14,android,B
836,Australia,2025-01-27,ios,
837,USA,2025-03-14,ios,
838,India,2025-01-26,web,
839,Brazil,2025-02-16,web,
840,UK,2025-03-27,web,
841,Germany,2025-02-25,web,A
842,Canada,2025-03-04,android,
843,Brazil,2025-02-17,ios,A
844,India,2025-03-02,ios,
845,Canada,2025-03-22,ios,A
846,India,2025-01-26,android,
847,Australia,2025-02-05,web,
848,Brazil,2025-01-01,android,
849,Germany,2025-01-08,android,
850,Australia,2025-02-21,ios,
851,Germany,2025-03-20,android,
852,Canada,2025-02-16,ios,B
853,Germany,2025-02-25,android,
854,USA,2025-03-27,ios,
855,Germany,2025-01-14,ios,B
856,India,2025-03-31,web,A
857,Canada,2025-01-28,ios,
858,UK,2025-03-28,android,
859,UK,2025-03-19,ios,B
860,Australia,2025-03-29,android,B
861,India,2025-01-02,ios,B
862,Germany,2025-01-26,web,A
863,UK,2025-01-14,web,
864,Australia,2025-02-28,android,
865,Canada,2025-02-25,ios,
866,India,2025-01-07,android,
867,Germany,2025-01-03,web,
868,USA,2025-01-23,android,
869,Australia,2025-01-18,android,A
870,UK,2025-02-07,ios,
871,Canada,2025-01-15,web,
872,Germany,2025-03-05,web,A
873,Canada,2025-03-30,ios,
874,Germany,2025-01-28,ios,
875,Canada,2025-03-15,ios,
876,UK,2025-02-08,web,B
877,Germany,2025-02-26,web,
878,Canada,2025-01-17,ios,A
879,Brazil,2025-03-27,android,A
880,Brazil,2025-03-31,web,A
881,USA,2025-02-13,ios,
882,India,2025-01-25,ios,
883,Brazil,2025-01-17,android,
884,Brazil,2025-01-13,ios,
885,USA,2025-03-25,android,
886,Brazil,2025-01-25,android,
887,Brazil,2025-03-09,web,B
888,Australia,2025-01-10,ios,A
889,Canada,2025-03-08,web,
890,UK,2025-01-18,web,
891,Australia,2025-03-27,web,
892,USA,2025-02-03,ios,
893,Germany,2025-01-08,ios,
894,Germany,2025-02-09,ios,
895,India,2025-03-24,web,
896,Australia,2025-02-11,android,
897,India,2025-02-10,web,A
898,Brazil,2025-01-06,android,
899,Brazil,2025-02-21,ios,
900,Germany,2025-01-26,ios,
901,USA,2025-03-05,web,
902,Australia,2025-02-28,android,
903,UK,2025-02-25,ios,
904,Canada,2025-02-28,ios,
905,India,2025-03-11,web,
906,Brazil,2025-02-02,web,
907,India,2025-02-22,web,
908,Germany,2025-01-22,android,B
909,USA,2025-01-21,android,B
910,Australia,2025-03-11,ios,
911,Germany,2025-03-11,web,
912,UK,2025-01-04,ios,
913,USA,2025-03-16,android,A
914,UK,2025-03-03,ios,B
915,UK,2025-03-03,ios,
916,USA,2025-01-24,web,
917,UK,2025-02-24,ios,
918,India,2025-01-09,web,A
919,Brazil,2025-01-03,ios,
920,USA,2025-01-31,ios,
921,Germany,2025-02-09,android,A
922,Germany,2025-02-05,android,
923,Brazil,2025-01-24,ios,
924,Germany,2025-01-06,ios,
925,Brazil,2025-03-07,web,
926,India,2025-03-25,android,
927,Australia,2025-03-16,android,B
928,Australia,2025-01-04,ios,
929,Germany,2025-03-20,web,
930,Germany,2025-01-06,android,
931,India,2025-02-20,ios,
932,Germany,2025-03-03,ios,
933,Germany,2025-02-26,ios,
934,India,2025-03-07,ios,
935,Canada,2025-03-20,ios,
936,India,2025-03-16,android,
937,Canada,2025-01-08,android,B
938,India,2025-01-26,web,
939,Australia,2025-02-20,ios,
940,Canada,2025-02-14,web,
941,Germany,2025-02-13,ios,
942,Brazil,2025-01-05,ios,
943,Canada,2025-03-11,ios,B
944,Brazil,2025-01-26,web,
945,Australia,2025-03-09,ios,A
946,USA,2025-01-19,web,
947,USA,2025-03-25,android,
948,Australia,2025-01-20,ios,
949,Germany,2025-01-12,web,
950,Germany,2025-02-16,android,
951,Brazil,2025-01-01,ios,A
952,UK,2025-03-31,android,
953,Australia,2025-01-14,ios,A
954,USA,2025-03-05,web,A
955,Brazil,2025-02-07,ios,
956,Germany,2025-02-06,ios,
957,USA,2025-01-11,web,
958,USA,2025-03-18,web,
959,Canada,2025-01-03,web,
960,USA,2025-02-02,ios,
961,Australia,2025-01-06,android,
962,Germany,2025-02-19,web,
963,Brazil,2025-01-10,android,
964,UK,2025-01-05,web,A
965,Germany,2025-01-23,web,
966,USA,2025-01-10,ios,
967,Canada,2025-02-13,web,
968,Canada,2025-01-02,android,B
969,Australia,2025-01-13,ios,
970,Australia,2025-02-09,web,
971,India,2025-01-02,android,
972,Brazil,2025-03-25,ios,B
973,Germany,2025-03-06,android,
974,USA,2025-03-04,ios,
975,Australia,2025-03-14,ios,
976,UK,2025-01-17,ios,
977,Canada,2025-01-09,web,
978,USA,2025-03-16,ios,B
979,USA,2025-01-15,web,
980,Germany,2025-01-24,web,
981,Canada,2025-02-07,web,
982,UK,2025-02-04,web,A
983,Canada,2025-02-18,ios,
984,India,2025-03-10,web,
985,Canada,2025-03-03,android,
986,Canada,2025-03-01,android,
987,Germany,2025-02-19,ios,
988,Canada,2025-03-19,web,
989,Brazil,2025-03-16,android,
990,UK,2025-01-09,android,
991,India,2025-02-03,web,
992,India,2025-03-17,web,
993,UK,2025-02-04,ios,
994,Brazil,2025-01-01,android,B
995,Australia,2025-02-09,ios,B
996,USA,2025-03-05,android,
997,Germany,2025-01-22,web,
998,Australia,2025-03-01,android,B
999,Brazil,2025-03-05,android,
1000,Canada,2025-03-13,android,B
1001,India,2025-01-11,web,
1002,Canada,2025-01-14,web,
1003,Brazil,2025-03-01,android,
1004,USA,2025-01-30,android,
1005,Canada,2025-02-04,web,
1006,Brazil,2025-03-26,web,
1007,Brazil,2025-02-06,web,
1008,Canada,2025-01-05,android,A
1009,India,2025-03-24,ios,
1010,Brazil,2025-03-19,ios,A
1011,Canada,2025-01-26,web,
1012,Germany,2025-03-03,ios,
1013,UK,2025-01-04,android,
1014,Canada,2025-03-30,ios,
1015,Australia,2025-02-11,ios,
1016,India,2025-03-30,ios,
1017,UK,2025-01-18,web,
1018,Brazil,2025-02-09,android,
1019,USA,2025-03-13,web,
1020,Canada,2025-02-08,ios,
1021,Canada,2025-01-14,web,B
1022,India,2025-02-01,android,
1023,Brazil,2025-02-20,android,
1024,Brazil,2025-02-07,android,
1025,USA,2025-01-23,android,
1026,Brazil,2025-03-04,ios,
1027,Germany,2025-01-15,ios,A
1028,Australia,2025-01-25,ios,
1029,USA,2025-01-17,ios,A
1030,India,2025-03-07,ios,A
1031,India,2025-03-19,web,
1032,UK,2025-02-22,android,
1033,Germany,2025-02-20,ios,A
1034,Canada,2025-02-08,android,
1035,Germany,2025-02-20,android,
1036,Australia,2025-03-11,ios,
1037,India,2025-01-06,ios,
1038,Brazil,2025-03-08,android,
1039,Australia,2025-01-07,android,
1040,Canada,2025-02-20,android,B
1041,Germany,2025-03-13,web,
1042,Germany,2025-02-11,web,A
1043,Brazil,2025-03-05,android,
1044,Australia,2025-01-15,web,
1045,USA,2025-01-29,android,
1046,Brazil,2025-02-02,android,
1047,UK,2025-01-27,ios,
1048,UK,2025-02-05,android,
1049,Canada,2025-01-29,ios,
1050,India,2025-02-07,ios,
1051,USA,2025-02-26,android,
1052,Germany,2025-01-27,web,
1053,Canada,2025-02-24,android,B
1054,India,2025-02-02,android,
1055,India,2025-03-09,web,
1056,Canada,2025-03-27,ios,
1057,Canada,2025-03-07,web,
1058,Germany,2025-01-10,android,
1059,Germany,2025-01-05,android,
1060,Brazil,2025-03-15,web,
1061,Australia,2025-02-07,web,
1062,UK,2025-01-13,web,
1063,Germany,2025-01-31,ios,
1064,Brazil,2025-02-16,web,
1065,Australia,2025-03-29,android,
1066,UK,2025-02-21,web,
1067,USA,2025-02-25,android,
1068,USA,2025-01-15,ios,
1069,USA,2025-01-29,ios,
1070,Germany,2025-01-08,web,A
1071,UK,2025-01-05,android,B
1072,Canada,2025-01-29,ios,B
1073,Australia,2025-02-16,web,
1074,UK,2025-03-09,ios,
1075,USA,2025-03-17,web,
1076,India,2025-02-14,android,
1077,UK,2025-01-02,web,
1078,UK,2025-01-27,android,
1079,Brazil,2025-02-05,ios,
1080,USA,2025-02-05,android,
1081,Australia,2025-01-26,android,
1082,India,2025-02-12,ios,
1083,Brazil,2025-01-27,android,
1084,India,2025-03-10,android,
1085,Canada,2025-01-20,web,
1086,India,2025-01-11,android,B
1087,Canada,2025-03-15,web,
1088,India,2025-02-07,android,
1089,Germany,2025-01-06,ios,
1090,UK,2025-03-13,android,
1091,UK,2025-01-23,android,B
1092,Brazil,2025-02-16,android,
1093,Australia,2025-03-31,web,
1094,Canada,2025-02-15,ios,
1095,India,2025-01-12,ios,
1096,Australia,2025-03-31,android,
1097,India,2025-01-13,android,
1098,UK,2025-03-03,web,
1099,Canada,2025-03-23,ios,
1100,India,2025-03-30,android,
1101,Australia,2025-03-01,android,B
1102,India,2025-02-12,ios,A
1103,Australia,2025-03-17,android,
1104,India,2025-03-09,android,
1105,USA,2025-01-05,ios,B
1106,USA,2025-02-06,web,
1107,Australia,2025-03-13,android,
1108,USA,2025-01-31,android,
1109,Canada,2025-01-09,ios,A
1110,Canada,2025-02-20,ios,B
1111,Brazil,2025-01-29,web,A
1112,India,2025-03-19,web,
1113,Australia,2025-02-09,android,
1114,USA,2025-02-10,web,
1115,USA,2025-03-27,web,
1116,Australia,2025-01-11,web,
1117,Australia,2025-01-23,android,
1118,Germany,2025-01-01,web,
1119,Brazil,2025-02-15,web,B
1120,USA,2025-01-21,web,B
1121,USA,2025-03-31,ios,
1122,USA,2025-02-05,web,
1123,Germany,2025-02-23,web,B
1124,Germany,2025-03-28,ios,
1125,Brazil,2025-02-26,ios,
1126,India,2025-01-01,android,
1127,India,2025-03-04,android,A
1128,Canada,2025-02-23,ios,A
1129,Australia,2025-02-24,android,
1130,Brazil,2025-02-09,web,
1131,Canada,2025-01-15,android,
1132,India,2025-01-21,web,
1133,UK,2025-02-16,web,B
1134,Canada,2025-03-14,web,A
1135,India,2025-02-22,ios,
1136,Germany,2025-01-09,android,
1137,Germany,2025-03-15,android,
1138,USA,2025-02-21,ios,A
1139,Germany,2025-02-26,ios,
1140,UK,2025-01-26,android,
1141,UK,2025-02-10,ios,
1142,Australia,2025-02-04,ios,
1143,UK,2025-03-04,web,
1144,USA,2025-01-25,web,
1145,India,2025-03-31,web,B
1146,Australia,2025-03-16,ios,
1147,USA,2025-02-07,ios,
1148,Germany,2025-01-02,web,
1149,UK,2025-01-07,web,
1150,Australia,2025-03-23,android,
1151,USA,2025-02-03,web,
1152,Canada,2025-01-17,web,A
1153,USA,2025-02-12,android,
1154,Australia,2025-02-28,android,
1155,UK,2025-02-20,android,
1156,Brazil,2025-02-23,android,
1157,UK,2025-01-24,ios,A
1158,Brazil,2025-01-25,android,
1159,UK,2025-03-12,android,
1160,India,2025-02-21,ios,
1161,Brazil,2025-03-11,android,
1162,Brazil,2025-03-29,android,
1163,Canada,2025-02-02,android,
1164,USA,2025-02-18,ios,
1165,Brazil,2025-01-29,web,
1166,Germany,2025-03-04,android,B
1167,USA,2025-01-22,android,
1168,Australia,2025-01-26,android,
1169,USA,2025-01-28,android,
1170,Canada,2025-03-26,ios,
1171,Australia,2025-02-18,web,
1172,Australia,2025-03-12,android,
1173,India,2025-03-22,android,
1174,USA,2025-03-25,ios,
1175,Australia,2025-02-18,web,
1176,Australia,2025-01-20,web,
1177,USA,2025-03-27,web,
1178,Germany,2025-03-04,android,
1179,USA,2025-03-02,android,
1180,Brazil,2025-02-18,android,
1181,Canada,2025-03-12,ios,
1182,Australia,2025-01-01,ios,
1183,Canada,2025-01-13,ios,
1184,India,2025-03-28,android,
1185,Canada,2025-02-20,android,A
1186,Canada,2025-02-25,android,
1187,Germany,2025-03-24,web,
1188,Canada,2025-03-03,ios,
1189,UK,2025-02-01,ios,
1190,UK,2025-01-30,web,A
1191,UK,2025-01-29,web,
1192,Germany,2025-02-18,web,B
1193,UK,2025-02-14,android,
1194,Brazil,2025-01-30,web,A
1195,UK,2025-01-16,android,
1196,UK,2025-02-09,android,
1197,India,2025-01-19,ios,B
1198,UK,2025-01-18,web,A
1199,Australia,2025-01-01,android,
1200,UK,2025-03-19,android,A
1201,USA,2025-02-16,web,
1202,Brazil,2025-03-07,android,B
1203,Australia,2025-02-07,android,
1204,Germany,2025-02-20,android,
1205,India,2025-03-04,web,
1206,Germany,2025-01-04,android,
1207,UK,2025-01-01,ios,
1208,USA,2025-01-08,web,B
1209,UK,2025-01-29,ios,
1210,UK,2025-02-24,ios,
1211,Canada,2025-01-03,ios,
1212,Canada,2025-02-01,android,
1213,India,2025-01-10,android,
1214,India,2025-03-15,ios,
1215,Germany,2025-03-24,ios,
1216,Australia,2025-02-03,web,
1217,UK,2025-03-28,ios,
1218,Canada,2025-02-24,android,
1219,Germany,2025-02-01,ios,
1220,UK,2025-02-19,ios,
1221,India,2025-01-07,web,
1222,USA,2025-01-08,ios,
1223,Canada,2025-03-06,web,
1224,Canada,2025-02-26,web,B
1225,Australia,2025-03-08,ios,
1226,Germany,2025-03-29,ios,
1227,Germany,2025-03-28,android,
1228,Brazil,2025-02-28,android,
1229,Canada,2025-03-13,web,
1230,Brazil,2025-02-23,web,
1231,USA,2025-03-08,android,
1232,Canada,2025-02-20,web,
1233,Brazil,2025-01-08,android,
1234,USA,2025-02-03,web,
1235,UK,2025-02-04,android,
1236,Brazil,2025-03-29,android,
1237,Brazil,2025-03-19,web,A
1238,Germany,2025-02-01,web,
1239,USA,2025-02-15,web,
1240,Germany,2025-01-16,ios,B
1241,Brazil,2025-03-09,ios,
1242,Australia,2025-02-06,web,
1243,Canada,2025-02-23,web,
1244,Australia,2025-03-26,web,
1245,UK,2025-01-14,web,
1246,Australia,2025-02-24,android,
1247,India,2025-02-17,ios,B
1248,USA,2025-03-23,web,B
1249,USA,2025-01-07,ios,
1250,UK,2025-03-15,ios,
1251,UK,2025-01-07,android,B
1252,USA,2025-02-02,web,
1253,USA,2025-01-23,ios,
1254,UK,2025-03-26,android,A
1255,Canada,2025-01-19,web,B
1256,UK,2025-01-19,web,
1257,Australia,2025-02-05,ios,
1258,UK,2025-01-29,android,B
1259,Australia,2025-03-01,android,
1260,Brazil,2025-03-23,android,A
1261,Canada,2025-01-02,android,B
1262,USA,2025-01-01,web,
1263,USA,2025-02-16,ios,
1264,UK,2025-03-10,ios,A
1265,Germany,2025-01-20,android,
1266,India,2025-01-11,android,
1267,USA,2025-01-02,android,
1268,Australia,2025-03-08,ios,
1269,Australia,2025-03-28,web,
1270,Brazil,2025-01-12,web,
1271,India,2025-01-20,android,
1272,Australia,2025-01-05,web,
1273,Germany,2025-02-06,web,
1274,Canada,2025-02-07,ios,
1275,Australia,2025-01-09,android,B
1276,Brazil,2025-02-22,web,A
1277,UK,2025-02-13,android,
1278,Germany,2025-03-27,android,
1279,UK,2025-01-24,web,
1280,Brazil,2025-03-22,ios,A
1281,Brazil,2025-03-15,web,
1282,UK,2025-01-30,ios,B
1283,India,2025-02-28,web,A
1284,USA,2025-03-28,android,
1285,USA,2025-03-22,ios,
1286,Canada,2025-03-22,ios,
1287,Brazil,2025-01-14,android,
1288,Germany,2025-01-09,web,
1289,Australia,2025-02-09,ios,
1290,Australia,2025-03-07,web,
1291,UK,2025-01-25,web,
1292,Germany,2025-03-14,web,
1293,UK,2025-01-22,android,
1294,Germany,2025-01-04,web,
1295,Canada,2025-01-26,android,
1296,Australia,2025-02-27,ios,B
1297,UK,2025-01-29,web,
1298,Brazil,2025-03-28,ios,B
1299,India,2025-02-06,web,
1300,Australia,2025-03-16,ios,
1301,USA,2025-03-11,android,
1302,Germany,2025-01-18,ios,
1303,Canada,2025-03-26,ios,
1304,USA,2025-02-11,web,
1305,Germany,2025-02-10,web,
1306,Brazil,2025-02-07,web,
1307,Canada,2025-02-03,web,
1308,Brazil,2025-01-17,android,
1309,Germany,2025-02-06,ios,B
1310,Germany,2025-01-25,ios,
1311,Germany,2025-03-17,android,
1312,Canada,2025-03-28,ios,
1313,Brazil,2025-03-27,web,
1314,India,2025-03-26,web,B
1315,India,2025-01-27,web,
1316,Germany,2025-02-26,ios,
1317,UK,2025-01-31,android,
1318,India,2025-01-06,android,
1319,Brazil,2025-02-09,ios,
1320,Brazil,2025-01-12,android,B
1321,Canada,2025-02-22,android,
1322,Brazil,2025-03-12,web,B
1323,Australia,2025-01-10,ios,
1324,USA,2025-02-14,android,
1325,USA,2025-01-17,ios,A
1326,Australia,2025-01-26,web,
1327,Brazil,2025-03-26,web,
1328,India,2025-03-03,android,
1329,USA,2025-02-15,ios,A
1330,UK,2025-03-05,ios,
1331,Germany,2025-01-02,web,
1332,USA,2025-02-23,web,
1333,USA,2025-03-06,web,A
1334,India,2025-02-20,android,
1335,India,2025-02-22,ios,
1336,UK,2025-02-05,android,
1337,Canada,2025-01-26,ios,
1338,UK,2025-01-29,web,B
1339,Canada,2025-01-21,android,
1340,UK,2025-01-11,android,
1341,Australia,2025-02-09,android,
1342,UK,2025-01-11,web,A
1343,Australia,2025-02-05,android,
1344,USA,2025-02-28,android,A
1345,UK,2025-02-08,web,B
1346,Canada,2025-02-23,ios,
1347,UK,2025-02-24,android,
1348,Brazil,2025-01-24,web,
1349,USA,2025-01-22,android,
1350,USA,2025-03-10,android,
1351,USA,2025-02-25,ios,
1352,Germany,2025-02-02,web,
1353,UK,2025-02-05,ios,
1354,Canada,2025-01-20,ios,
1355,UK,2025-03-24,web,B
1356,UK,2025-03-22,ios,
1357,India,2025-03-03,android,
1358,India,2025-03-14,web,B
1359,India,2025-01-26,web,B
1360,Germany,2025-03-07,android,
1361,UK,2025-03-14,android,B
1362,USA,2025-03-14,android,
1363,USA,2025-02-09,ios,
1364,Brazil,2025-01-17,ios,B
1365,Canada,2025-01-01,ios,
1366,India,2025-03-30,ios,
1367,Germany,2025-03-02,ios,
1368,Brazil,2025-02-12,ios,
1369,Germany,2025-02-11,web,
1370,USA,2025-01-25,web,
1371,Canada,2025-02-08,web,
1372,UK,2025-02-04,web,A
1373,USA,2025-01-03,web,
1374,USA,2025-02-13,web,
1375,India,2025-02-20,ios,
1376,Australia,2025-01-12,web,
1377,USA,2025-01-19,android,
1378,Germany,2025-02-13,web,
1379,UK,2025-02-28,android,
1380,Australia,2025-02-18,android,B
1381,India,2025-03-02,web,
1382,Brazil,2025-01-17,ios,A
1383,USA,2025-03-15,ios,
1384,India,2025-02-26,android,
1385,Australia,2025-02-24,ios,
1386,India,2025-02-16,android,
1387,India,2025-01-12,ios,
1388,Germany,2025-03-03,ios,
1389,Australia,2025-03-21,ios,
1390,Australia,2025-03-29,ios,A
1391,Brazil,2025-03-24,web,
1392,India,2025-01-08,web,A
1393,Germany,2025-01-21,web,
1394,Brazil,2025-03-22,android,
1395,UK,2025-03-28,web,
1396,Australia,2025-03-21,web,
1397,Germany,2025-03-11,web,B
1398,India,2025-03-13,ios,
1399,USA,2025-01-25,ios,B
1400,Germany,2025-03-23,ios,A
1401,UK,2025-03-30,ios,
1402,Brazil,2025-01-12,ios,
1403,UK,2025-01-15,web,
1404,Brazil,2025-02-28,web,A
1405,Germany,2025-01-26,ios,
1406,Brazil,2025-01-26,ios,
1407,India,2025-02-16,web,
1408,Canada,2025-02-01,web,
1409,Germany,2025-01-10,ios,
1410,USA,2025-01-16,android,
1411,UK,2025-03-12,ios,
1412,UK,2025-01-17,web,B
1413,Germany,2025-01-23,android,
1414,USA,2025-01-26,ios,
1415,Germany,2025-03-26,web,
1416,India,2025-03-27,web,
1417,Canada,2025-01-07,web,B
1418,Canada,2025-01-14,ios,
1419,India,2025-03-20,ios,
1420,Australia,2025-01-07,android,
1421,USA,2025-01-09,web,
1422,Germany,2025-02-17,web,
1423,Australia,2025-03-13,android,
1424,USA,2025-02-28,ios,
1425,USA,2025-03-28,web,
1426,Australia,2025-03-23,android,
1427,Australia,2025-02-08,web,
1428,India,2025-01-18,ios,
1429,India,2025-02-28,ios,A
1430,USA,2025-01-17,android,
1431,USA,2025-01-14,android,A
1432,Brazil,2025-01-31,web,
1433,India,2025-01-24,ios,
1434,USA,2025-03-01,ios,
1435,Brazil,2025-02-14,android,B
1436,Australia,2025-01-03,android,A
1437,Canada,2025-02-06,web,
1438,Canada,2025-02-12,ios,
1439,Canada,2025-02-09,web,
1440,USA,2025-03-31,web,
1441,Australia,2025-02-24,android,
1442,Brazil,2025-03-28,ios,
1443,USA,2025-02-08,android,B
1444,Canada,2025-01-15,web,
1445,Canada,2025-01-04,web,
1446,Canada,2025-03-27,ios,A
1447,Germany,2025-01-25,ios,
1448,Australia,2025-01-13,ios,
1449,India,2025-03-23,ios,
1450,Australia,2025-02-02,android,
1451,Canada,2025-01-16,android,
1452,USA,2025-02-11,android,
1453,UK,2025-03-07,android,
1454,Canada,2025-02-24,web,
1455,Australia,2025-02-11,android,
1456,UK,2025-02-03,android,A
1457,Brazil,2025-01-30,ios,A
1458,India,2025-01-13,web,
1459,Brazil,2025-01-13,android,
1460,India,2025-01-18,web,
1461,UK,2025-02-01,web,B
1462,Canada,2025-02-08,web,
1463,UK,2025-02-15,web,B
1464,Canada,2025-01-29,ios,
1465,Brazil,2025-03-03,ios,
1466,Canada,2025-03-03,web,
1467,Canada,2025-02-26,web,A
1468,Germany,2025-01-16,web,
1469,UK,2025-02-25,ios,
1470,India,2025-01-10,ios,B
1471,Australia,2025-01-30,web,A
1472,USA,2025-01-25,web,
1473,USA,2025-03-25,web,A
1474,USA,2025-01-05,web,A
1475,UK,2025-03-06,ios,
1476,Australia,2025-02-18,android,
1477,Germany,2025-01-03,android,
1478,UK,2025-02-14,ios,
1479,India,2025-01-14,ios,
1480,Canada,2025-01-30,android,A
1481,Australia,2025-03-09,android,
1482,Australia,2025-01-18,android,
1483,UK,2025-03-03,web,
1484,Australia,2025-02-06,android,B
1485,UK,2025-01-25,android,
1486,UK,2025-02-17,web,
1487,UK,2025-03-06,web,A
1488,India,2025-02-22,ios,
1489,UK,2025-03-20,web,
1490,Germany,2025-03-14,android,
1491,Brazil,2025-01-15,web,A
1492,India,2025-02-18,ios,
1493,Germany,2025-03-29,android,A
1494,USA,2025-03-09,ios,
1495,USA,2025-01-12,ios,
1496,India,2025-02-28,ios,
1497,Brazil,2025-02-06,web,A
1498,UK,2025-03-02,web,
1499,India,2025-02-12,ios,B
1500,UK,2025-03-11,ios,
1501,UK,2025-02-08,ios,
1502,USA,2025-02-25,ios,
1503,Brazil,2025-03-04,web,
1504,UK,2025-02-15,web,
1505,India,2025-03-29,ios,
1506,Australia,2025-01-11,web,
1507,USA,2025-03-03,android,
1508,UK,2025-03-18,web,
1509,Canada,2025-01-25,ios,A
1510,Canada,2025-03-12,web,
1511,Canada,2025-02-21,android,
1512,USA,2025-01-04,android,
1513,USA,2025-02-28,web,
1514,India,2025-03-13,android,
1515,India,2025-01-20,android,
1516,Germany,2025-03-04,web,
1517,UK,2025-02-23,web,
1518,Canada,2025-03-15,web,
1519,USA,2025-02-26,ios,
1520,Germany,2025-03-31,ios,
1521,India,2025-02-10,android,
1522,Brazil,2025-01-03,android,
1523,USA,2025-01-06,web,
1524,Brazil,2025-01-05,android,
1525,Brazil,2025-01-05,web,
1526,Canada,2025-02-23,ios,
1527,USA,2025-02-16,web,B
1528,Germany,2025-03-28,android,
1529,Germany,2025-02-18,web,
1530,USA,2025-01-09,web,
1531,Australia,2025-01-20,web,B
1532,Canada,2025-03-02,android,
1533,UK,2025-02-04,web,
1534,Brazil,2025-02-19,web,A
1535,Germany,2025-03-23,android,
1536,USA,2025-03-03,ios,
1537,India,2025-01-17,ios,A
1538,India,2025-03-29,android,
1539,Australia,2025-01-03,ios,A
1540,USA,2025-02-01,web,
1541,UK,2025-01-13,android,
1542,India,2025-03-30,web,A
1543,UK,2025-03-14,web,A
1544,USA,2025-03-09,android,
1545,USA,2025-01-14,web,
1546,Brazil,2025-01-11,android,
1547,USA,2025-02-25,web,
1548,UK,2025-03-08,ios,
1549,Australia,2025-01-29,web,
1550,Germany,2025-01-09,web,
1551,India,2025-03-08,android,
1552,India,2025-01-25,ios,A
1553,Australia,2025-03-17,web,B
1554,Brazil,2025-02-11,web,
1555,Australia,2025-01-09,ios,
1556,Australia,2025-03-20,ios,
1557,Germany,2025-02-09,ios,A
1558,UK,2025-01-25,ios,
1559,UK,2025-01-05,ios,
1560,Brazil,2025-01-11,web,
1561,Australia,2025-02-28,ios,
1562,USA,2025-03-29,ios,
1563,Germany,2025-03-20,web,
1564,India,2025-02-07,android,
1565,Germany,2025-03-13,web,
1566,Australia,2025-01-05,android,
1567,Brazil,2025-02-17,ios,A
1568,USA,2025-03-31,android,
1569,Canada,2025-01-18,web,
1570,Australia,2025-03-11,android,B
1571,Germany,2025-02-06,android,B
1572,USA,2025-03-01,android,
1573,Australia,2025-02-17,ios,B
1574,Australia,2025-03-18,web,A
1575,Germany,2025-01-28,android,
1576,India,2025-03-10,ios,
1577,UK,2025-03-18,web,
1578,Germany,2025-03-22,web,
1579,Australia,2025-02-09,web,
1580,UK,2025-02-14,web,
1581,UK,2025-03-03,ios,
1582,UK,2025-02-27,web,
1583,Australia,2025-03-08,android,
1584,Australia,2025-02-25,web,
1585,Brazil,2025-02-09,web,
1586,India,2025-02-09,ios,
1587,UK,2025-03-18,android,
1588,India,2025-02-02,android,
1589,Australia,2025-01-06,ios,
1590,Australia,2025-03-29,ios,
1591,Germany,2025-01-19,android,
1592,Canada,2025-03-21,android,
1593,India,2025-02-09,web,B
1594,USA,2025-02-28,ios,
1595,UK,2025-02-28,android,A
1596,Germany,2025-02-17,android,
1597,UK,2025-02-10,ios,
1598,UK,2025-01-13,ios,
1599,Germany,2025-02-14,android,
1600,Germany,2025-03-30,ios,
1601,Brazil,2025-02-22,android,
1602,Brazil,2025-02-11,android,
1603,Brazil,2025-03-04,web,
1604,India,2025-01-27,web,
1605,USA,2025-02-07,ios,B
1606,USA,2025-03-01,ios,
1607,India,2025-01-07,android,
1608,Brazil,2025-01-05,web,
1609,USA,2025-02-14,ios,
1610,Brazil,2025-02-27,android,
1611,Australia,2025-01-31,web,
1612,Australia,2025-01-23,android,B
1613,Germany,2025-02-11,web,
1614,India,2025-01-10,android,
1615,Brazil,2025-02-01,web,
1616,Australia,2025-02-22,android,
1617,India,2025-01-30,android,
1618,Australia,2025-02-08,ios,B
1619,UK,2025-01-31,web,
1620,India,2025-03-23,web,
1621,India,2025-01-02,ios,
1622,Australia,2025-03-19,ios,
1623,Brazil,2025-03-18,android,
1624,India,2025-01-12,web,
1625,Canada,2025-02-08,android,
1626,Canada,2025-03-07,android,
1627,UK,2025-01-13,android,
1628,Australia,2025-02-15,ios,
1629,Germany,2025-01-27,web,B
1630,Australia,2025-01-17,ios,
1631,Canada,2025-03-01,ios,
1632,Australia,2025-03-05,web,
1633,Australia,2025-03-29,web,
1634,USA,2025-02-04,ios,
1635,Australia,2025-03-11,ios,
1636,Germany,2025-03-24,ios,A
1637,India,2025-01-30,web,
1638,Canada,2025-03-12,web,
1639,UK,2025-03-15,android,
1640,UK,2025-03-04,web,
1641,Germany,2025-01-28,ios,
1642,Brazil,2025-03-01,web,
1643,USA,2025-03-20,web,B
1644,India,2025-02-06,web,
1645,India,2025-01-22,ios,
1646,Australia,2025-03-09,android,
1647,Germany,2025-01-20,android,A
1648,UK,2025-03-09,ios,
1649,UK,2025-03-05,ios,B
1650,Brazil,2025-01-17,android,
1651,USA,2025-01-12,ios,A
1652,Australia,2025-01-22,web,
1653,India,2025-01-17,web,
1654,Germany,2025-01-10,android,
1655,Australia,2025-03-06,web,
1656,Brazil,2025-01-22,android,B
1657,USA,2025-03-31,ios,
1658,India,2025-03-23,android,
1659,USA,2025-02-19,android,
1660,India,2025-01-14,web,
1661,Canada,2025-03-05,android,
1662,USA,2025-02-16,android,
1663,USA,2025-01-29,android,
1664,Canada,2025-03-17,ios,
1665,Germany,2025-02-05,web,
1666,Australia,2025-02-21,web,
1667,Australia,2025-03-17,android,
1668,Brazil,2025-01-07,android,
1669,UK,2025-01-29,ios,
1670,USA,2025-01-11,web,
1671,Germany,2025-02-02,web,
1672,Australia,2025-01-06,android,
1673,Canada,2025-03-20,ios,
1674,UK,2025-02-01,ios,
1675,Brazil,2025-02-20,android,
1676,Brazil,2025-03-16,android,
1677,USA,2025-02-27,android,
1678,Canada,2025-03-28,android,
1679,Australia,2025-01-26,android,
1680,Australia,2025-02-15,ios,
1681,Canada,2025-01-29,ios,
1682,India,2025-01-04,android,
1683,Brazil,2025-03-22,android,B
1684,Germany,2025-01-13,web,
1685,USA,2025-02-08,ios,
1686,Brazil,2025-01-15,ios,
1687,USA,2025-01-29,android,
1688,Australia,2025-01-29,ios,
1689,India,2025-03-16,ios,
1690,Brazil,2025-02-01,ios,A
1691,USA,2025-01-02,web,
1692,Germany,2025-02-16,ios,
1693,Australia,2025-03-19,android,
1694,Brazil,2025-03-25,ios,
1695,India,2025-01-22,ios,
1696,UK,2025-03-16,web,
1697,UK,2025-01-27,ios,
1698,USA,2025-03-08,web,
1699,Brazil,2025-03-22,web,
1700,Brazil,2025-02-25,web,
1701,Australia,2025-01-21,ios,
1702,Australia,2025-02-16,android,
1703,India,2025-03-21,android,A
1704,UK,2025-02-28,ios,
1705,Canada,2025-03-25,web,
1706,Germany,2025-01-06,android,
1707,Canada,2025-01-19,ios,A
1708,UK,2025-02-26,android,
1709,Brazil,2025-03-10,ios,B
1710,Germany,2025-01-03,web,
1711,Australia,2025-01-01,android,B
1712,Germany,2025-02-27,ios,
1713,India,2025-02-07,ios,
1714,Canada,2025-01-15,android,
1715,USA,2025-02-03,ios,
1716,USA,2025-03-02,android,
1717,India,2025-02-04,ios,
1718,Australia,2025-03-05,android,
1719,Brazil,2025-01-25,web,
1720,Brazil,2025-01-24,android,
1721,USA,2025-01-12,ios,A
1722,UK,2025-01-18,web,
1723,India,2025-01-15,web,
1724,UK,2025-03-21,android,
1725,India,2025-01-27,android,
1726,India,2025-03-13,android,
1727,USA,2025-03-01,web,
1728,USA,2025-02-15,web,
1729,Canada,2025-03-30,android,B
1730,UK,2025-01-17,ios,
1731,Brazil,2025-02-22,web,
1732,Germany,2025-01-08,android,
1733,Canada,2025-03-20,ios,
1734,UK,2025-01-27,android,
1735,Australia,2025-02-15,web,
1736,India,2025-02-19,web,
1737,Germany,2025-03-12,android,
1738,Germany,2025-01-03,ios,
1739,Canada,2025-03-05,web,B
1740,Germany,2025-02-13,android,
1741,Canada,2025-02-22,android,
1742,Germany,2025-01-24,ios,
1743,Canada,2025-03-01,ios,
1744,Canada,2025-01-03,web,
1745,Germany,2025-01-20,ios,A
1746,UK,2025-02-15,ios,
1747,USA,2025-01-15,web,
1748,USA,2025-01-25,android,
1749,Australia,2025-03-19,web,B
1750,India,2025-03-12,web,A
1751,Brazil,2025-01-17,ios,
1752,Australia,2025-03-25,ios,
1753,UK,2025-01-09,android,
1754,Germany,2025-02-07,ios,
1755,USA,2025-02-17,android,
1756,India,2025-03-01,android,A
1757,Germany,2025-03-04,android,
1758,India,2025-03-27,web,
1759,Germany,2025-01-02,ios,
1760,Canada,2025-03-29,ios,B
1761,Germany,2025-03-13,android,B
1762,USA,2025-01-11,ios,
1763,USA,2025-03-05,android,
1764,Germany,2025-03-18,ios,
1765,USA,2025-03-22,web,
1766,Australia,2025-03-13,ios,
1767,UK,2025-01-21,android,
1768,Germany,2025-01-18,web,
1769,USA,2025-03-05,ios,
1770,India,2025-03-23,web,
1771,India,2025-02-07,android,
1772,India,2025-02-01,android,
1773,Brazil,2025-01-11,ios,B
1774,India,2025-02-14,android,
1775,Canada,2025-03-30,ios,
1776,India,2025-02-02,android,B
1777,UK,2025-02-10,android,
1778,UK,2025-01-08,android,
1779,Brazil,2025-01-11,ios,B
1780,UK,2025-03-27,ios,A
1781,USA,2025-02-20,ios,
1782,India,2025-03-29,ios,A
1783,USA,2025-02-10,android,
1784,Australia,2025-01-17,web,
1785,Brazil,2025-03-17,ios,
1786,USA,2025-02-15,android,
1787,Canada,2025-02-01,android,
1788,USA,2025-03-20,ios,
1789,USA,2025-03-21,ios,
1790,Canada,2025-02-23,android,
1791,UK,2025-03-27,ios,A
1792,India,2025-01-20,ios,
1793,Canada,2025-02-02,web,
1794,USA,2025-03-15,web,
1795,Australia,2025-02-09,ios,
1796,Germany,2025-02-01,web,
1797,India,2025-01-02,web,
1798,India,2025-02-02,ios,
1799,Germany,2025-03-18,android,
1800,Brazil,2025-01-30,android,
1801,Brazil,2025-02-02,android,
1802,India,2025-03-18,android,
1803,UK,2025-01-26,web,
1804,Canada,2025-01-22,web,
1805,Brazil,2025-03-07,ios,B
1806,Brazil,2025-02-07,ios,B
1807,USA,2025-03-31,android,
1808,USA,2025-02-15,android,
1809,Brazil,2025-01-15,ios,
1810,UK,2025-02-13,ios,
1811,USA,2025-02-18,android,
1812,Canada,2025-03-16,web,
1813,UK,2025-03-02,web,
1814,Canada,2025-03-08,web,
1815,Canada,2025-01-06,web,
1816,India,2025-01-09,web,
1817,Canada,2025-01-06,ios,
1818,Canada,2025-03-14,ios,
1819,UK,2025-02-01,android,
1820,USA,2025-02-10,ios,
1821,Australia,2025-03-17,ios,
1822,Australia,2025-01-08,ios,
1823,Australia,2025-03-13,ios,
1824,Canada,2025-02-19,android,
1825,Germany,2025-03-03,ios,
1826,UK,2025-03-25,ios,
1827,Brazil,2025-03-03,android,
1828,Canada,2025-01-07,ios,A
1829,Canada,2025-03-16,android,
1830,Australia,2025-03-25,web,B
1831,UK,2025-03-21,web,A
1832,UK,2025-01-04,ios,
1833,UK,2025-01-06,ios,
1834,Brazil,2025-02-27,ios,A
1835,Canada,2025-01-22,ios,
1836,UK,2025-01-26,web,B
1837,Germany,2025-01-03,web,
1838,Brazil,2025-02-10,ios,
1839,Germany,2025-03-01,android,
1840,Australia,2025-01-14,android,
1841,Germany,2025-03-16,web,
1842,Germany,2025-03-23,android,
1843,Brazil,2025-01-12,ios,A
1844,USA,2025-03-28,ios,
1845,Brazil,2025-01-12,ios,B
1846,UK,2025-01-13,ios,A
1847,Canada,2025-01-25,ios,
1848,Germany,2025-02-14,android,
1849,UK,2025-01-19,android,
1850,Germany,2025-02-24,web,
1851,Germany,2025-02-14,web,
1852,Canada,2025-01-08,android,
1853,UK,2025-02-22,android,
1854,India,2025-02-24,web,
1855,Germany,2025-02-01,ios,
1856,Canada,2025-02-20,web,
1857,India,2025-02-13,web,
1858,Brazil,2025-03-23,android,
1859,Germany,2025-03-11,web,
1860,Australia,2025-01-18,web,B
1861,Germany,2025-03-24,android,
1862,Canada,2025-01-22,ios,
1863,Brazil,2025-02-06,ios,
1864,UK,2025-02-25,ios,
1865,UK,2025-02-28,android,A
1866,India,2025-01-03,web,A
1867,Brazil,2025-01-28,ios,
1868,Germany,2025-03-15,web,
1869,India,2025-02-04,android,
1870,UK,2025-03-02,ios,
1871,Germany,2025-02-23,ios,B
1872,Canada,2025-03-04,web,
1873,UK,2025-03-20,ios,
1874,India,2025-01-07,android,
1875,UK,2025-03-17,web,
1876,Canada,2025-02-18,web,
1877,Australia,2025-03-26,ios,
1878,Australia,2025-01-31,ios,
1879,UK,2025-02-27,ios,
1880,Australia,2025-03-02,ios,
1881,Australia,2025-01-24,web,
1882,Brazil,2025-01-20,web,
1883,Canada,2025-02-06,ios,A
1884,India,2025-01-04,web,
1885,Australia,2025-01-20,android,
1886,Germany,2025-03-01,web,
1887,UK,2025-01-24,android,
1888,UK,2025-02-19,android,B
1889,USA,2025-02-18,android,A
1890,India,2025-02-20,ios,A
1891,India,2025-02-05,web,
1892,Germany,2025-03-07,android,
1893,Australia,2025-03-20,ios,A
1894,Brazil,2025-02-03,web,
1895,Germany,2025-02-05,web,B
1896,Canada,2025-01-06,ios,
1897,India,2025-02-08,web,
1898,UK,2025-02-11,ios,B
1899,Brazil,2025-02-27,ios,A
1900,Brazil,2025-01-12,ios,B
1901,India,2025-01-03,web,B
1902,India,2025-01-18,ios,
1903,Germany,2025-02-09,ios,
1904,USA,2025-01-21,web,
1905,Australia,2025-01-15,android,
1906,India,2025-01-26,ios,
1907,India,2025-01-08,ios,
1908,Germany,2025-03-28,android,
1909,India,2025-02-11,web,
1910,Canada,2025-02-13,web,A
1911,Australia,2025-01-14,web,
1912,Germany,2025-03-19,ios,
1913,Canada,2025-01-02,android,
1914,Australia,2025-02-06,web,
1915,India,2025-03-10,android,
1916,UK,2025-02-07,web,
1917,Australia,2025-02-10,ios,
1918,Australia,2025-03-03,web,
1919,India,2025-03-01,android,
1920,USA,2025-01-14,android,
1921,Brazil,2025-03-30,android,
1922,Germany,2025-03-25,ios,
1923,USA,2025-01-02,web,
1924,Canada,2025-03-11,ios,
1925,Germany,2025-01-17,ios,
1926,USA,2025-03-30,android,
1927,Germany,2025-01-28,android,
1928,Canada,2025-03-07,ios,
1929,Germany,2025-02-04,ios,B
1930,Canada,2025-01-05,web,
1931,Brazil,2025-03-06,android,
1932,India,2025-02-09,android,
1933,Germany,2025-03-17,android,
1934,Germany,2025-02-25,web,B
1935,Canada,2025-02-05,web,A
1936,Australia,2025-02-14,android,
1937,Brazil,2025-01-23,android,
1938,Canada,2025-02-16,ios,
1939,Canada,2025-01-31,ios,
1940,Germany,2025-01-11,web,
1941,Germany,2025-01-10,android,
1942,UK,2025-03-08,ios,
1943,UK,2025-01-14,ios,
1944,Canada,2025-03-21,android,A
1945,UK,2025-03-15,android,
1946,Brazil,2025-01-10,ios,
1947,Canada,2025-03-17,android,A
1948,Germany,2025-01-01,android,
1949,Brazil,2025-01-05,web,
1950,Canada,2025-01-20,ios,
1951,Brazil,2025-01-08,ios,
1952,USA,2025-02-12,web,
1953,India,2025-03-17,web,
1954,Australia,2025-01-01,ios,
1955,USA,2025-02-26,ios,
1956,Canada,2025-03-05,android,B
1957,Canada,2025-03-25,android,
1958,Canada,2025-01-28,ios,
1959,India,2025-02-06,android,B
1960,USA,2025-02-16,android,
1961,Australia,2025-03-17,android,
1962,Germany,2025-02-06,web,
1963,Brazil,2025-02-18,ios,B
1964,USA,2025-02-13,ios,A
1965,USA,2025-02-25,ios,A
1966,Germany,2025-01-28,android,
1967,Brazil,2025-03-20,android,
1968,India,2025-01-06,web,
1969,USA,2025-03-02,web,
1970,India,2025-01-20,ios,
1971,UK,2025-03-19,web,A
1972,Canada,2025-01-02,web,
1973,USA,2025-03-14,android,A
1974,Brazil,2025-02-06,ios,B
1975,UK,2025-01-20,ios,
1976,UK,2025-01-26,web,
1977,USA,2025-01-29,android,A
1978,Australia,2025-01-01,web,
1979,Australia,2025-02-04,web,
1980,Australia,2025-03-11,ios,A
1981,USA,2025-02-28,android,
1982,Canada,2025-03-10,web,
1983,UK,2025-02-02,web,
1984,Australia,2025-02-20,android,
1985,USA,2025-03-19,web,
1986,Canada,2025-01-12,ios,A
1987,Brazil,2025-01-20,web,
1988,Brazil,2025-02-22,ios,
1989,UK,2025-03-29,ios,
1990,USA,2025-02-12,ios,
1991,Canada,2025-03-30,ios,
1992,Canada,2025-02-19,ios,
1993,UK,2025-01-29,ios,
1994,Brazil,2025-02-26,web,
1995,USA,2025-02-08,android,
1996,Canada,2025-02-25,web,
1997,Brazil,2025-02-12,android,
1998,Canada,2025-02-19,web,
1999,USA,2025-01-23,android,
2000,Germany,2025-02-13,web,
2001,Brazil,2025-02-07,ios,
2002,India,2025-03-25,android,
2003,Canada,2025-01-23,web,
2004,Canada,2025-02-14,ios,
2005,USA,2025-02-21,web,
2006,Germany,2025-03-21,android,
2007,Germany,2025-02-19,web,B
2008,Germany,2025-01-08,web,A
2009,Brazil,2025-03-26,ios,
2010,Canada,2025-01-01,ios,
2011,India,2025-01-08,ios,
2012,Germany,2025-01-29,android,
2013,Canada,2025-01-05,ios,
2014,UK,2025-03-27,android,B
2015,USA,2025-02-16,ios,
2016,USA,2025-02-03,ios,A
2017,Canada,2025-03-06,ios,A
2018,Australia,2025-02-24,ios,
2019,India,2025-03-31,android,A
2020,Canada,2025-02-12,android,
2021,India,2025-03-15,android,
2022,Brazil,2025-01-30,ios,
2023,UK,2025-03-23,ios,B
2024,Australia,2025-01-17,ios,
2025,USA,2025-01-26,android,
2026,Germany,2025-01-08,web,
2027,Germany,2025-02-16,web,
2028,USA,2025-03-17,web,
2029,UK,2025-03-13,android,B
2030,UK,2025-03-30,web,
2031,Canada,2025-02-15,android,
2032,Germany,2025-03-09,android,
2033,USA,2025-02-02,ios,
2034,Germany,2025-01-01,ios,
2035,Brazil,2025-01-19,android,
2036,USA,2025-01-31,web,
2037,UK,2025-03-21,android,
2038,Germany,2025-01-14,android,
2039,India,2025-02-22,web,B
2040,India,2025-02-17,ios,A
2041,Brazil,2025-03-10,android,A
2042,India,2025-03-31,ios,
2043,Brazil,2025-03-03,ios,
2044,Brazil,2025-03-07,ios,
2045,UK,2025-03-05,android,
2046,UK,2025-03-11,web,A
2047,USA,2025-03-04,web,
2048,Germany,2025-03-14,ios,
2049,Australia,2025-02-02,ios,
2050,Australia,2025-02-10,web,
2051,Canada,2025-03-30,ios,
2052,India,2025-02-17,web,
2053,Germany,2025-01-13,web,
2054,Australia,2025-03-14,android,
2055,Germany,2025-03-18,ios,
2056,Australia,2025-01-31,ios,
2057,Brazil,2025-03-16,android,
2058,India,2025-03-09,web,
2059,UK,2025-01-04,ios,
2060,Germany,2025-01-19,android,
2061,Brazil,2025-03-11,web,
2062,UK,2025-03-23,android,
2063,Brazil,2025-01-13,android,
2064,Germany,2025-01-23,android,
2065,Canada,2025-03-24,android,
2066,Germany,2025-03-16,web,
2067,Germany,2025-01-01,android,
2068,Australia,2025-03-29,web,
2069,India,2025-02-23,android,
2070,India,2025-03-12,android,
2071,Canada,2025-03-30,ios,
2072,Germany,2025-03-26,ios,
2073,India,2025-01-15,ios,
2074,Brazil,2025-03-06,ios,
2075,Brazil,2025-03-17,android,B
2076,Australia,2025-03-12,android,
2077,Canada,2025-01-15,web,
2078,Canada,2025-01-21,android,
2079,USA,2025-01-19,web,A
2080,UK,2025-03-01,android,
2081,Brazil,2025-03-30,android,B
2082,UK,2025-02-02,web,
2083,USA,2025-02-18,ios,B
2084,USA,2025-02-04,android,
2085,Canada,2025-02-13,ios,A
2086,UK,2025-03-31,web,
2087,Germany,2025-01-11,android,B
2088,UK,2025-03-13,web,
2089,Brazil,2025-03-19,android,
2090,UK,2025-03-15,web,
2091,Brazil,2025-03-07,web,
2092,Brazil,2025-02-15,ios,
2093,Brazil,2025-01-09,ios,
2094,Germany,2025-01-03,ios,
2095,Germany,2025-03-26,android,
2096,USA,2025-01-26,web,
2097,India,2025-03-13,ios,
2098,Germany,2025-02-17,android,
2099,Australia,2025-03-07,ios,
2100,Australia,2025-03-11,android,
2101,Germany,2025-01-28,web,
2102,USA,2025-01-26,web,
2103,USA,2025-01-25,web,
2104,USA,2025-01-12,android,
2105,Australia,2025-01-05,web,
2106,UK,2025-02-17,android,A
2107,Brazil,2025-02-06,android,
2108,Australia,2025-03-20,android,
2109,Germany,2025-02-13,web,
2110,Canada,2025-01-15,web,
2111,Brazil,2025-02-12,web,
2112,India,2025-02-17,android,
2113,USA,2025-03-28,web,
2114,India,2025-03-11,android,
2115,Canada,2025-02-15,web,
2116,Canada,2025-02-12,android,
2117,Canada,2025-01-21,ios,
2118,Australia,2025-01-23,web,
2119,USA,2025-03-21,web,
2120,USA,2025-02-16,android,
2121,India,2025-01-15,android,
2122,Brazil,2025-01-25,android,
2123,Canada,2025-02-05,ios,A
2124,India,2025-03-16,web,
2125,UK,2025-02-20,android,
2126,Germany,2025-01-15,ios,
2127,Germany,2025-03-09,ios,
2128,Australia,2025-01-21,android,
2129,Brazil,2025-01-13,web,
2130,Brazil,2025-03-27,android,
2131,Brazil,2025-01-19,android,
2132,India,2025-02-03,android,
2133,India,2025-03-19,ios,
2134,Australia,2025-03-09,ios,
2135,Canada,2025-02-21,web,
2136,India,2025-01-27,ios,
2137,USA,2025-01-29,android,
2138,India,2025-01-28,ios,
2139,Germany,2025-02-04,web,
2140,Germany,2025-01-08,android,B
2141,USA,2025-01-16,android,
2142,India,2025-02-05,ios,
2143,India,2025-01-30,ios,
2144,Australia,2025-01-18,web,
2145,UK,2025-01-02,android,
2146,UK,2025-02-18,web,
2147,Australia,2025-03-18,ios,
2148,Germany,2025-01-04,android,
2149,Brazil,2025-03-31,ios,
2150,Australia,2025-03-30,android,
2151,Canada,2025-03-16,web,B
2152,Australia,2025-01-07,android,
2153,Germany,2025-03-15,ios,B
2154,Canada,2025-02-08,android,B
2155,USA,2025-01-13,web,
2156,India,2025-01-31,ios,B
2157,Australia,2025-03-12,web,
2158,UK,2025-03-04,android,
2159,Canada,2025-02-25,android,
2160,Germany,2025-02-11,android,
2161,Canada,2025-03-02,android,
2162,Australia,2025-02-11,ios,A
2163,USA,2025-02-25,android,
2164,Brazil,2025-02-05,ios,B
2165,Australia,2025-03-25,ios,
2166,Germany,2025-03-09,ios,
2167,India,2025-01-07,android,
2168,India,2025-02-23,android,B
2169,UK,2025-01-01,web,
2170,Australia,2025-02-13,android,
2171,USA,2025-02-14,android,
2172,Brazil,2025-02-16,android,B
2173,Australia,2025-01-13,ios,B
2174,Australia,2025-01-22,web,A
2175,Brazil,2025-01-21,android,
2176,USA,2025-03-27,web,
2177,UK,2025-01-09,ios,
2178,India,2025-01-26,web,
2179,Brazil,2025-01-09,web,
2180,USA,2025-01-15,web,
2181,UK,2025-01-10,web,
2182,India,2025-03-29,web,B
2183,USA,2025-02-11,ios,
2184,UK,2025-03-13,android,
2185,Germany,2025-01-24,web,
2186,Australia,2025-03-21,ios,B
2187,Australia,2025-02-18,ios,
2188,Australia,2025-01-26,android,A
2189,Australia,2025-02-06,ios,
2190,USA,2025-03-09,android,
2191,Brazil,2025-02-19,web,
2192,USA,2025-01-24,ios,
2193,India,2025-01-19,ios,B
2194,USA,2025-03-01,ios,B
2195,Australia,2025-02-08,web,
2196,Canada,2025-03-15,android,
2197,India,2025-03-30,android,
2198,UK,2025-01-18,ios,
2199,Germany,2025-01-19,ios,
2200,India,2025-02-05,web,
2201,Australia,2025-03-15,web,
2202,UK,2025-02-24,android,
2203,UK,2025-03-10,ios,
2204,Germany,2025-02-16,ios,
2205,Brazil,2025-02-18,ios,
2206,Brazil,2025-02-02,ios,
2207,USA,2025-01-21,web,A
2208,Brazil,2025-03-22,web,
2209,USA,2025-01-22,android,
2210,India,2025-02-17,ios,
2211,Australia,2025-02-06,web,
2212,Canada,2025-01-15,ios,
2213,Canada,2025-02-04,android,
2214,Canada,2025-03-12,ios,
2215,Canada,2025-02-01,web,
2216,India,2025-01-11,web,
2217,USA,2025-01-10,android,
2218,Australia,2025-03-14,android,A
2219,Germany,2025-03-19,ios,A
2220,Germany,2025-03-18,ios,A
2221,Brazil,2025-02-26,web,
2222,Australia,2025-01-25,web,B
2223,India,2025-01-02,web,
2224,India,2025-03-05,android,B
2225,Canada,2025-02-04,android,
2226,Germany,2025-01-07,android,A
2227,Australia,2025-03-26,ios,
2228,UK,2025-01-18,android,
2229,Germany,2025-03-08,ios,
2230,Germany,2025-02-11,ios,
2231,UK,2025-02-08,ios,
2232,Brazil,2025-02-10,android,
2233,USA,2025-03-16,web,
2234,Brazil,2025-01-24,android,
2235,Canada,2025-03-01,android,B
2236,UK,2025-02-15,android,B
2237,Australia,2025-01-19,ios,
2238,Australia,2025-03-09,web,
2239,UK,2025-03-31,android,
2240,Brazil,2025-02-11,android,
2241,Canada,2025-02-01,ios,
2242,Australia,2025-02-08,android,
2243,Canada,2025-02-05,android,B
2244,USA,2025-02-05,ios,B
2245,Brazil,2025-01-03,android,
2246,India,2025-03-14,web,A
2247,India,2025-01-08,ios,B
2248,India,2025-03-11,web,
2249,USA,2025-02-10,android,
2250,Australia,2025-03-09,ios,
2251,Australia,2025-01-13,ios,
2252,USA,2025-02-18,android,
2253,UK,2025-03-01,web,
2254,Germany,2025-01-02,android,
2255,USA,2025-03-01,ios,
2256,Canada,2025-01-05,ios,B
2257,Germany,2025-02-13,ios,B
2258,Australia,2025-01-27,android,
2259,India,2025-02-01,android,
2260,India,2025-01-21,android,B
2261,Germany,2025-01-08,web,
2262,Australia,2025-03-13,web,
2263,Brazil,2025-02-19,web,A
2264,UK,2025-03-08,ios,
2265,UK,2025-02-13,web,
2266,Australia,2025-02-27,ios,
2267,Brazil,2025-01-03,web,
2268,Canada,2025-03-27,web,A
2269,Germany,2025-03-11,ios,
2270,Germany,2025-01-02,android,
2271,USA,2025-03-28,web,
2272,India,2025-02-13,ios,
2273,India,2025-01-02,android,
2274,Germany,2025-03-22,android,
2275,USA,2025-02-04,android,
2276,Canada,2025-03-28,ios,
2277,Canada,2025-01-30,web,A
2278,USA,2025-01-08,web,
2279,UK,2025-01-22,web,
2280,UK,2025-02-13,android,
2281,Germany,2025-02-27,web,
2282,Canada,2025-02-05,ios,
2283,UK,2025-03-10,web,
2284,USA,2025-03-18,web,
2285,Brazil,2025-01-31,web,
2286,Australia,2025-02-16,web,
2287,Australia,2025-02-24,ios,
2288,India,2025-03-21,web,
2289,Germany,2025-03-03,android,A
2290,Canada,2025-01-30,web,
2291,UK,2025-02-24,android,
2292,Australia,2025-01-16,android,
2293,UK,2025-01-12,android,
2294,USA,2025-01-17,ios,A
2295,UK,2025-01-16,android,
2296,India,2025-01-12,android,
2297,Germany,2025-01-08,web,A
2298,UK,2025-03-25,ios,
2299,Brazil,2025-01-03,ios,
2300,Brazil,2025-01-16,ios,
2301,Canada,2025-01-30,android,B
2302,Canada,2025-01-23,android,
2303,Australia,2025-01-05,android,
2304,Germany,2025-03-25,web,B
2305,Brazil,2025-03-06,android,
2306,Brazil,2025-01-30,ios,
2307,Canada,2025-01-21,web,B
2308,Australia,2025-03-25,web,
2309,UK,2025-03-11,ios,
2310,Brazil,2025-01-22,android,A
2311,Australia,2025-03-23,web,A
2312,UK,2025-03-13,ios,
2313,India,2025-02-01,android,
2314,USA,2025-02-02,web,
2315,Australia,2025-01-16,web,
2316,Canada,2025-03-17,web,
2317,UK,2025-02-07,web,
2318,USA,2025-01-14,web,
2319,UK,2025-02-05,android,
2320,Australia,2025-01-23,ios,B
2321,UK,2025-03-07,web,
2322,Australia,2025-03-26,ios,
2323,Germany,2025-01-02,ios,
2324,UK,2025-03-14,ios,
2325,Brazil,2025-03-06,android,A
2326,Australia,2025-03-16,ios,
2327,Brazil,2025-03-08,ios,
2328,UK,2025-02-21,ios,B
2329,Canada,2025-03-03,web,B
2330,Canada,2025-01-23,web,
2331,Canada,2025-01-26,ios,
2332,India,2025-03-09,android,
2333,Brazil,2025-03-23,web,
2334,USA,2025-02-24,web,
2335,India,2025-01-06,ios,A
2336,USA,2025-02-04,ios,
2337,Australia,2025-01-22,android,
2338,UK,2025-02-12,web,
2339,UK,2025-01-15,ios,
2340,UK,2025-03-27,web,
2341,Brazil,2025-03-01,ios,
2342,Canada,2025-01-12,ios,
2343,India,2025-02-18,android,
2344,USA,2025-02-11,web,A
2345,Australia,2025-02-07,web,
2346,Germany,2025-03-23,ios,
2347,Canada,2025-02-14,android,A
2348,India,2025-02-04,android,B
2349,USA,2025-01-30,android,
2350,Australia,2025-03-29,web,
2351,Germany,2025-01-30,ios,
2352,India,2025-03-19,ios,
2353,India,2025-01-06,android,B
2354,Canada,2025-03-08,android,
2355,UK,2025-03-21,android,
2356,Canada,2025-01-07,web,
2357,India,2025-02-21,ios,B
2358,Canada,2025-01-14,android,
2359,Canada,2025-03-14,android,
2360,Australia,2025-01-15,ios,A
2361,Canada,2025-01-21,web,
2362,Australia,2025-02-04,web,
2363,USA,2025-03-07,web,A
2364,UK,2025-01-02,ios,
2365,India,2025-02-04,web,
2366,Australia,2025-03-23,android,
2367,UK,2025-03-19,web,
2368,Germany,2025-01-20,ios,
2369,USA,2025-03-23,web,
2370,Germany,2025-01-10,ios,A
2371,USA,2025-01-25,ios,B
2372,Brazil,2025-03-07,web,
2373,Germany,2025-01-25,android,
2374,Australia,2025-02-23,ios,
2375,Brazil,2025-02-02,web,A
2376,Canada,2025-02-05,ios,A
2377,UK,2025-01-14,web,
2378,Germany,2025-03-06,android,
2379,India,2025-03-21,ios,
2380,Canada,2025-02-23,android,A
2381,USA,2025-02-21,android,
2382,India,2025-01-03,android,
2383,Australia,2025-02-10,android,
2384,India,2025-01-06,android,
2385,Canada,2025-01-25,web,
2386,UK,2025-01-13,android,A
2387,UK,2025-01-08,web,A
2388,India,2025-01-21,android,
2389,Canada,2025-03-09,android,
2390,India,2025-01-25,ios,B
2391,India,2025-03-20,web,
2392,USA,2025-03-09,android,
2393,UK,2025-02-14,android,
2394,Germany,2025-03-01,android,A
2395,UK,2025-01-12,web,
2396,India,2025-02-01,web,
2397,Australia,2025-01-13,web,B
2398,Germany,2025-01-31,ios,B
2399,Canada,2025-03-19,ios,A
2400,Australia,2025-01-20,android,
2401,Canada,2025-01-18,web,
2402,Germany,2025-03-01,web,
2403,Germany,2025-03-04,ios,
2404,UK,2025-01-06,android,
2405,India,2025-02-01,web,
2406,Canada,2025-02-12,web,
2407,Canada,2025-01-02,android,B
2408,Canada,2025-03-01,ios,
2409,Australia,2025-01-23,ios,
2410,India,2025-03-24,web,
2411,Australia,2025-01-31,android,
2412,Brazil,2025-01-05,android,
2413,USA,2025-03-24,android,
2414,UK,2025-02-03,web,A
2415,Canada,2025-01-10,ios,
2416,Australia,2025-03-30,ios,
2417,Brazil,2025-01-02,ios,A
2418,Brazil,2025-01-11,ios,
2419,Canada,2025-02-19,ios,
2420,Brazil,2025-01-31,web,
2421,Australia,2025-02-25,web,
2422,UK,2025-03-20,ios,
2423,USA,2025-03-14,ios,A
2424,Germany,2025-03-28,web,
2425,USA,2025-03-24,ios,A
2426,USA,2025-01-09,ios,
2427,Canada,2025-01-21,ios,
2428,Australia,2025-03-14,android,
2429,Canada,2025-01-28,ios,
2430,India,2025-03-03,android,B
2431,Brazil,2025-01-07,ios,
2432,Brazil,2025-03-21,ios,
2433,Germany,2025-01-16,web,
2434,India,2025-01-04,web,
2435,Germany,2025-01-04,web,
2436,Canada,2025-02-09,android,
2437,UK,2025-01-17,android,B
2438,India,2025-02-21,ios,
2439,Brazil,2025-02-21,android,
2440,Germany,2025-02-05,web,A
2441,India,2025-02-07,android,
2442,India,2025-02-19,ios,
2443,USA,2025-03-04,android,
2444,India,2025-03-04,web,
2445,India,2025-03-03,ios,
2446,Brazil,2025-01-07,android,
2447,UK,2025-01-27,ios,
2448,Germany,2025-03-27,ios,
2449,UK,2025-01-14,android,
2450,India,2025-03-12,ios,
2451,Australia,2025-03-27,android,
2452,Brazil,2025-01-05,web,
2453,Brazil,2025-02-24,web,B
2454,Brazil,2025-01-02,android,
2455,Brazil,2025-03-03,android,
2456,USA,2025-01-21,ios,
2457,India,2025-03-20,android,A
2458,Australia,2025-01-21,ios,B
2459,USA,2025-01-10,web,A
2460,Australia,2025-03-28,android,
2461,USA,2025-02-27,web,
2462,India,2025-02-08,android,
2463,Brazil,2025-01-05,web,
2464,Germany,2025-03-06,android,
2465,Brazil,2025-01-13,android,
2466,Brazil,2025-03-26,ios,B
2467,USA,2025-03-31,ios,
2468,UK,2025-03-26,android,
2469,Brazil,2025-02-22,ios,
2470,India,2025-03-23,android,A
2471,India,2025-02-14,android,
2472,India,2025-02-01,web,
2473,Australia,2025-02-05,ios,
2474,USA,2025-03-22,ios,
2475,Germany,2025-03-01,web,A
2476,Germany,2025-01-11,android,A
2477,Germany,2025-03-04,ios,
2478,Brazil,2025-01-21,android,
2479,Brazil,2025-02-21,ios,
2480,UK,2025-02-24,ios,
2481,UK,2025-01-26,android,
2482,UK,2025-03-09,android,
2483,USA,2025-02-03,ios,B
2484,Germany,2025-02-21,web,
2485,Brazil,2025-03-23,web,
2486,UK,2025-02-21,web,A
2487,USA,2025-01-29,web,
2488,Canada,2025-02-07,web,
2489,UK,2025-02-11,android,
2490,Brazil,2025-01-21,ios,
2491,UK,2025-02-11,web,
2492,Australia,2025-01-13,ios,
2493,Australia,2025-03-05,android,
2494,USA,2025-01-17,ios,A
2495,Canada,2025-01-09,android,B
2496,Canada,2025-02-10,ios,
2497,USA,2025-01-01,ios,
2498,UK,2025-01-02,android,A
2499,Brazil,2025-03-01,ios,
2500,USA,2025-02-17,android,B
2501,Australia,2025-01-29,ios,
2502,Germany,2025-01-10,ios,
2503,USA,2025-02-27,web,
2504,India,2025-03-01,ios,
2505,UK,2025-01-21,web,B
2506,Germany,2025-01-28,web,
2507,Brazil,2025-03-16,android,B
2508,Australia,2025-02-03,android,
2509,Germany,2025-01-08,ios,
2510,Canada,2025-02-28,android,
2511,Canada,2025-03-27,web,
2512,USA,2025-03-13,ios,
2513,USA,2025-02-18,android,
2514,India,2025-03-20,android,
2515,Australia,2025-01-17,android,
2516,Canada,2025-03-01,web,
2517,Germany,2025-03-28,android,A
2518,USA,2025-03-29,ios,
2519,Brazil,2025-02-14,ios,A
2520,Brazil,2025-03-24,ios,
2521,Canada,2025-03-10,web,
2522,Germany,2025-02-01,android,
2523,Germany,2025-02-13,ios,
2524,India,2025-03-06,android,
2525,Germany,2025-03-28,android,
2526,Brazil,2025-01-08,ios,
2527,Germany,2025-03-18,web,B
2528,USA,2025-03-13,ios,
2529,USA,2025-03-28,ios,
2530,Canada,2025-02-12,web,
2531,Canada,2025-01-01,android,
2532,Australia,2025-02-20,android,
2533,Germany,2025-01-24,web,B
2534,UK,2025-01-24,ios,
2535,Germany,2025-01-17,web,
2536,Australia,2025-01-05,ios,A
2537,India,2025-01-20,web,
2538,Brazil,2025-01-21,android,
2539,Brazil,2025-02-27,web,B
2540,Germany,2025-01-31,web,
2541,UK,2025-01-11,ios,B
2542,Brazil,2025-02-21,ios,
2543,Australia,2025-01-15,ios,
2544,Australia,2025-03-24,web,A
2545,Australia,2025-01-07,web,
2546,UK,2025-01-28,ios,
2547,Brazil,2025-02-20,android,
2548,USA,2025-02-27,ios,
2549,India,2025-01-05,web,
2550,Brazil,2025-01-05,web,A
2551,Germany,2025-01-08,ios,
2552,USA,2025-03-05,ios,
2553,UK,2025-01-10,web,A
2554,India,2025-02-07,web,
2555,Australia,2025-03-22,android,A
2556,UK,2025-01-08,ios,
2557,UK,2025-01-25,ios,
2558,Brazil,2025-03-14,android,
2559,USA,2025-03-07,web,
2560,India,2025-03-20,web,
2561,USA,2025-02-19,android,
2562,USA,2025-03-08,ios,
2563,Canada,2025-02-18,web,
2564,Brazil,2025-02-05,android,B
2565,UK,2025-03-09,android,
2566,USA,2025-03-19,android,
2567,UK,2025-02-10,web,
2568,USA,2025-03-30,web,
2569,India,2025-03-03,android,
2570,Germany,2025-01-10,android,
2571,Germany,2025-01-21,web,
2572,Germany,2025-02-05,web,
2573,Brazil,2025-01-12,web,B
2574,Brazil,2025-01-02,web,
2575,UK,2025-01-13,web,
2576,Brazil,2025-02-22,android,B
2577,Germany,2025-02-01,web,B
2578,Brazil,2025-01-16,web,
2579,Australia,2025-02-01,android,
2580,Germany,2025-02-01,android,
2581,USA,2025-01-11,ios,
2582,Australia,2025-01-10,web,
2583,Canada,2025-01-15,ios,A
2584,Germany,2025-01-17,ios,
2585,Germany,2025-02-09,android,
2586,India,2025-01-18,android,
2587,Canada,2025-02-24,ios,
2588,India,2025-03-14,ios,
2589,India,2025-01-25,ios,
2590,India,2025-02-28,ios,
2591,Australia,2025-03-19,web,
2592,Australia,2025-03-30,ios,
2593,Australia,2025-01-22,android,B
2594,Germany,2025-01-30,ios,
2595,UK,2025-03-25,ios,
2596,Australia,2025-03-26,android,
2597,India,2025-02-13,ios,
2598,Brazil,2025-02-01,android,
2599,Brazil,2025-02-20,web,
2600,Brazil,2025-02-15,web,
2601,Germany,2025-01-21,android,
2602,USA,2025-02-01,web,
2603,Australia,2025-02-08,web,A
2604,Canada,2025-01-12,web,
2605,Canada,2025-02-16,android,
2606,USA,2025-01-18,ios,
2607,Australia,2025-01-21,web,A
2608,India,2025-01-13,ios,
2609,Brazil,2025-01-21,ios,
2610,Canada,2025-01-08,web,A
2611,India,2025-02-15,web,
2612,Germany,2025-01-07,ios,
2613,Australia,2025-01-23,web,
2614,Brazil,2025-03-16,android,B
2615,India,2025-03-27,android,
2616,UK,2025-01-22,web,
2617,Germany,2025-03-30,ios,A
2618,Canada,2025-01-22,web,
2619,Canada,2025-01-29,android,
2620,Germany,2025-01-13,ios,
2621,Germany,2025-03-23,web,B
2622,UK,2025-01-02,android,
2623,Canada,2025-01-29,ios,B
2624,USA,2025-03-26,android,
2625,Canada,2025-03-20,web,
2626,USA,2025-02-21,web,
2627,UK,2025-01-27,android,
2628,Canada,2025-02-19,android,A
2629,USA,2025-03-20,android,
2630,UK,2025-01-23,android,
2631,India,2025-03-29,android,
2632,UK,2025-02-13,ios,
2633,USA,2025-03-18,web,
2634,Australia,2025-01-22,ios,
2635,UK,2025-02-12,android,
2636,UK,2025-02-06,ios,
2637,Australia,2025-03-02,web,
2638,Brazil,2025-02-25,android,
2639,UK,2025-01-03,android,
2640,USA,2025-03-04,web,
2641,Germany,2025-01-19,ios,
2642,India,2025-01-23,web,B
2643,UK,2025-01-29,web,
2644,USA,2025-01-30,ios,A
2645,Canada,2025-02-08,ios,A
2646,Canada,2025-01-25,android,
2647,USA,2025-01-08,android,
2648,Brazil,2025-02-27,android,
2649,Canada,2025-01-16,web,
2650,USA,2025-03-13,ios,
2651,Germany,2025-01-01,ios,
2652,USA,2025-01-05,android,
2653,Germany,2025-01-03,web,
2654,Canada,2025-03-06,web,
2655,India,2025-01-04,ios,
2656,Australia,2025-03-05,ios,
2657,Australia,2025-03-30,ios,
2658,UK,2025-01-10,ios,
2659,India,2025-01-21,web,
2660,UK,2025-02-15,android,
2661,Canada,2025-01-27,ios,A
2662,India,2025-03-07,ios,
2663,Germany,2025-02-10,ios,
2664,UK,2025-01-13,web,
2665,Australia,2025-01-09,android,
2666,UK,2025-02-05,web,
2667,India,2025-03-27,android,B
2668,Brazil,2025-03-31,web,B
2669,Canada,2025-02-27,ios,
2670,Brazil,2025-02-23,ios,
2671,India,2025-01-12,android,B
2672,USA,2025-03-22,web,
2673,Australia,2025-03-19,android,
2674,Australia,2025-01-14,web,
2675,India,2025-02-03,ios,
2676,Canada,2025-02-22,android,
2677,Australia,2025-01-20,android,
2678,Germany,2025-03-16,ios,
2679,Germany,2025-01-16,ios,
2680,USA,2025-03-11,ios,
2681,Canada,2025-02-25,ios,
2682,Brazil,2025-03-24,ios,A
2683,Germany,2025-02-27,ios,
2684,Australia,2025-01-04,web,
2685,Canada,2025-01-04,web,
2686,Germany,2025-01-20,android,
2687,Australia,2025-01-10,web,
2688,Australia,2025-01-24,android,
2689,UK,2025-01-26,web,
2690,Australia,2025-02-06,web,
2691,Canada,2025-03-26,ios,B
2692,UK,2025-02-23,web,
2693,USA,2025-01-21,web,
2694,Germany,2025-03-15,web,
2695,India,2025-02-07,ios,
2696,Brazil,2025-02-15,ios,
2697,USA,2025-01-04,web,A
2698,India,2025-03-01,android,
2699,India,2025-02-26,web,
2700,Australia,2025-02-14,ios,A
2701,USA,2025-01-20,ios,
2702,USA,2025-01-17,android,
2703,Australia,2025-03-12,ios,
2704,Germany,2025-01-04,ios,
2705,Brazil,2025-01-14,web,
2706,Australia,2025-01-03,android,A
2707,Canada,2025-03-29,ios,
2708,Germany,2025-03-21,ios,
2709,Australia,2025-02-27,web,
2710,Canada,2025-02-24,web,
2711,Canada,2025-01-04,web,
2712,India,2025-01-24,web,
2713,Canada,2025-02-03,android,
2714,Germany,2025-01-30,web,B
2715,Germany,2025-03-23,android,A
2716,Brazil,2025-01-19,ios,
2717,UK,2025-01-31,ios,B
2718,Brazil,2025-03-01,web,
2719,Australia,2025-03-01,web,A
2720,Australia,2025-01-19,web,
2721,Germany,2025-02-18,ios,
2722,UK,2025-03-04,ios,A
2723,Canada,2025-03-24,ios,A
2724,India,2025-01-22,android,
2725,Australia,2025-01-24,ios,
2726,Australia,2025-03-17,web,
2727,Brazil,2025-01-30,android,B
2728,Australia,2025-02-27,android,
2729,USA,2025-01-31,android,B
2730,India,2025-03-05,ios,
2731,UK,2025-01-19,ios,
2732,India,2025-02-17,ios,
2733,USA,2025-02-14,ios,B
2734,USA,2025-02-24,web,A
2735,Australia,2025-02-24,android,A
2736,Brazil,2025-01-18,android,
2737,Canada,2025-03-04,android,
2738,Brazil,2025-02-16,android,
2739,Germany,2025-03-16,android,
2740,Germany,2025-02-26,web,
2741,India,2025-02-14,web,
2742,Australia,2025-02-02,android,
2743,USA,2025-01-17,android,
2744,Australia,2025-03-11,ios,A
2745,India,2025-01-04,android,A
2746,UK,2025-01-20,web,
2747,UK,2025-02-16,ios,
2748,Germany,2025-01-15,web,
2749,Canada,2025-03-11,ios,
2750,India,2025-02-16,ios,
2751,UK,2025-03-19,android,A
2752,Germany,2025-03-16,web,
2753,India,2025-01-09,web,
2754,Australia,2025-03-31,android,
2755,USA,2025-01-16,ios,
2756,UK,2025-03-10,ios,
2757,Canada,2025-03-02,web,
2758,UK,2025-01-10,android,
2759,Australia,2025-02-19,android,
2760,USA,2025-01-03,web,
2761,Australia,2025-03-18,ios,A
2762,Germany,2025-03-11,ios,
2763,UK,2025-03-22,android,
2764,USA,2025-02-20,ios,
2765,Australia,2025-01-19,ios,A
2766,Germany,2025-02-11,ios,
2767,Brazil,2025-02-04,web,
2768,Germany,2025-02-15,android,
2769,UK,2025-01-26,web,
2770,Germany,2025-03-10,web,
2771,Canada,2025-03-05,ios,
2772,UK,2025-02-06,android,
2773,Germany,2025-03-25,ios,B
2774,Brazil,2025-02-18,android,
2775,Germany,2025-01-21,ios,
2776,Brazil,2025-03-15,android,
2777,UK,2025-03-05,android,
2778,Australia,2025-01-05,ios,
2779,Germany,2025-03-11,ios,
2780,USA,2025-03-31,web,
2781,Australia,2025-01-04,web,
2782,Canada,2025-02-08,android,
2783,Brazil,2025-02-04,ios,
2784,India,2025-01-01,ios,
2785,Brazil,2025-01-24,web,
2786,Germany,2025-02-26,ios,A
2787,Brazil,2025-03-11,android,A
2788,Germany,2025-02-10,android,B
2789,UK,2025-02-23,android,
2790,UK,2025-02-15,web,
2791,Canada,2025-03-01,android,
2792,USA,2025-03-01,web,
2793,India,2025-02-26,web,
2794,Canada,2025-01-31,android,
2795,UK,2025-03-25,web,
2796,USA,2025-01-24,web,
2797,India,2025-03-30,android,
2798,USA,2025-02-05,android,
2799,UK,2025-03-26,web,
2800,Canada,2025-01-30,web,
2801,India,2025-01-24,ios,
2802,UK,2025-01-30,android,A
2803,Germany,2025-03-27,ios,
2804,Canada,2025-01-07,web,
2805,India,2025-02-04,ios,
2806,USA,2025-02-24,web,B
2807,Germany,2025-01-14,ios,
2808,USA,2025-01-10,web,
2809,UK,2025-03-21,web,
2810,Australia,2025-01-16,web,
2811,UK,2025-02-23,android,
2812,Germany,2025-03-30,web,
2813,Germany,2025-03-18,android,
2814,India,2025-03-11,web,
2815,USA,2025-02-13,ios,
2816,Brazil,2025-03-14,web,
2817,UK,2025-02-14,web,
2818,Brazil,2025-02-25,ios,B
2819,Brazil,2025-03-25,web,B
2820,Germany,2025-03-23,web,
2821,Australia,2025-02-26,web,
2822,USA,2025-01-21,ios,B
2823,Brazil,2025-03-09,web,
2824,USA,2025-02-19,android,
2825,Germany,2025-02-02,android,B
2826,Australia,2025-01-07,android,
2827,Canada,2025-03-11,android,
2828,Canada,2025-01-15,ios,
2829,Canada,2025-03-23,web,
2830,Canada,2025-02-01,android,
2831,Brazil,2025-03-16,web,
2832,Brazil,2025-01-20,web,
2833,UK,2025-03-29,ios,
2834,Australia,2025-01-15,web,
2835,Australia,2025-02-17,android,
2836,Brazil,2025-03-12,android,
2837,India,2025-01-21,ios,A
2838,Germany,2025-02-11,android,B
2839,India,2025-01-26,android,B
2840,Canada,2025-01-14,ios,
2841,Brazil,2025-02-26,ios,
2842,Brazil,2025-02-06,android,
2843,India,2025-02-27,ios,
2844,Australia,2025-01-21,ios,A
2845,UK,2025-03-23,android,
2846,UK,2025-03-10,android,B
2847,India,2025-01-03,ios,
2848,India,2025-03-28,web,
2849,Germany,2025-03-31,web,
2850,UK,2025-02-06,android,
2851,Canada,2025-03-29,android,
2852,Australia,2025-02-18,web,
2853,USA,2025-01-19,ios,A
2854,Canada,2025-03-30,web,
2855,Brazil,2025-03-26,web,
2856,Brazil,2025-01-12,android,
2857,India,2025-03-02,ios,
2858,Canada,2025-02-10,web,
2859,USA,2025-02-02,ios,
2860,UK,2025-02-19,android,
2861,Australia,2025-03-09,web,A
2862,UK,2025-03-12,android,
2863,UK,2025-03-27,web,A
2864,Canada,2025-02-02,ios,
2865,India,2025-03-22,android,
2866,India,2025-01-24,ios,
2867,Brazil,2025-03-02,web,A
2868,Canada,2025-03-02,android,A
2869,Brazil,2025-01-28,ios,
2870,UK,2025-02-27,ios,
2871,Australia,2025-02-12,web,B
2872,Brazil,2025-02-10,android,
2873,Brazil,2025-02-08,ios,
2874,UK,2025-03-27,android,
2875,India,2025-02-18,android,
2876,Brazil,2025-01-17,android,
2877,India,2025-03-11,android,
2878,USA,2025-03-11,web,
2879,India,2025-03-06,ios,A
2880,Germany,2025-03-15,android,
2881,Germany,2025-03-26,ios,
2882,UK,2025-01-05,ios,
2883,Germany,2025-01-02,ios,
2884,USA,2025-01-22,web,
2885,Australia,2025-02-26,android,
2886,Australia,2025-03-07,android,
2887,India,2025-03-15,ios,
2888,Australia,2025-01-16,ios,
2889,India,2025-02-20,web,B
2890,Canada,2025-02-08,web,
2891,Brazil,2025-03-27,ios,
2892,Brazil,2025-03-17,android,A
2893,Brazil,2025-03-29,web,
2894,India,2025-02-09,android,
2895,India,2025-02-07,web,A
2896,Canada,2025-03-01,android,B
2897,Brazil,2025-02-28,ios,B
2898,Canada,2025-01-10,web,
2899,Australia,2025-03-05,ios,B
2900,India,2025-03-04,web,
2901,Australia,2025-02-18,ios,
2902,USA,2025-03-05,web,
2903,Brazil,2025-02-01,web,A
2904,Germany,2025-01-07,web,
2905,Brazil,2025-01-21,android,
2906,Germany,2025-01-20,android,
2907,UK,2025-01-26,web,
2908,Australia,2025-03-09,ios,
2909,Australia,2025-03-27,ios,A
2910,Germany,2025-01-15,web,A
2911,Canada,2025-03-26,android,B
2912,USA,2025-03-20,android,
2913,India,2025-03-27,android,
2914,Australia,2025-01-14,android,B
2915,Canada,2025-01-27,ios,A
2916,Canada,2025-02-09,web,
2917,USA,2025-02-27,web,
2918,UK,2025-01-28,web,
2919,Canada,2025-01-26,ios,
2920,USA,2025-03-04,android,
2921,Australia,2025-03-07,android,
2922,USA,2025-01-25,ios,
2923,Australia,2025-01-03,ios,
2924,UK,2025-03-13,web,
2925,USA,2025-02-13,web,A
2926,UK,2025-02-11,ios,
2927,India,2025-01-06,ios,
2928,Australia,2025-02-08,ios,
2929,Brazil,2025-02-21,android,A
2930,India,2025-01-23,web,
2931,Australia,2025-03-30,ios,
2932,India,2025-02-19,ios,
2933,India,2025-02-12,android,
2934,USA,2025-01-19,ios,
2935,Australia,2025-03-10,web,
2936,Australia,2025-02-20,android,B
2937,India,2025-01-11,ios,
2938,UK,2025-01-12,web,
2939,UK,2025-03-15,web,B
2940,Canada,2025-01-08,android,
2941,Canada,2025-01-24,web,
2942,UK,2025-02-10,android,
2943,Canada,2025-02-05,web,
2944,UK,2025-03-26,ios,A
2945,Canada,2025-03-13,android,
2946,India,2025-02-24,web,
2947,Germany,2025-01-09,android,B
2948,Canada,2025-02-16,web,B
2949,Brazil,2025-01-15,android,
2950,Germany,2025-02-17,ios,
2951,USA,2025-03-23,android,
2952,Australia,2025-02-11,android,A
2953,Australia,2025-03-01,ios,A
2954,India,2025-03-25,web,
2955,Germany,2025-03-11,ios,
2956,India,2025-01-12,android,
2957,UK,2025-01-02,ios,
2958,USA,2025-01-07,ios,
2959,Germany,2025-03-21,android,B
2960,Brazil,2025-01-03,android,
2961,UK,2025-01-03,ios,B
2962,Canada,2025-01-27,android,
2963,Australia,2025-02-09,web,B
2964,UK,2025-02-02,web,
2965,Canada,2025-01-01,web,
2966,Canada,2025-01-08,web,
2967,USA,2025-02-01,ios,B
2968,Canada,2025-02-17,ios,
2969,UK,2025-01-04,ios,
2970,Australia,2025-03-11,android,
2971,UK,2025-01-19,ios,
2972,Canada,2025-02-01,ios,
2973,Germany,2025-01-09,android,
2974,UK,2025-01-12,android,A
2975,Australia,2025-01-11,android,
2976,USA,2025-02-15,web,
2977,Canada,2025-01-16,ios,
2978,India,2025-01-01,ios,A
2979,USA,2025-03-04,ios,
2980,Australia,2025-01-21,android,
2981,USA,2025-01-30,ios,
2982,India,2025-01-13,web,B
2983,Germany,2025-02-03,ios,
2984,Brazil,2025-01-04,ios,
2985,Australia,2025-01-28,android,
2986,Canada,2025-02-28,web,
2987,Canada,2025-01-27,ios,
2988,Brazil,2025-03-10,android,
2989,USA,2025-01-25,web,
2990,Germany,2025-01-03,web,
2991,Australia,2025-03-09,android,
2992,Australia,2025-01-25,android,A
2993,Germany,2025-01-20,android,A
2994,Germany,2025-02-03,android,
2995,Germany,2025-01-26,android,
2996,USA,2025-01-05,android,A
2997,Canada,2025-03-02,ios,B
2998,UK,2025-01-09,android,B
2999,Canada,2025-02-19,android,
3000,Brazil,2025-01-06,web,
3001,Brazil,2025-03-24,web,
3002,Canada,2025-03-01,web,A
3003,India,2025-02-13,android,
3004,Australia,2025-01-11,android,
3005,USA,2025-03-07,ios,
3006,Brazil,2025-02-16,ios,
3007,Australia,2025-03-14,ios,
3008,USA,2025-03-26,ios,
3009,Canada,2025-03-29,android,
3010,USA,2025-03-27,web,
3011,Canada,2025-01-03,android,
3012,Germany,2025-03-17,android,
3013,India,2025-01-30,android,
3014,USA,2025-03-31,android,
3015,Canada,2025-01-21,web,
3016,Brazil,2025-01-28,web,
3017,Brazil,2025-03-31,ios,
3018,Australia,2025-03-03,android,
3019,India,2025-02-02,ios,B
3020,USA,2025-03-26,web,
3021,Germany,2025-02-04,web,
3022,India,2025-02-21,ios,
3023,USA,2025-02-03,web,
3024,India,2025-02-10,web,
3025,Germany,2025-02-20,android,A
3026,UK,2025-02-16,android,
3027,Australia,2025-03-23,web,
3028,UK,2025-02-27,web,B
3029,UK,2025-03-16,ios,
3030,Germany,2025-02-26,ios,
3031,Germany,2025-01-23,web,
3032,Australia,2025-02-17,android,
3033,India,2025-01-22,android,
3034,Canada,2025-01-17,ios,
3035,Brazil,2025-03-10,android,A
3036,Germany,2025-01-11,android,
3037,Germany,2025-01-15,ios,
3038,UK,2025-02-04,ios,
3039,UK,2025-02-02,android,
3040,Canada,2025-03-25,ios,
3041,UK,2025-01-16,web,
3042,Brazil,2025-02-03,ios,
3043,UK,2025-03-07,web,
3044,UK,2025-02-09,web,B
3045,Canada,2025-01-28,web,
3046,Australia,2025-02-16,ios,
3047,Brazil,2025-02-08,ios,
3048,UK,2025-03-11,ios,
3049,India,2025-03-14,web,
3050,Australia,2025-01-20,ios,
3051,India,2025-01-01,android,
3052,Australia,2025-03-13,android,
3053,USA,2025-03-28,ios,A
3054,India,2025-03-04,web,
3055,Australia,2025-03-08,ios,A
3056,Brazil,2025-01-04,android,
3057,UK,2025-02-27,web,
3058,USA,2025-01-25,ios,B
3059,Germany,2025-02-16,ios,
3060,Canada,2025-02-07,web,B
3061,Canada,2025-01-15,web,B
3062,Germany,2025-03-04,android,
3063,India,2025-01-21,ios,
3064,USA,2025-02-26,android,B
3065,Germany,2025-02-22,android,
3066,Germany,2025-02-15,web,A
3067,Germany,2025-01-14,ios,
3068,India,2025-03-17,android,
3069,India,2025-01-17,android,
3070,USA,2025-02-08,web,
3071,India,2025-01-09,ios,
3072,India,2025-03-18,ios,B
3073,Brazil,2025-03-20,android,B
3074,India,2025-03-23,web,
3075,USA,2025-01-06,ios,
3076,India,2025-01-23,ios,
3077,Canada,2025-02-28,android,
3078,Canada,2025-02-15,ios,
3079,India,2025-02-07,ios,
3080,Brazil,2025-01-14,ios,
3081,Canada,2025-03-13,ios,
3082,USA,2025-03-03,android,
3083,Canada,2025-02-04,ios,
3084,Germany,2025-01-19,ios,
3085,Brazil,2025-01-30,web,
3086,India,2025-03-19,android,
3087,UK,2025-03-25,ios,
3088,Brazil,2025-01-25,web,
3089,Brazil,2025-02-09,android,
3090,USA,2025-03-29,ios,
3091,Germany,2025-01-14,web,
3092,Germany,2025-01-26,android,A
3093,Germany,2025-03-28,ios,
3094,Brazil,2025-01-22,web,
3095,UK,2025-02-17,android,
3096,USA,2025-03-24,web,
3097,UK,2025-02-20,web,
3098,Germany,2025-01-03,ios,
3099,Brazil,2025-02-11,web,
3100,Germany,2025-01-19,ios,B
3101,UK,2025-03-14,ios,
3102,Germany,2025-01-28,web,
3103,India,2025-03-25,web,A
3104,USA,2025-02-14,web,A
3105,UK,2025-03-12,web,
3106,India,2025-03-19,android,
3107,Germany,2025-03-04,ios,
3108,USA,2025-03-14,web,
3109,USA,2025-01-19,android,
3110,USA,2025-02-16,web,A
3111,Brazil,2025-01-14,android,
3112,USA,2025-02-07,ios,
3113,India,2025-02-22,web,
3114,UK,2025-03-02,android,
3115,India,2025-02-05,android,
3116,Germany,2025-02-09,ios,
3117,Brazil,2025-03-22,web,
3118,Brazil,2025-01-30,web,
3119,Germany,2025-01-09,ios,
3120,UK,2025-03-05,ios,
3121,Brazil,2025-02-02,ios,
3122,Germany,2025-02-21,android,
3123,Germany,2025-03-30,android,
3124,Australia,2025-01-14,ios,A
3125,Australia,2025-03-16,web,
3126,Germany,2025-02-22,android,
3127,Australia,2025-02-28,ios,A
3128,Australia,2025-03-19,android,A
3129,Germany,2025-02-10,android,
3130,USA,2025-03-09,ios,
3131,UK,2025-03-09,web,
3132,Canada,2025-01-08,web,
3133,Germany,2025-01-02,android,
3134,Australia,2025-03-27,web,B
3135,Australia,2025-02-10,web,A
3136,USA,2025-02-24,ios,
3137,USA,2025-01-16,ios,
3138,India,2025-03-03,ios,A
3139,Canada,2025-02-17,web,
3140,Germany,2025-01-30,web,
3141,USA,2025-01-12,ios,
3142,Canada,2025-02-04,web,
3143,India,2025-01-11,ios,
3144,India,2025-03-05,android,B
3145,Australia,2025-02-19,android,
3146,Germany,2025-03-26,web,
3147,Australia,2025-01-21,web,
3148,Brazil,2025-03-10,web,
3149,USA,2025-02-17,web,B
3150,Brazil,2025-01-20,android,
3151,India,2025-03-08,ios,
3152,Brazil,2025-02-13,android,
3153,Brazil,2025-02-02,ios,
3154,Germany,2025-03-14,web,
3155,India,2025-03-02,ios,
3156,UK,2025-01-09,ios,A
3157,USA,2025-03-09,ios,
3158,Australia,2025-02-04,ios,
3159,Germany,2025-03-22,android,B
3160,Germany,2025-03-29,web,A
3161,UK,2025-03-06,web,
3162,Germany,2025-01-08,ios,
3163,India,2025-02-14,web,A
3164,Germany,2025-03-28,android,
3165,Germany,2025-02-16,ios,A
3166,UK,2025-02-09,web,
3167,USA,2025-03-17,web,
3168,Canada,2025-02-23,ios,
3169,USA,2025-03-17,android,A
3170,Brazil,2025-02-15,ios,
3171,Australia,2025-02-16,ios,B
3172,India,2025-01-15,web,
3173,UK,2025-01-19,web,
3174,Australia,2025-01-26,ios,
3175,USA,2025-02-21,ios,A
3176,UK,2025-01-22,web,
3177,Canada,2025-01-21,ios,
3178,Brazil,2025-02-20,android,
3179,Australia,2025-02-07,ios,
3180,Australia,2025-01-20,android,
3181,USA,2025-01-29,ios,A
3182,UK,2025-02-20,ios,A
3183,Canada,2025-01-04,ios,
3184,India,2025-02-24,web,
3185,Australia,2025-03-12,web,
3186,India,2025-01-28,web,
3187,Brazil,2025-01-04,web,
3188,USA,2025-01-22,web,B
3189,USA,2025-03-17,web,
3190,Australia,2025-02-14,ios,
3191,India,2025-03-08,android,
3192,Canada,2025-03-27,web,A
3193,Australia,2025-03-07,web,A
3194,Brazil,2025-03-29,ios,
3195,Germany,2025-02-03,web,
3196,Australia,2025-02-24,ios,
3197,India,2025-01-01,web,
3198,India,2025-03-13,android,B
3199,UK,2025-03-28,web,
3200,Brazil,2025-02-07,web,
3201,Germany,2025-01-06,ios,
3202,Canada,2025-03-27,web,
3203,Australia,2025-01-25,ios,
3204,Brazil,2025-03-23,android,
3205,Brazil,2025-01-17,web,
3206,India,2025-03-02,ios,A
3207,India,2025-01-12,android,
3208,India,2025-01-06,android,
3209,Australia,2025-03-31,ios,
3210,UK,2025-01-27,ios,
3211,Germany,2025-01-08,web,
3212,Canada,2025-03-24,android,A
3213,Canada,2025-03-06,android,B
3214,Germany,2025-02-26,ios,
3215,Australia,2025-02-09,android,
3216,Australia,2025-01-14,ios,B
3217,Brazil,2025-02-04,web,B
3218,Canada,2025-02-17,ios,
3219,Canada,2025-03-25,web,
3220,Canada,2025-02-25,ios,
3221,India,2025-02-18,web,
3222,Canada,2025-01-13,android,A
3223,Brazil,2025-03-02,ios,B
3224,India,2025-02-18,ios,
3225,Brazil,2025-02-15,ios,
3226,Brazil,2025-03-03,web,
3227,UK,2025-01-08,ios,
3228,Canada,2025-02-12,ios,
3229,UK,2025-01-20,android,
3230,Canada,2025-03-31,ios,
3231,Australia,2025-02-08,ios,
3232,Brazil,2025-03-26,ios,A
3233,Australia,2025-02-18,ios,B
3234,India,2025-03-05,android,
3235,Australia,2025-03-03,ios,
3236,Brazil,2025-02-23,ios,
3237,Australia,2025-01-09,android,
3238,India,2025-03-29,web,
3239,USA,2025-02-06,web,
3240,Germany,2025-02-18,android,B
3241,Brazil,2025-02-10,android,
3242,Australia,2025-01-17,web,B
3243,USA,2025-03-29,ios,
3244,Brazil,2025-01-21,web,
3245,UK,2025-02-20,ios,
3246,Germany,2025-02-28,android,
3247,Australia,2025-02-08,android,
3248,Brazil,2025-02-24,android,
3249,Canada,2025-02-10,web,
3250,Australia,2025-02-08,android,
3251,UK,2025-01-13,web,B
3252,UK,2025-03-05,ios,A
3253,USA,2025-01-11,ios,B
3254,Canada,2025-01-19,ios,
3255,UK,2025-01-11,android,
3256,Australia,2025-03-18,ios,
3257,Canada,2025-02-15,android,
3258,USA,2025-02-14,web,
3259,India,2025-01-01,android,
3260,India,2025-02-09,ios,
3261,India,2025-01-19,android,
3262,India,2025-03-17,android,
3263,Australia,2025-03-13,web,
3264,Australia,2025-03-13,android,
3265,Brazil,2025-03-02,ios,
3266,Australia,2025-01-12,android,
3267,Canada,2025-03-02,android,A
3268,USA,2025-02-02,ios,
3269,India,2025-02-14,android,
3270,UK,2025-03-31,web,B
3271,Canada,2025-03-10,ios,
3272,Australia,2025-01-08,ios,
3273,USA,2025-01-25,android,
3274,Australia,2025-02-15,web,
3275,Canada,2025-03-28,web,
3276,Canada,2025-01-30,ios,
3277,Canada,2025-02-16,ios,B
3278,Brazil,2025-03-28,android,
3279,Australia,2025-02-18,ios,
3280,India,2025-02-16,web,
3281,Australia,2025-03-25,android,
3282,USA,2025-03-23,android,
3283,Germany,2025-01-18,web,
3284,India,2025-03-07,web,
3285,USA,2025-03-09,ios,
3286,India,2025-02-02,web,
3287,Germany,2025-02-05,android,
3288,Australia,2025-03-23,android,
3289,UK,2025-01-19,web,
3290,UK,2025-01-28,ios,A
3291,Germany,2025-02-09,android,
3292,USA,2025-03-25,ios,
3293,Brazil,2025-03-17,web,
3294,India,2025-01-15,ios,A
3295,Brazil,2025-02-10,android,
3296,India,2025-02-08,web,
3297,Brazil,2025-01-02,android,B
3298,India,2025-03-04,android,
3299,UK,2025-01-29,web,
3300,Australia,2025-03-15,ios,
3301,India,2025-03-07,web,
3302,India,2025-02-20,android,
3303,Germany,2025-03-16,android,B
3304,Germany,2025-03-18,android,
3305,India,2025-01-10,web,
3306,India,2025-01-14,web,
3307,Australia,2025-03-23,web,
3308,USA,2025-02-20,web,
3309,UK,2025-03-14,ios,A
3310,India,2025-02-08,android,
3311,India,2025-01-28,ios,B
3312,Australia,2025-01-03,android,
3313,UK,2025-03-25,android,
3314,USA,2025-03-11,ios,
3315,Canada,2025-01-27,web,
3316,Germany,2025-01-02,android,
3317,Australia,2025-02-07,web,
3318,Australia,2025-01-03,ios,
3319,Germany,2025-01-16,android,
3320,UK,2025-02-09,web,
3321,India,2025-01-02,ios,
3322,Australia,2025-03-22,android,
3323,Canada,2025-02-10,ios,
3324,Germany,2025-01-12,web,
3325,India,2025-02-04,android,B
3326,Australia,2025-03-06,android,
3327,Brazil,2025-02-24,android,A
3328,India,2025-02-14,ios,
3329,Germany,2025-03-20,ios,
3330,India,2025-03-31,ios,
3331,Canada,2025-03-26,ios,
3332,India,2025-03-03,web,
3333,Canada,2025-02-18,ios,
3334,USA,2025-01-25,ios,
3335,USA,2025-01-23,ios,
3336,Canada,2025-01-24,web,B
3337,India,2025-02-07,web,
3338,Australia,2025-01-28,android,
3339,UK,2025-01-21,ios,A
3340,UK,2025-02-23,android,
3341,UK,2025-01-18,android,A
3342,UK,2025-02-05,web,B
3343,Germany,2025-02-14,web,
3344,UK,2025-03-14,android,
3345,Germany,2025-02-22,android,
3346,Australia,2025-01-30,ios,
3347,UK,2025-03-01,web,
3348,Canada,2025-02-01,web,
3349,India,2025-03-08,android,
3350,Canada,2025-03-08,web,
3351,UK,2025-01-28,android,A
3352,Australia,2025-02-13,android,
3353,Australia,2025-03-20,web,B
3354,India,2025-02-10,ios,B
3355,Canada,2025-03-04,web,B
3356,India,2025-01-23,android,B
3357,Canada,2025-03-16,android,
3358,USA,2025-02-17,ios,
3359,Australia,2025-02-01,android,
3360,Canada,2025-02-26,ios,
3361,Canada,2025-02-02,web,
3362,Brazil,2025-01-24,ios,
3363,Canada,2025-02-08,android,
3364,Brazil,2025-02-03,android,
3365,Canada,2025-02-25,ios,
3366,India,2025-01-28,web,
3367,Australia,2025-02-06,ios,
3368,Canada,2025-01-07,android,B
3369,Brazil,2025-03-09,web,
3370,Brazil,2025-02-06,ios,
3371,UK,2025-02-25,ios,
3372,Australia,2025-03-06,ios,B
3373,Brazil,2025-03-06,android,
3374,Brazil,2025-02-16,android,
3375,Brazil,2025-01-20,android,
3376,Canada,2025-01-19,web,
3377,USA,2025-01-29,web,
3378,Brazil,2025-03-15,web,
3379,UK,2025-03-01,android,
3380,Australia,2025-01-18,web,
3381,Germany,2025-02-04,web,A
3382,Australia,2025-02-12,ios,
3383,USA,2025-01-11,android,
3384,UK,2025-02-18,ios,
3385,Australia,2025-02-07,android,
3386,India,2025-03-05,android,
3387,UK,2025-03-10,web,
3388,Germany,2025-01-08,ios,
3389,USA,2025-02-03,ios,A
3390,Germany,2025-02-17,web,
3391,Canada,2025-02-25,ios,A
3392,India,2025-03-17,ios,
3393,India,2025-03-06,android,
3394,Canada,2025-01-31,ios,A
3395,India,2025-01-04,ios,
3396,Canada,2025-02-19,android,
3397,Australia,2025-03-10,web,A
3398,Canada,2025-01-30,android,
3399,Canada,2025-03-29,web,
3400,UK,2025-02-28,web,
3401,UK,2025-03-08,android,
3402,Australia,2025-03-16,android,
3403,Brazil,2025-02-14,web,
3404,India,2025-01-04,android,
3405,Germany,2025-01-26,android,
3406,India,2025-01-27,ios,
3407,USA,2025-02-15,android,A
3408,UK,2025-03-05,android,
3409,India,2025-02-20,ios,B
3410,Brazil,2025-02-19,web,
3411,India,2025-01-06,web,A
3412,Brazil,2025-02-28,android,
3413,UK,2025-01-15,android,
3414,UK,2025-01-30,web,
3415,Brazil,2025-02-11,android,A
3416,Canada,2025-02-06,web,
3417,Australia,2025-02-11,web,
3418,USA,2025-02-04,ios,
3419,Canada,2025-03-28,ios,
3420,Australia,2025-01-06,android,
3421,Canada,2025-03-09,android,
3422,UK,2025-01-18,web,
3423,Brazil,2025-03-14,android,
3424,UK,2025-01-29,ios,
3425,India,2025-03-18,web,
3426,Germany,2025-02-28,web,
3427,USA,2025-02-16,android,B
3428,Germany,2025-01-17,web,
3429,USA,2025-01-22,web,
3430,India,2025-03-09,web,
3431,Australia,2025-03-10,ios,
3432,Brazil,2025-02-06,web,
3433,Canada,2025-02-18,ios,
3434,Brazil,2025-01-13,web,
3435,Brazil,2025-02-03,android,
3436,India,2025-03-27,android,A
3437,Canada,2025-02-22,web,
3438,Germany,2025-03-28,android,
3439,Australia,2025-02-20,ios,
3440,UK,2025-01-03,web,
3441,Canada,2025-02-11,ios,
3442,Canada,2025-02-01,web,
3443,Brazil,2025-02-20,ios,B
3444,UK,2025-03-26,android,
3445,Germany,2025-02-15,ios,
3446,UK,2025-01-21,ios,B
3447,UK,2025-02-13,android,B
3448,Canada,2025-01-11,android,B
3449,UK,2025-03-09,web,A
3450,India,2025-01-01,web,
3451,Germany,2025-03-04,ios,
3452,Australia,2025-01-24,web,
3453,UK,2025-01-13,ios,
3454,Brazil,2025-01-11,web,
3455,Brazil,2025-02-20,android,
3456,Canada,2025-01-17,android,
3457,Germany,2025-03-23,android,A
3458,Canada,2025-03-27,android,
3459,India,2025-01-24,ios,A
3460,UK,2025-01-19,android,
3461,Australia,2025-02-06,android,
3462,India,2025-03-26,android,
3463,Germany,2025-01-08,android,
3464,USA,2025-01-28,web,
3465,Brazil,2025-01-05,ios,A
3466,UK,2025-01-17,ios,
3467,UK,2025-02-05,web,
3468,Germany,2025-01-19,web,
3469,Germany,2025-03-05,ios,
3470,Canada,2025-01-11,ios,
3471,Canada,2025-02-23,web,
3472,Canada,2025-02-14,android,
3473,India,2025-02-16,ios,
3474,Canada,2025-01-12,web,B
3475,Brazil,2025-01-21,android,B
3476,India,2025-01-11,android,
3477,Germany,2025-01-05,web,
3478,Brazil,2025-03-22,ios,A
3479,Germany,2025-02-25,ios,
3480,Canada,2025-01-20,android,
3481,India,2025-02-10,web,
3482,Canada,2025-02-15,android,
3483,India,2025-01-12,android,
3484,India,2025-03-11,android,
3485,USA,2025-01-17,web,
3486,India,2025-01-19,ios,
3487,UK,2025-01-26,android,
3488,India,2025-02-17,ios,A
3489,Canada,2025-02-21,ios,
3490,Germany,2025-03-11,web,
3491,Australia,2025-02-24,ios,B
3492,Canada,2025-03-16,ios,
3493,India,2025-02-02,android,B
3494,Germany,2025-03-03,web,A
3495,Germany,2025-03-29,web,A
3496,Canada,2025-01-23,android,
3497,Brazil,2025-01-15,android,
3498,Australia,2025-01-27,ios,
3499,USA,2025-03-16,ios,
3500,Australia,2025-03-05,web,
3501,Germany,2025-03-22,web,
3502,Germany,2025-02-20,ios,
3503,UK,2025-02-22,android,A
3504,India,2025-03-19,web,
3505,USA,2025-03-23,android,
3506,USA,2025-02-20,ios,
3507,Canada,2025-02-16,web,
3508,Australia,2025-01-04,web,B
3509,Brazil,2025-01-07,ios,
3510,Germany,2025-02-04,ios,
3511,Germany,2025-02-17,android,
3512,UK,2025-03-14,android,
3513,USA,2025-03-13,ios,
3514,India,2025-02-14,ios,
3515,Brazil,2025-03-22,ios,B
3516,Brazil,2025-03-22,web,B
3517,Brazil,2025-03-13,ios,
3518,Brazil,2025-01-19,web,
3519,Canada,2025-03-04,ios,
3520,USA,2025-02-07,web,
3521,Germany,2025-03-08,android,
3522,USA,2025-02-28,android,
3523,Canada,2025-03-10,web,
3524,Australia,2025-01-13,android,
3525,India,2025-02-16,android,
3526,Brazil,2025-03-02,web,A
3527,Canada,2025-01-31,ios,
3528,USA,2025-03-21,ios,
3529,India,2025-01-22,web,
3530,UK,2025-03-27,android,
3531,Australia,2025-02-12,ios,
3532,Brazil,2025-03-08,ios,
3533,Canada,2025-02-23,android,
3534,Germany,2025-01-10,web,
3535,Germany,2025-02-11,web,
3536,Germany,2025-03-05,ios,
3537,India,2025-01-21,web,
3538,USA,2025-03-21,android,
3539,Brazil,2025-03-17,web,
3540,Brazil,2025-03-07,web,
3541,Canada,2025-02-10,web,
3542,Brazil,2025-01-24,web,
3543,Brazil,2025-02-04,android,
3544,UK,2025-02-25,web,
3545,Australia,2025-01-30,ios,
3546,Canada,2025-02-26,web,
3547,Brazil,2025-02-16,ios,
3548,UK,2025-02-04,android,
3549,USA,2025-01-19,web,
3550,Germany,2025-01-08,ios,
3551,UK,2025-01-26,web,A
3552,Germany,2025-03-12,web,
3553,Germany,2025-01-30,ios,A
3554,Australia,2025-01-07,android,
3555,India,2025-03-08,android,
3556,UK,2025-03-06,android,
3557,Australia,2025-02-05,android,
3558,Brazil,2025-01-25,android,
3559,Canada,2025-02-06,android,
3560,India,2025-01-01,web,A
3561,Brazil,2025-01-15,web,
3562,Canada,2025-02-06,ios,
3563,Germany,2025-01-13,android,
3564,Australia,2025-01-08,android,
3565,India,2025-01-05,android,
3566,Brazil,2025-03-01,ios,
3567,Brazil,2025-03-14,web,B
3568,USA,2025-01-01,web,
3569,India,2025-02-05,android,
3570,India,2025-02-04,web,
3571,Germany,2025-03-07,web,
3572,Canada,2025-03-04,web,
3573,Australia,2025-01-23,android,
3574,Germany,2025-01-09,web,
3575,India,2025-02-03,web,
3576,Australia,2025-02-15,ios,
3577,USA,2025-03-19,android,
3578,Australia,2025-01-04,web,B
3579,USA,2025-01-30,android,
3580,Canada,2025-03-16,web,
3581,Australia,2025-03-13,android,
3582,Germany,2025-01-03,web,
3583,UK,2025-01-14,web,A
3584,Brazil,2025-03-01,ios,B
3585,Germany,2025-03-18,android,
3586,USA,2025-02-14,web,
3587,Australia,2025-02-03,ios,
3588,India,2025-02-14,ios,A
3589,USA,2025-03-02,android,
3590,India,2025-03-24,android,
3591,Germany,2025-01-16,ios,
3592,Brazil,2025-03-07,android,
3593,Canada,2025-02-09,android,
3594,Brazil,2025-01-17,android,
3595,Australia,2025-02-03,web,
3596,Germany,2025-01-16,android,
3597,Brazil,2025-03-01,android,A
3598,Brazil,2025-03-07,ios,
3599,Canada,2025-03-07,ios,B
3600,UK,2025-03-31,ios,
3601,UK,2025-01-13,android,
3602,Australia,2025-02-25,android,
3603,UK,2025-01-31,ios,
3604,India,2025-02-03,ios,A
3605,UK,2025-02-08,web,
3606,Germany,2025-03-08,web,
3607,Australia,2025-01-08,web,
3608,Canada,2025-03-28,android,A
3609,UK,2025-03-19,android,
3610,Canada,2025-02-24,ios,A
3611,Germany,2025-01-27,web,
3612,UK,2025-02-22,android,
3613,Brazil,2025-02-08,web,
3614,UK,2025-03-06,web,A
3615,Germany,2025-01-17,android,A
3616,Germany,2025-01-30,web,
3617,Canada,2025-02-22,ios,
3618,Germany,2025-01-13,ios,
3619,UK,2025-01-21,android,
3620,India,2025-01-19,web,
3621,Germany,2025-02-22,ios,
3622,Canada,2025-01-19,web,
3623,India,2025-02-26,ios,
3624,Australia,2025-01-25,ios,
3625,UK,2025-03-27,web,
3626,Canada,2025-01-31,android,
3627,India,2025-03-22,android,A
3628,India,2025-02-24,android,
3629,Germany,2025-01-23,web,B
3630,Canada,2025-02-01,web,
3631,UK,2025-03-03,web,B
3632,Germany,2025-03-15,android,
3633,Australia,2025-01-10,web,
3634,Brazil,2025-03-13,android,
3635,USA,2025-02-23,ios,
3636,India,2025-02-21,android,
3637,Australia,2025-01-20,android,B
3638,UK,2025-02-01,android,A
3639,India,2025-01-14,web,
3640,Australia,2025-02-19,android,
3641,UK,2025-01-28,ios,B
3642,Germany,2025-02-22,ios,
3643,USA,2025-01-24,ios,
3644,USA,2025-03-20,ios,
3645,USA,2025-01-22,ios,
3646,Australia,2025-01-30,ios,
3647,USA,2025-03-04,android,
3648,India,2025-01-04,web,
3649,UK,2025-03-18,web,
3650,Brazil,2025-02-28,ios,
3651,UK,2025-03-28,android,
3652,India,2025-01-08,ios,
3653,Canada,2025-03-23,ios,B
3654,Germany,2025-01-12,ios,
3655,Australia,2025-01-31,ios,
3656,Australia,2025-03-19,web,
3657,Brazil,2025-02-03,web,
3658,Australia,2025-03-23,android,
3659,Brazil,2025-03-16,android,
3660,Canada,2025-03-17,ios,B
3661,Brazil,2025-02-18,web,
3662,India,2025-03-20,ios,B
3663,Australia,2025-02-26,web,
3664,USA,2025-01-26,web,A
3665,Canada,2025-01-18,android,
3666,USA,2025-03-27,android,
3667,USA,2025-02-07,web,
3668,Australia,2025-03-22,android,
3669,Australia,2025-03-28,ios,
3670,UK,2025-03-29,web,
3671,USA,2025-02-19,web,
3672,Brazil,2025-01-08,web,
3673,USA,2025-02-10,ios,
3674,Canada,2025-01-06,web,
3675,Canada,2025-03-10,android,
3676,Brazil,2025-02-13,ios,
3677,Brazil,2025-03-05,web,
3678,UK,2025-01-29,ios,
3679,Canada,2025-01-28,ios,
3680,USA,2025-01-11,android,
3681,Germany,2025-03-06,android,B
3682,USA,2025-01-19,android,
3683,Germany,2025-01-09,web,
3684,Canada,2025-01-27,web,A
3685,UK,2025-02-03,android,
3686,India,2025-02-13,android,
3687,UK,2025-03-09,web,
3688,UK,2025-03-23,android,
3689,Germany,2025-01-15,ios,
3690,UK,2025-02-20,ios,B
3691,Brazil,2025-01-13,ios,
3692,UK,2025-03-24,web,B
3693,Canada,2025-02-18,android,
3694,UK,2025-03-11,ios,
3695,Germany,2025-02-25,web,
3696,Canada,2025-03-17,android,B
3697,UK,2025-02-20,android,
3698,UK,2025-02-06,ios,
3699,Canada,2025-01-17,android,
3700,Canada,2025-02-27,android,A
3701,Canada,2025-03-28,ios,
3702,USA,2025-03-31,ios,
3703,Canada,2025-01-29,android,
3704,Brazil,2025-02-02,web,
3705,Brazil,2025-03-01,web,B
3706,Brazil,2025-03-30,ios,
3707,UK,2025-02-24,android,
3708,Brazil,2025-01-10,ios,
3709,USA,2025-02-16,web,B
3710,India,2025-01-23,web,
3711,India,2025-03-26,android,
3712,Australia,2025-01-21,ios,
3713,USA,2025-01-13,ios,
3714,Australia,2025-02-02,web,B
3715,India,2025-01-24,ios,
3716,India,2025-01-11,ios,
3717,Germany,2025-01-17,ios,
3718,UK,2025-03-09,android,
3719,Germany,2025-02-16,web,B
3720,Australia,2025-01-25,ios,
3721,Germany,2025-03-14,android,B
3722,USA,2025-01-21,ios,
3723,India,2025-03-25,ios,
3724,USA,2025-03-24,web,
3725,Brazil,2025-03-24,android,
3726,Germany,2025-01-12,ios,A
3727,India,2025-02-06,web,
3728,UK,2025-02-11,android,
3729,Germany,2025-01-17,ios,B
3730,India,2025-02-17,web,B
3731,Brazil,2025-01-28,ios,
3732,USA,2025-02-10,ios,
3733,India,2025-02-16,android,
3734,India,2025-01-18,web,
3735,Germany,2025-03-19,android,
3736,India,2025-03-12,ios,A
3737,Brazil,2025-01-13,web,
3738,UK,2025-03-23,ios,
3739,Brazil,2025-01-13,ios,
3740,India,2025-01-31,ios,
3741,UK,2025-01-02,web,B
3742,Brazil,2025-01-16,ios,
3743,UK,2025-01-09,web,
3744,Canada,2025-03-14,ios,
3745,Germany,2025-02-07,android,
3746,India,2025-03-16,web,
3747,UK,2025-02-23,ios,B
3748,USA,2025-02-25,android,
3749,Germany,2025-03-27,web,
3750,India,2025-03-28,android,
3751,Germany,2025-02-14,ios,
3752,USA,2025-02-03,android,
3753,India,2025-01-09,ios,A
3754,Germany,2025-03-29,ios,
3755,Australia,2025-01-08,web,
3756,Germany,2025-01-07,ios,
3757,Australia,2025-02-05,ios,A
3758,UK,2025-01-18,web,
3759,UK,2025-01-03,web,
3760,Germany,2025-01-28,ios,
3761,UK,2025-03-11,ios,
3762,India,2025-02-13,web,
3763,UK,2025-01-21,web,B
3764,India,2025-01-28,android,
3765,India,2025-02-23,android,
3766,India,2025-02-23,android,A
3767,India,2025-03-06,web,
3768,Germany,2025-01-21,web,
3769,Brazil,2025-01-13,web,
3770,Brazil,2025-02-26,android,
3771,Australia,2025-02-18,ios,B
3772,Australia,2025-02-23,ios,
3773,Australia,2025-01-10,ios,
3774,India,2025-02-22,web,
3775,Brazil,2025-02-13,ios,
3776,India,2025-02-16,ios,
3777,Brazil,2025-02-22,web,
3778,Canada,2025-03-15,web,
3779,USA,2025-02-15,web,
3780,UK,2025-01-13,web,
3781,Australia,2025-02-06,web,A
3782,Brazil,2025-01-24,android,
3783,India,2025-01-02,web,B
3784,UK,2025-03-27,ios,
3785,UK,2025-03-22,ios,
3786,Germany,2025-01-14,android,
3787,Australia,2025-01-10,web,A
3788,Germany,2025-02-04,ios,
3789,Brazil,2025-01-25,ios,
3790,Germany,2025-01-03,web,
3791,Australia,2025-01-17,android,
3792,India,2025-01-12,web,
3793,Germany,2025-02-23,web,
3794,USA,2025-01-24,web,
3795,Brazil,2025-01-29,web,
3796,UK,2025-02-12,web,
3797,Canada,2025-01-25,android,
3798,UK,2025-03-01,ios,
3799,USA,2025-03-31,web,
3800,India,2025-03-06,ios,B
3801,Australia,2025-03-25,ios,
3802,Australia,2025-01-28,web,
3803,UK,2025-01-16,ios,
3804,USA,2025-02-16,web,B
3805,Germany,2025-03-22,web,
3806,Brazil,2025-02-27,web,A
3807,Australia,2025-03-17,android,
3808,USA,2025-01-27,web,
3809,USA,2025-02-22,web,
3810,Germany,2025-02-11,ios,
3811,Australia,2025-02-28,android,
3812,India,2025-02-16,ios,A
3813,Canada,2025-02-03,ios,
3814,Canada,2025-02-06,web,
3815,Australia,2025-01-06,android,
3816,Germany,2025-01-07,android,B
3817,Australia,2025-01-25,web,B
3818,Australia,2025-02-02,android,B
3819,Germany,2025-02-24,web,
3820,UK,2025-02-27,android,
3821,Canada,2025-01-07,android,
3822,USA,2025-02-26,web,
3823,USA,2025-01-12,android,
3824,Germany,2025-01-16,android,A
3825,Germany,2025-03-21,android,
3826,USA,2025-02-12,ios,A
3827,USA,2025-03-18,web,
3828,Australia,2025-01-07,ios,
3829,USA,2025-02-20,android,
3830,India,2025-03-14,android,
3831,Germany,2025-02-01,ios,B
3832,Germany,2025-03-16,android,
3833,Australia,2025-01-08,android,
3834,UK,2025-03-28,web,
3835,UK,2025-03-30,android,
3836,Brazil,2025-03-13,web,
3837,USA,2025-02-14,web,
3838,USA,2025-03-27,ios,
3839,Australia,2025-02-28,ios,
3840,Brazil,2025-01-04,android,
3841,Germany,2025-03-08,ios,
3842,Australia,2025-01-29,web,
3843,USA,2025-01-29,ios,
3844,UK,2025-01-28,web,B
3845,India,2025-03-18,ios,
3846,Canada,2025-03-20,android,
3847,Germany,2025-03-28,ios,B
3848,Australia,2025-02-13,android,
3849,India,2025-03-31,ios,B
3850,India,2025-01-04,web,
3851,Brazil,2025-03-31,ios,
3852,India,2025-01-09,ios,
3853,USA,2025-01-05,web,B
3854,Brazil,2025-02-25,web,
3855,UK,2025-03-25,ios,
3856,India,2025-02-19,web,A
3857,USA,2025-03-16,web,
3858,USA,2025-01-15,ios,
3859,Australia,2025-02-01,android,
3860,Australia,2025-01-28,ios,
3861,Australia,2025-01-22,ios,
3862,UK,2025-01-17,android,
3863,Brazil,2025-02-28,ios,
3864,Brazil,2025-03-31,ios,
3865,Brazil,2025-03-12,web,
3866,UK,2025-02-26,ios,
3867,UK,2025-01-26,android,
3868,UK,2025-01-25,android,
3869,Brazil,2025-01-10,web,
3870,India,2025-02-14,ios,
3871,UK,2025-03-24,ios,
3872,UK,2025-01-11,ios,
3873,Brazil,2025-03-18,ios,
3874,UK,2025-02-22,android,
3875,India,2025-03-13,android,
3876,Brazil,2025-03-09,web,B
3877,UK,2025-01-28,ios,
3878,UK,2025-03-16,android,B
3879,Australia,2025-03-06,ios,
3880,Germany,2025-02-18,android,
3881,Germany,2025-02-16,android,B
3882,USA,2025-02-21,web,B
3883,USA,2025-03-29,ios,
3884,UK,2025-02-23,web,
3885,Germany,2025-03-01,web,A
3886,USA,2025-02-26,web,
3887,Brazil,2025-02-16,web,
3888,Germany,2025-01-31,web,A
3889,India,2025-02-15,web,
3890,India,2025-01-26,web,
3891,India,2025-01-05,ios,
3892,India,2025-03-25,web,
3893,Germany,2025-02-21,ios,B
3894,Brazil,2025-03-16,ios,A
3895,India,2025-02-23,android,
3896,Brazil,2025-02-02,web,
3897,USA,2025-02-19,ios,B
3898,USA,2025-02-07,android,
3899,UK,2025-01-27,android,
3900,Germany,2025-01-15,web,A
3901,India,2025-03-02,web,
3902,Brazil,2025-01-21,web,B
3903,Brazil,2025-02-15,web,
3904,Canada,2025-03-10,ios,
3905,Germany,2025-01-06,ios,
3906,Australia,2025-02-07,web,
3907,USA,2025-03-03,web,
3908,Germany,2025-03-27,ios,
3909,Brazil,2025-03-03,web,
3910,Germany,2025-03-23,android,A
3911,Canada,2025-03-19,ios,
3912,USA,2025-03-15,android,
3913,USA,2025-02-15,android,A
3914,Canada,2025-01-13,android,
3915,India,2025-01-03,android,B
3916,India,2025-01-06,web,
3917,Canada,2025-01-08,web,
3918,India,2025-02-13,web,
3919,USA,2025-02-02,web,A
3920,Australia,2025-03-22,ios,
3921,Australia,2025-03-16,web,
3922,Brazil,2025-03-18,ios,
3923,India,2025-02-19,android,
3924,Germany,2025-01-11,ios,
3925,Brazil,2025-01-28,web,B
3926,Canada,2025-03-11,android,
3927,Australia,2025-02-10,android,B
3928,UK,2025-01-16,web,
3929,India,2025-03-09,android,A
3930,UK,2025-02-17,android,
3931,India,2025-02-25,android,
3932,Brazil,2025-03-05,ios,B
3933,UK,2025-02-28,android,
3934,Australia,2025-03-31,android,
3935,USA,2025-03-03,ios,A
3936,India,2025-03-17,web,
3937,Canada,2025-01-11,ios,
3938,Canada,2025-03-30,ios,
3939,Germany,2025-01-18,web,
3940,Australia,2025-01-19,web,
3941,Australia,2025-03-28,ios,
3942,UK,2025-02-24,android,
3943,Canada,2025-03-23,web,
3944,Germany,2025-01-26,android,
3945,UK,2025-01-06,web,
3946,Australia,2025-01-04,android,
3947,Brazil,2025-01-29,ios,B
3948,Germany,2025-02-28,ios,
3949,Australia,2025-01-17,ios,
3950,India,2025-02-12,ios,
3951,USA,2025-03-21,web,
3952,Brazil,2025-03-07,ios,A
3953,UK,2025-02-03,android,
3954,India,2025-01-08,ios,
3955,UK,2025-01-13,ios,B
3956,Germany,2025-01-08,ios,
3957,Germany,2025-03-06,ios,
3958,USA,2025-02-12,web,
3959,Germany,2025-02-08,web,
3960,Brazil,2025-03-22,web,A
3961,UK,2025-02-28,android,
3962,UK,2025-03-25,android,
3963,Brazil,2025-03-29,ios,
3964,Germany,2025-03-27,android,
3965,Germany,2025-03-27,android,
3966,Brazil,2025-02-13,android,
3967,USA,2025-01-09,android,
3968,Australia,2025-02-06,web,
3969,Australia,2025-03-15,web,B
3970,India,2025-02-05,android,
3971,India,2025-01-28,android,A
3972,Germany,2025-02-11,web,B
3973,Canada,2025-02-12,ios,B
3974,India,2025-03-26,web,
3975,India,2025-03-29,android,
3976,Canada,2025-02-11,android,
3977,India,2025-03-07,android,
3978,Germany,2025-02-24,web,
3979,Australia,2025-03-13,android,B
3980,UK,2025-02-17,web,
3981,Germany,2025-01-22,ios,
3982,Germany,2025-01-27,android,B
3983,Canada,2025-03-08,android,A
3984,USA,2025-01-13,ios,A
3985,USA,2025-02-14,web,
3986,Germany,2025-01-10,android,
3987,Brazil,2025-01-09,android,
3988,Brazil,2025-02-23,android,
3989,Australia,2025-01-27,android,B
3990,USA,2025-02-03,ios,
3991,Canada,2025-01-01,web,
3992,USA,2025-02-01,ios,
3993,UK,2025-03-30,web,
3994,USA,2025-03-12,ios,
3995,Australia,2025-03-08,ios,B
3996,Canada,2025-03-25,web,
3997,Australia,2025-01-20,android,A
3998,Australia,2025-02-04,android,A
3999,India,2025-03-31,ios,
4000,Germany,2025-03-19,ios,A
4001,Australia,2025-01-17,ios,
4002,Germany,2025-01-18,android,
4003,Canada,2025-02-14,web,B
4004,Germany,2025-03-25,android,B
4005,Canada,2025-02-22,ios,
4006,UK,2025-03-23,android,
4007,UK,2025-03-09,android,
4008,India,2025-03-06,android,
4009,Australia,2025-01-01,web,A
4010,Germany,2025-02-27,ios,
4011,India,2025-01-26,android,
4012,USA,2025-01-20,android,
4013,Germany,2025-03-28,ios,
4014,India,2025-01-10,android,
4015,UK,2025-02-28,android,
4016,Canada,2025-03-16,android,
4017,UK,2025-02-10,android,
4018,UK,2025-01-05,ios,
4019,Canada,2025-03-06,android,A
4020,India,2025-01-17,web,B
4021,India,2025-01-22,android,
4022,India,2025-02-10,web,
4023,Brazil,2025-03-09,ios,
4024,Germany,2025-03-10,android,B
4025,Brazil,2025-01-11,web,
4026,Brazil,2025-02-25,web,
4027,Canada,2025-02-20,android,A
4028,Australia,2025-01-21,android,
4029,USA,2025-03-17,ios,
4030,Australia,2025-01-26,ios,
4031,USA,2025-01-19,android,
4032,Australia,2025-03-01,ios,
4033,UK,2025-03-12,ios,
4034,Canada,2025-02-16,ios,
4035,Brazil,2025-03-12,ios,
4036,Australia,2025-01-26,android,
4037,USA,2025-02-09,android,
4038,Australia,2025-01-05,web,
4039,Brazil,2025-01-21,ios,
4040,Australia,2025-03-19,android,
4041,Germany,2025-01-04,web,
4042,Brazil,2025-01-23,ios,
4043,UK,2025-03-25,web,A
4044,India,2025-01-15,ios,
4045,UK,2025-01-08,android,
4046,Brazil,2025-02-10,web,
4047,Australia,2025-01-19,android,A
4048,Canada,2025-02-15,ios,
4049,Australia,2025-01-28,ios,
4050,Brazil,2025-03-09,ios,
4051,India,2025-01-15,web,A
4052,UK,2025-02-06,web,
4053,UK,2025-01-01,web,B
4054,Australia,2025-03-08,android,
4055,Brazil,2025-01-24,web,
4056,Germany,2025-01-27,ios,
4057,Canada,2025-02-09,android,
4058,Canada,2025-03-04,ios,
4059,USA,2025-03-02,ios,B
4060,Brazil,2025-02-05,web,
4061,Brazil,2025-01-24,web,
4062,Canada,2025-01-24,web,
4063,USA,2025-01-04,ios,
4064,India,2025-03-08,android,A
4065,Brazil,2025-02-03,web,
4066,Germany,2025-02-26,web,B
4067,India,2025-02-18,android,B
4068,India,2025-03-28,ios,
4069,India,2025-02-22,ios,
4070,Brazil,2025-01-23,android,
4071,Canada,2025-03-10,web,
4072,India,2025-02-22,android,
4073,UK,2025-03-03,web,
4074,Brazil,2025-02-10,android,A
4075,Brazil,2025-02-26,ios,
4076,USA,2025-03-01,ios,
4077,Canada,2025-02-23,ios,
4078,India,2025-03-11,ios,
4079,Brazil,2025-02-26,android,
4080,Australia,2025-01-10,android,
4081,Canada,2025-02-09,web,
4082,Germany,2025-01-07,android,
4083,Germany,2025-02-07,web,
4084,Canada,2025-03-26,android,
4085,Brazil,2025-03-02,android,
4086,Brazil,2025-03-25,android,
4087,Germany,2025-01-03,android,
4088,Australia,2025-02-20,ios,
4089,Germany,2025-03-27,android,
4090,UK,2025-02-16,web,
4091,Germany,2025-03-09,ios,
4092,Australia,2025-03-17,android,B
4093,Australia,2025-02-07,android,
4094,UK,2025-02-05,web,B
4095,Brazil,2025-02-10,ios,
4096,India,2025-03-10,ios,
4097,Canada,2025-01-13,ios,
4098,Canada,2025-03-28,ios,
4099,Canada,2025-02-27,web,
4100,India,2025-02-19,android,
4101,USA,2025-01-30,android,
4102,Canada,2025-03-03,ios,B
4103,UK,2025-01-25,web,
4104,Germany,2025-01-27,android,
4105,UK,2025-02-20,ios,
4106,USA,2025-03-19,ios,
4107,Australia,2025-02-26,web,
4108,USA,2025-02-16,web,
4109,UK,2025-02-08,web,
4110,Germany,2025-01-16,ios,
4111,Brazil,2025-01-22,web,
4112,Brazil,2025-03-26,ios,
4113,Brazil,2025-02-23,android,
4114,Canada,2025-01-21,ios,
4115,USA,2025-03-13,ios,
4116,Canada,2025-01-16,android,
4117,UK,2025-02-28,web,
4118,USA,2025-01-31,web,
4119,Germany,2025-02-11,ios,
4120,Canada,2025-03-15,ios,
4121,India,2025-02-01,android,
4122,USA,2025-02-28,web,
4123,Germany,2025-02-03,android,
4124,Australia,2025-01-09,ios,
4125,Germany,2025-03-22,ios,B
4126,Germany,2025-01-11,android,A
4127,India,2025-01-10,android,
4128,Brazil,2025-03-27,web,B
4129,UK,2025-01-17,android,
4130,USA,2025-03-09,web,A
4131,India,2025-02-17,web,A
4132,Germany,2025-02-21,android,
4133,India,2025-01-25,android,
4134,USA,2025-01-21,web,
4135,UK,2025-03-06,android,
4136,USA,2025-03-04,web,B
4137,Australia,2025-03-30,web,
4138,Canada,2025-02-20,ios,
4139,India,2025-02-05,web,
4140,Canada,2025-03-22,ios,
4141,Germany,2025-03-29,android,
4142,Canada,2025-03-07,web,
4143,Germany,2025-01-15,web,
4144,Brazil,2025-02-08,android,
4145,Brazil,2025-03-11,android,
4146,UK,2025-01-01,android,
4147,UK,2025-01-23,web,
4148,Canada,2025-02-08,android,
4149,Canada,2025-02-26,android,
4150,Brazil,2025-03-22,ios,
4151,Brazil,2025-02-03,ios,B
4152,USA,2025-02-10,web,
4153,USA,2025-03-14,android,
4154,Canada,2025-01-13,android,
4155,Germany,2025-03-11,ios,
4156,Australia,2025-01-06,web,
4157,Canada,2025-03-25,android,
4158,Germany,2025-02-21,web,
4159,Brazil,2025-01-03,ios,
4160,USA,2025-03-22,android,
4161,Brazil,2025-03-04,ios,
4162,Brazil,2025-02-18,ios,
4163,UK,2025-03-17,ios,
4164,Brazil,2025-02-16,android,B
4165,Germany,2025-02-24,web,
4166,UK,2025-03-05,android,
4167,USA,2025-03-06,ios,
4168,Germany,2025-03-22,web,A
4169,India,2025-03-08,ios,A
4170,USA,2025-03-31,android,
4171,Canada,2025-01-15,web,A
4172,India,2025-02-01,android,
4173,Germany,2025-03-09,web,
4174,USA,2025-01-18,ios,B
4175,India,2025-03-24,ios,
4176,India,2025-02-12,ios,A
4177,USA,2025-02-04,android,
4178,Brazil,2025-03-19,android,
4179,Australia,2025-02-27,ios,
4180,Germany,2025-02-02,ios,
4181,Germany,2025-01-14,web,
4182,UK,2025-02-03,web,A
4183,USA,2025-03-02,android,
4184,Germany,2025-01-04,web,
4185,India,2025-03-29,android,
4186,USA,2025-02-28,android,
4187,Canada,2025-01-29,web,
4188,India,2025-03-24,web,
4189,USA,2025-01-06,web,A
4190,India,2025-02-18,ios,B
4191,India,2025-02-09,ios,
4192,USA,2025-03-24,web,A
4193,UK,2025-03-06,ios,
4194,Australia,2025-03-10,android,
4195,Australia,2025-01-27,ios,B
4196,India,2025-03-21,ios,
4197,USA,2025-01-06,ios,A
4198,Brazil,2025-01-13,android,
4199,Canada,2025-03-05,android,
4200,Brazil,2025-03-03,web,A
4201,Canada,2025-01-19,ios,A
4202,Australia,2025-03-17,ios,B
4203,Australia,2025-03-21,android,
4204,Australia,2025-02-12,ios,A
4205,UK,2025-03-15,android,
4206,USA,2025-03-30,ios,
4207,Canada,2025-01-20,web,
4208,UK,2025-03-09,android,
4209,Canada,2025-02-13,android,
4210,India,2025-01-23,android,
4211,Canada,2025-01-02,ios,A
4212,Canada,2025-01-22,web,A
4213,Brazil,2025-02-26,android,
4214,UK,2025-03-13,web,
4215,India,2025-01-07,android,B
4216,Australia,2025-03-19,web,
4217,Brazil,2025-02-25,ios,
4218,UK,2025-03-08,ios,B
4219,India,2025-01-16,web,
4220,Canada,2025-03-24,web,B
4221,Germany,2025-02-20,ios,
4222,Brazil,2025-03-23,web,
4223,India,2025-03-21,web,
4224,Australia,2025-03-13,web,
4225,Germany,2025-01-12,android,
4226,UK,2025-02-22,web,
4227,Germany,2025-03-16,android,
4228,Canada,2025-01-05,ios,
4229,Brazil,2025-01-27,ios,
4230,USA,2025-01-12,ios,
4231,UK,2025-01-17,web,A
4232,Germany,2025-01-06,ios,
4233,India,2025-01-05,android,
4234,USA,2025-02-26,android,B
4235,USA,2025-01-28,web,B
4236,UK,2025-03-19,android,
4237,Germany,2025-03-10,android,
4238,Brazil,2025-02-28,ios,
4239,Germany,2025-02-02,android,
4240,Germany,2025-03-03,ios,
4241,UK,2025-02-19,ios,B
4242,UK,2025-01-19,android,
4243,India,2025-03-27,android,
4244,Brazil,2025-03-10,web,
4245,Australia,2025-03-07,web,
4246,UK,2025-02-16,android,
4247,India,2025-02-08,ios,
4248,Canada,2025-03-09,ios,
4249,USA,2025-02-02,web,
4250,India,2025-01-13,ios,
4251,Brazil,2025-03-25,web,
4252,India,2025-02-23,ios,
4253,Canada,2025-01-07,android,
4254,India,2025-03-20,android,
4255,UK,2025-03-28,ios,
4256,Brazil,2025-01-14,web,
4257,India,2025-03-28,android,
4258,Australia,2025-01-19,web,
4259,Germany,2025-02-23,android,
4260,India,2025-01-20,ios,
4261,Australia,2025-01-29,android,
4262,USA,2025-01-24,ios,
4263,USA,2025-03-23,web,
4264,India,2025-03-04,android,
4265,Canada,2025-03-15,web,
4266,India,2025-02-26,web,
4267,Germany,2025-01-08,ios,
4268,India,2025-03-31,web,
4269,UK,2025-03-03,android,B
4270,Australia,2025-01-29,ios,
4271,Brazil,2025-03-15,ios,
4272,Canada,2025-01-17,ios,
4273,Germany,2025-03-07,web,
4274,India,2025-01-06,android,
4275,Canada,2025-02-27,android,
4276,UK,2025-03-10,android,
4277,Canada,2025-01-28,ios,B
4278,India,2025-03-03,ios,
4279,Germany,2025-02-10,android,
4280,Germany,2025-03-10,web,
4281,USA,2025-03-23,ios,
4282,USA,2025-03-31,android,
4283,India,2025-03-25,web,
4284,Australia,2025-02-10,ios,
4285,Brazil,2025-02-18,ios,
4286,UK,2025-02-18,ios,
4287,USA,2025-03-17,android,
4288,Australia,2025-03-12,ios,
4289,USA,2025-01-03,ios,
4290,Australia,2025-01-10,web,
4291,Brazil,2025-03-30,android,A
4292,Canada,2025-02-04,web,
4293,Germany,2025-03-21,ios,
4294,India,2025-01-02,android,
4295,India,2025-01-24,android,B
4296,UK,2025-03-15,ios,
4297,Brazil,2025-02-07,android,B
4298,Australia,2025-01-22,android,
4299,Australia,2025-01-26,web,A
4300,Canada,2025-02-12,android,
4301,Brazil,2025-02-24,android,
4302,Brazil,2025-02-08,web,
4303,Germany,2025-01-29,ios,
4304,Brazil,2025-01-20,web,
4305,Germany,2025-02-10,ios,
4306,India,2025-02-23,ios,
4307,Australia,2025-01-20,ios,
4308,Australia,2025-01-19,web,
4309,Germany,2025-03-25,ios,
4310,India,2025-03-07,web,B
4311,Australia,2025-01-30,web,
4312,UK,2025-02-22,ios,
4313,Brazil,2025-02-03,ios,
4314,UK,2025-01-22,web,
4315,Brazil,2025-03-08,web,
4316,Canada,2025-01-06,ios,
4317,UK,2025-03-20,ios,
4318,USA,2025-01-27,ios,
4319,USA,2025-01-10,web,
4320,Germany,2025-03-14,web,
4321,Canada,2025-02-17,web,
4322,UK,2025-03-11,ios,B
4323,Brazil,2025-02-28,android,
4324,India,2025-02-28,android,
4325,Germany,2025-01-02,android,
4326,Canada,2025-01-29,android,B
4327,Germany,2025-03-09,android,
4328,Canada,2025-03-06,web,
4329,USA,2025-03-24,ios,
4330,Canada,2025-01-26,ios,
4331,UK,2025-03-30,ios,
4332,UK,2025-01-10,ios,B
4333,Canada,2025-02-22,ios,
4334,Germany,2025-03-20,android,
4335,Australia,2025-02-28,ios,
4336,USA,2025-01-22,ios,
4337,India,2025-02-20,android,
4338,USA,2025-02-17,ios,
4339,UK,2025-01-21,android,
4340,India,2025-01-22,android,
4341,Australia,2025-01-30,web,
4342,Australia,2025-01-25,ios,
4343,Germany,2025-01-28,ios,
4344,Australia,2025-03-06,ios,
4345,India,2025-02-14,android,B
4346,Germany,2025-03-09,web,
4347,USA,2025-01-07,ios,
4348,India,2025-02-18,android,
4349,Brazil,2025-01-09,android,
4350,UK,2025-02-05,android,
4351,Germany,2025-03-24,android,
4352,India,2025-01-01,web,
4353,India,2025-01-10,web,
4354,Australia,2025-02-05,android,B
4355,Canada,2025-03-14,ios,A
4356,Brazil,2025-02-15,web,
4357,Australia,2025-02-01,ios,B
4358,Canada,2025-02-01,ios,
4359,Canada,2025-01-06,web,B
4360,Canada,2025-02-17,ios,
4361,USA,2025-02-07,web,
4362,Brazil,2025-01-17,web,
4363,India,2025-03-15,ios,A
4364,UK,2025-01-27,ios,
4365,India,2025-02-23,android,
4366,India,2025-02-19,web,
4367,India,2025-02-04,ios,
4368,Canada,2025-03-26,web,A
4369,Brazil,2025-01-25,android,
4370,Australia,2025-01-28,android,
4371,Brazil,2025-01-15,android,
4372,Germany,2025-01-04,android,
4373,Germany,2025-03-14,android,
4374,Canada,2025-01-27,android,
4375,Australia,2025-01-26,android,
4376,Canada,2025-01-19,android,
4377,Germany,2025-01-17,web,
4378,India,2025-02-12,ios,
4379,Germany,2025-02-10,web,
4380,Australia,2025-02-11,web,
4381,Germany,2025-02-19,ios,B
4382,USA,2025-03-25,ios,
4383,Canada,2025-02-09,android,
4384,Canada,2025-02-08,ios,A
4385,Brazil,2025-01-23,web,
4386,Germany,2025-02-21,android,
4387,Brazil,2025-02-16,web,
4388,UK,2025-03-04,ios,B
4389,Canada,2025-03-10,web,
4390,USA,2025-02-12,web,
4391,UK,2025-02-17,android,A
4392,Canada,2025-02-03,android,
4393,Brazil,2025-02-09,web,
4394,Brazil,2025-03-16,ios,
4395,UK,2025-03-02,android,
4396,Germany,2025-02-19,web,
4397,USA,2025-03-08,android,
4398,Brazil,2025-03-03,android,
4399,India,2025-02-27,ios,
4400,USA,2025-02-02,web,
4401,UK,2025-03-16,web,B
4402,Brazil,2025-01-16,web,
4403,Brazil,2025-03-23,web,
4404,Canada,2025-02-17,web,
4405,UK,2025-01-10,android,A
4406,India,2025-03-23,android,
4407,Canada,2025-02-07,android,B
4408,India,2025-01-19,android,
4409,Brazil,2025-02-05,ios,
4410,Germany,2025-02-28,ios,
4411,India,2025-03-04,web,
4412,India,2025-03-18,ios,
4413,Australia,2025-02-15,android,
4414,Germany,2025-01-03,android,B
4415,Australia,2025-03-15,android,A
4416,Canada,2025-03-06,android,
4417,India,2025-01-08,android,A
4418,Germany,2025-02-20,web,B
4419,Australia,2025-03-22,web,B
4420,UK,2025-03-14,android,
4421,Canada,2025-01-06,web,B
4422,USA,2025-03-30,ios,
4423,USA,2025-02-08,ios,
4424,UK,2025-03-01,android,B
4425,India,2025-01-28,web,B
4426,USA,2025-02-23,android,
4427,UK,2025-02-06,web,
4428,USA,2025-01-09,android,B
4429,India,2025-03-23,android,B
4430,Canada,2025-02-25,android,
4431,Germany,2025-02-28,ios,A
4432,Australia,2025-03-26,web,
4433,UK,2025-01-02,web,
4434,Canada,2025-03-02,ios,
4435,USA,2025-02-27,ios,A
4436,India,2025-03-01,web,A
4437,Canada,2025-02-09,web,A
4438,USA,2025-02-05,android,
4439,India,2025-02-06,android,
4440,India,2025-03-20,web,B
4441,India,2025-01-18,web,A
4442,India,2025-03-04,android,B
4443,UK,2025-01-22,ios,
4444,Canada,2025-01-11,web,
4445,Germany,2025-02-27,web,B
4446,UK,2025-02-26,ios,
4447,USA,2025-03-18,ios,
4448,UK,2025-01-04,ios,
4449,UK,2025-03-27,web,
4450,USA,2025-01-07,web,A
4451,Germany,2025-03-02,web,
4452,UK,2025-02-23,android,
4453,India,2025-03-29,ios,
4454,UK,2025-03-09,ios,
4455,Australia,2025-03-20,android,
4456,USA,2025-01-01,android,
4457,Australia,2025-02-24,android,
4458,Germany,2025-01-03,android,
4459,Australia,2025-03-19,ios,
4460,UK,2025-02-07,android,
4461,UK,2025-01-01,android,
4462,Australia,2025-02-07,ios,A
4463,USA,2025-03-26,ios,
4464,Brazil,2025-01-29,ios,
4465,Brazil,2025-01-05,ios,
4466,Canada,2025-03-15,web,
4467,Australia,2025-01-21,web,
4468,UK,2025-03-12,web,A
4469,Canada,2025-03-08,web,
4470,India,2025-02-16,ios,
4471,UK,2025-03-25,web,
4472,Canada,2025-03-24,android,
4473,Australia,2025-02-04,android,
4474,Brazil,2025-03-09,android,A
4475,UK,2025-03-10,web,
4476,India,2025-01-01,web,
4477,Germany,2025-03-09,android,B
4478,UK,2025-01-12,web,
4479,USA,2025-03-01,ios,
4480,India,2025-01-27,web,
4481,UK,2025-02-25,android,
4482,Brazil,2025-01-23,android,
4483,Canada,2025-01-25,web,
4484,UK,2025-01-21,web,B
4485,Canada,2025-03-02,android,
4486,Brazil,2025-03-04,android,
4487,Australia,2025-02-21,web,
4488,USA,2025-03-29,web,
4489,Germany,2025-01-25,android,
4490,Brazil,2025-02-24,android,B
4491,UK,2025-02-15,android,B
4492,USA,2025-02-01,android,A
4493,India,2025-02-24,android,
4494,UK,2025-01-05,android,
4495,Canada,2025-02-05,android,
4496,Australia,2025-02-18,web,
4497,Australia,2025-02-27,ios,
4498,Canada,2025-02-08,ios,
4499,Australia,2025-03-21,web,A
4500,Canada,2025-03-26,ios,A
4501,Australia,2025-03-02,web,
4502,India,2025-01-09,web,A
4503,Canada,2025-01-06,web,
4504,Canada,2025-02-04,web,
4505,Brazil,2025-02-08,ios,
4506,Canada,2025-01-22,web,
4507,Australia,2025-02-10,android,
4508,USA,2025-01-05,web,
4509,Australia,2025-02-11,ios,
4510,Germany,2025-03-28,ios,
4511,UK,2025-03-22,ios,
4512,USA,2025-03-17,ios,
4513,USA,2025-03-28,android,
4514,Germany,2025-03-21,web,B
4515,Canada,2025-03-08,android,A
4516,Brazil,2025-01-30,web,
4517,Canada,2025-02-26,web,A
4518,Canada,2025-03-27,android,
4519,Germany,2025-03-14,android,B
4520,Germany,2025-01-29,ios,
4521,Australia,2025-02-06,web,
4522,Germany,2025-03-28,web,
4523,Canada,2025-01-13,web,A
4524,India,2025-02-01,web,
4525,Australia,2025-02-15,web,
4526,Australia,2025-01-23,web,
4527,Canada,2025-02-14,ios,B
4528,UK,2025-01-17,web,
4529,Germany,2025-03-26,ios,
4530,UK,2025-03-07,web,
4531,Canada,2025-01-06,web,
4532,Canada,2025-01-18,android,B
4533,Germany,2025-01-22,web,
4534,Brazil,2025-02-02,android,
4535,Brazil,2025-01-30,android,
4536,Germany,2025-03-22,android,B
4537,USA,2025-02-01,ios,
4538,UK,2025-02-11,android,B
4539,Brazil,2025-03-19,android,
4540,India,2025-01-10,android,B
4541,USA,2025-02-05,web,A
4542,Australia,2025-02-03,ios,
4543,Brazil,2025-03-14,ios,
4544,USA,2025-01-28,ios,
4545,Canada,2025-01-11,ios,
4546,UK,2025-03-19,web,
4547,Canada,2025-02-08,android,
4548,Canada,2025-02-16,web,
4549,USA,2025-01-19,ios,
4550,India,2025-01-15,web,
4551,Australia,2025-01-28,web,B
4552,USA,2025-01-24,ios,
4553,Canada,2025-03-13,android,
4554,Australia,2025-01-09,web,
4555,Brazil,2025-02-16,ios,
4556,Australia,2025-02-02,web,
4557,India,2025-03-03,web,
4558,Canada,2025-01-19,web,
4559,UK,2025-03-08,android,
4560,Brazil,2025-03-15,web,
4561,UK,2025-02-09,web,B
4562,Canada,2025-02-16,android,
4563,Germany,2025-03-06,web,
4564,Brazil,2025-01-29,web,
4565,USA,2025-02-19,android,
4566,UK,2025-01-13,ios,
4567,USA,2025-01-01,web,
4568,Australia,2025-02-03,ios,
4569,Australia,2025-02-17,ios,B
4570,Canada,2025-03-18,ios,
4571,India,2025-02-17,android,B
4572,UK,2025-02-18,android,
4573,UK,2025-03-05,web,
4574,India,2025-03-02,ios,
4575,India,2025-01-29,android,
4576,India,2025-02-08,android,
4577,Canada,2025-03-29,ios,
4578,India,2025-01-26,android,
4579,Australia,2025-01-17,ios,
4580,Germany,2025-03-12,android,
4581,UK,2025-01-13,ios,B
4582,Canada,2025-03-10,android,
4583,Canada,2025-01-26,android,
4584,Australia,2025-02-18,android,
4585,Germany,2025-03-08,android,B
4586,Australia,2025-01-07,ios,
4587,Germany,2025-02-27,web,B
4588,Australia,2025-02-18,web,
4589,USA,2025-02-22,android,
4590,UK,2025-03-06,web,
4591,UK,2025-03-03,android,
4592,Canada,2025-01-17,web,B
4593,UK,2025-02-12,android,
4594,UK,2025-01-25,web,
4595,India,2025-01-03,web,
4596,Australia,2025-03-20,android,
4597,Brazil,2025-01-29,web,
4598,USA,2025-02-01,android,B
4599,USA,2025-01-26,web,
4600,India,2025-01-16,ios,
4601,Australia,2025-01-25,ios,
4602,Germany,2025-02-23,ios,
4603,Brazil,2025-01-28,android,B
4604,USA,2025-03-14,android,
4605,Germany,2025-02-25,android,
4606,Australia,2025-03-06,ios,
4607,UK,2025-03-27,web,B
4608,Canada,2025-03-21,android,A
4609,Brazil,2025-02-10,ios,
4610,Brazil,2025-02-20,android,
4611,Canada,2025-03-12,android,A
4612,UK,2025-03-19,web,
4613,USA,2025-01-29,android,
4614,Australia,2025-03-24,android,
4615,Brazil,2025-01-19,web,A
4616,India,2025-03-07,android,
4617,India,2025-02-10,android,A
4618,India,2025-02-14,web,
4619,Canada,2025-01-15,android,
4620,Brazil,2025-01-03,android,
4621,USA,2025-01-11,ios,A
4622,Canada,2025-02-22,web,B
4623,Germany,2025-02-15,ios,B
4624,USA,2025-01-30,web,B
4625,Germany,2025-02-26,android,
4626,Australia,2025-01-18,ios,
4627,Brazil,2025-02-20,ios,
4628,Australia,2025-02-17,ios,
4629,UK,2025-03-07,ios,
4630,Germany,2025-01-08,web,
4631,Germany,2025-01-22,android,
4632,USA,2025-01-06,android,A
4633,Brazil,2025-03-17,ios,
4634,USA,2025-02-26,android,
4635,Brazil,2025-02-05,android,
4636,Australia,2025-03-20,web,
4637,Germany,2025-02-26,android,
4638,UK,2025-02-18,android,
4639,Canada,2025-02-14,android,
4640,Brazil,2025-03-23,android,
4641,Germany,2025-03-07,ios,
4642,Canada,2025-03-18,web,
4643,Canada,2025-02-14,web,
4644,UK,2025-03-20,web,
4645,USA,2025-01-20,android,
4646,USA,2025-03-05,ios,
4647,Brazil,2025-03-08,web,
4648,Brazil,2025-03-24,ios,
4649,Brazil,2025-01-03,web,
4650,USA,2025-02-23,ios,
4651,Brazil,2025-03-19,android,B
4652,Germany,2025-03-05,android,
4653,Canada,2025-02-09,web,A
4654,India,2025-02-28,web,
4655,India,2025-02-24,web,
4656,Brazil,2025-03-03,android,
4657,Germany,2025-01-04,android,
4658,Germany,2025-03-01,web,B
4659,Germany,2025-03-16,web,
4660,Canada,2025-01-30,android,
4661,UK,2025-01-02,web,
4662,Australia,2025-03-03,web,B
4663,Canada,2025-02-18,web,
4664,Germany,2025-01-09,android,
4665,USA,2025-01-31,android,
4666,Australia,2025-03-02,ios,
4667,USA,2025-03-20,ios,
4668,Germany,2025-02-17,ios,
4669,India,2025-01-25,ios,
4670,UK,2025-02-05,web,
4671,Canada,2025-01-08,android,
4672,USA,2025-03-14,android,B
4673,Australia,2025-02-27,ios,A
4674,USA,2025-02-14,web,
4675,Australia,2025-03-03,android,
4676,USA,2025-02-08,android,
4677,Canada,2025-02-27,web,A
4678,UK,2025-03-22,web,
4679,Germany,2025-03-24,ios,A
4680,UK,2025-03-05,ios,
4681,Germany,2025-02-13,web,B
4682,Brazil,2025-01-29,android,
4683,USA,2025-02-28,web,
4684,Canada,2025-03-12,web,B
4685,Australia,2025-01-09,android,
4686,India,2025-01-06,android,
4687,UK,2025-01-29,ios,
4688,Canada,2025-02-27,web,
4689,UK,2025-01-17,ios,A
4690,Canada,2025-01-16,web,
4691,USA,2025-03-28,web,A
4692,Australia,2025-01-03,android,
4693,USA,2025-01-21,web,
4694,Canada,2025-03-05,web,
4695,India,2025-03-31,android,A
4696,India,2025-02-05,android,
4697,USA,2025-03-27,android,A
4698,Canada,2025-03-03,web,B
4699,Germany,2025-02-11,android,A
4700,USA,2025-03-17,web,
4701,India,2025-02-11,ios,
4702,USA,2025-03-02,android,
4703,India,2025-01-13,ios,
4704,Brazil,2025-01-11,ios,
4705,Germany,2025-02-23,android,
4706,Canada,2025-01-16,android,B
4707,India,2025-01-08,web,
4708,Canada,2025-02-28,android,
4709,Australia,2025-02-26,ios,A
4710,Australia,2025-02-09,ios,A
4711,UK,2025-02-28,ios,
4712,UK,2025-01-02,web,
4713,Canada,2025-03-17,web,
4714,Germany,2025-01-10,android,
4715,Germany,2025-02-13,android,
4716,UK,2025-01-11,android,
4717,Canada,2025-03-20,ios,A
4718,Canada,2025-03-21,ios,
4719,Canada,2025-03-22,ios,
4720,Canada,2025-03-31,android,
4721,Canada,2025-01-02,android,
4722,Brazil,2025-02-19,ios,
4723,Australia,2025-01-12,android,
4724,Brazil,2025-03-31,web,
4725,India,2025-01-23,android,
4726,Germany,2025-01-18,ios,
4727,UK,2025-03-03,android,
4728,Canada,2025-03-03,web,
4729,Canada,2025-02-07,ios,A
4730,Australia,2025-03-08,android,
4731,Germany,2025-02-07,android,
4732,UK,2025-03-08,android,
4733,UK,2025-03-02,android,
4734,India,2025-01-01,web,
4735,Germany,2025-02-14,android,
4736,Brazil,2025-01-28,android,
4737,Australia,2025-01-21,ios,B
4738,Germany,2025-01-13,web,
4739,Australia,2025-01-27,ios,
4740,Australia,2025-01-07,web,B
4741,UK,2025-01-22,android,
4742,Brazil,2025-03-15,web,
4743,UK,2025-02-22,ios,
4744,Australia,2025-03-20,android,
4745,Germany,2025-03-20,ios,
4746,Australia,2025-01-04,ios,
4747,UK,2025-01-23,web,
4748,Canada,2025-03-11,android,
4749,USA,2025-03-29,ios,
4750,Australia,2025-03-25,ios,
4751,Brazil,2025-03-25,web,
4752,Canada,2025-03-17,ios,
4753,India,2025-02-02,android,
4754,USA,2025-01-28,android,A
4755,Canada,2025-01-08,web,B
4756,UK,2025-01-01,ios,B
4757,Germany,2025-02-06,web,
4758,Australia,2025-03-04,web,
4759,UK,2025-01-22,ios,B
4760,India,2025-03-11,android,
4761,Germany,2025-01-21,web,
4762,Brazil,2025-02-04,android,
4763,Brazil,2025-03-20,android,
4764,UK,2025-01-05,ios,
4765,USA,2025-03-01,ios,
4766,Germany,2025-02-15,android,B
4767,Canada,2025-02-19,android,B
4768,USA,2025-02-17,android,
4769,UK,2025-01-06,web,A
4770,Canada,2025-03-30,android,
4771,Canada,2025-02-25,web,B
4772,Germany,2025-02-28,ios,
4773,Brazil,2025-01-29,ios,
4774,Brazil,2025-03-12,android,
4775,UK,2025-03-18,ios,
4776,Germany,2025-01-18,android,
4777,Canada,2025-01-02,web,
4778,UK,2025-01-08,android,
4779,Brazil,2025-03-16,ios,
4780,Canada,2025-02-23,android,
4781,Canada,2025-02-07,ios,
4782,India,2025-02-17,web,
4783,USA,2025-01-27,ios,
4784,UK,2025-01-20,ios,
4785,Canada,2025-01-12,ios,B
4786,India,2025-02-12,ios,
4787,Brazil,2025-03-02,ios,A
4788,Australia,2025-01-31,ios,A
4789,UK,2025-03-02,android,B
4790,Brazil,2025-03-15,web,
4791,Australia,2025-03-08,android,
4792,Brazil,2025-02-04,web,B
4793,UK,2025-01-15,android,
4794,India,2025-01-16,web,
4795,UK,2025-01-13,web,
4796,Australia,2025-02-04,android,
4797,Australia,2025-03-16,android,
4798,Australia,2025-02-28,web,
4799,Canada,2025-01-21,ios,
4800,Brazil,2025-02-23,web,A
4801,Germany,2025-03-16,ios,
4802,Brazil,2025-01-30,web,
4803,Canada,2025-02-17,ios,
4804,Australia,2025-02-04,android,
4805,UK,2025-03-27,android,
4806,India,2025-02-07,ios,
4807,Brazil,2025-01-31,ios,
4808,India,2025-03-19,ios,
4809,Canada,2025-01-24,ios,
4810,India,2025-02-18,android,
4811,USA,2025-02-01,web,
4812,Canada,2025-02-24,android,
4813,India,2025-03-20,web,B
4814,Brazil,2025-02-27,android,
4815,Brazil,2025-01-03,ios,
4816,UK,2025-03-21,android,
4817,UK,2025-03-10,android,
4818,Australia,2025-03-26,ios,
4819,India,2025-01-10,ios,
4820,Canada,2025-03-24,android,
4821,Canada,2025-01-25,android,
4822,Germany,2025-03-09,web,
4823,Australia,2025-03-02,web,
4824,Canada,2025-01-29,android,
4825,Australia,2025-01-19,web,
4826,Canada,2025-02-12,ios,
4827,Brazil,2025-03-07,android,
4828,India,2025-03-15,android,
4829,Canada,2025-03-02,web,
4830,UK,2025-02-12,android,
4831,Brazil,2025-01-25,android,A
4832,USA,2025-01-20,ios,
4833,Australia,2025-02-17,android,
4834,Canada,2025-03-24,web,
4835,UK,2025-03-28,ios,
4836,Canada,2025-01-24,web,
4837,USA,2025-01-11,android,
4838,Brazil,2025-02-24,web,
4839,Germany,2025-01-28,web,
4840,Australia,2025-03-10,ios,
4841,India,2025-03-04,android,
4842,India,2025-02-28,ios,
4843,Germany,2025-01-05,android,
4844,India,2025-02-20,ios,
4845,Canada,2025-01-21,android,
4846,Canada,2025-01-12,ios,
4847,India,2025-02-19,android,
4848,Australia,2025-01-04,ios,
4849,USA,2025-02-11,web,B
4850,India,2025-03-25,ios,
4851,USA,2025-02-07,web,
4852,India,2025-01-25,ios,A
4853,Canada,2025-01-14,web,
4854,India,2025-03-16,android,
4855,UK,2025-02-01,web,
4856,Australia,2025-01-11,android,
4857,Australia,2025-03-02,web,
4858,Australia,2025-01-18,android,
4859,Germany,2025-01-27,web,
4860,UK,2025-02-24,ios,
4861,India,2025-02-23,android,
4862,USA,2025-03-23,android,
4863,India,2025-03-28,web,
4864,Australia,2025-03-16,ios,
4865,Brazil,2025-01-21,android,
4866,Brazil,2025-02-13,android,A
4867,Brazil,2025-01-05,ios,
4868,Brazil,2025-03-28,ios,
4869,Australia,2025-02-10,ios,B
4870,India,2025-02-28,android,
4871,Brazil,2025-03-30,web,
4872,Germany,2025-02-23,web,
4873,India,2025-03-15,android,B
4874,UK,2025-01-22,android,
4875,India,2025-03-24,android,
4876,USA,2025-03-06,android,
4877,Australia,2025-03-05,ios,A
4878,Australia,2025-03-12,android,
4879,Germany,2025-01-04,android,
4880,India,2025-03-06,android,
4881,UK,2025-01-15,ios,
4882,USA,2025-03-17,ios,
4883,Canada,2025-01-22,ios,
4884,USA,2025-03-27,android,
4885,UK,2025-02-16,ios,B
4886,Australia,2025-03-22,android,
4887,Canada,2025-02-15,android,
4888,UK,2025-01-14,web,
4889,UK,2025-02-19,ios,
4890,Australia,2025-01-20,web,A
4891,UK,2025-02-19,web,
4892,Australia,2025-02-02,ios,
4893,Brazil,2025-02-28,ios,
4894,Germany,2025-02-12,web,
4895,UK,2025-03-20,android,
4896,Brazil,2025-01-12,web,
4897,India,2025-02-09,ios,
4898,USA,2025-01-20,android,A
4899,Australia,2025-02-07,web,A
4900,Australia,2025-01-03,web,
4901,India,2025-01-28,web,B
4902,India,2025-02-25,ios,
4903,Canada,2025-03-31,web,B
4904,Brazil,2025-01-13,ios,
4905,Brazil,2025-03-18,android,B
4906,UK,2025-03-07,android,
4907,UK,2025-02-06,web,
4908,Brazil,2025-02-18,ios,
4909,Germany,2025-03-07,web,B
4910,Canada,2025-02-05,android,
4911,Canada,2025-02-23,ios,
4912,UK,2025-01-26,android,
4913,Canada,2025-03-16,android,A
4914,India,2025-03-13,ios,
4915,UK,2025-02-09,ios,
4916,UK,2025-02-12,ios,
4917,Germany,2025-01-22,web,
4918,Brazil,2025-01-20,web,
4919,Germany,2025-01-08,ios,
4920,Australia,2025-01-29,ios,A
4921,UK,2025-02-09,web,
4922,Germany,2025-03-31,ios,
4923,Canada,2025-01-30,android,
4924,UK,2025-03-22,ios,
4925,Germany,2025-03-25,web,
4926,USA,2025-02-24,ios,
4927,USA,2025-01-16,ios,
4928,UK,2025-02-15,android,
4929,Germany,2025-03-03,ios,
4930,UK,2025-01-07,web,
4931,Germany,2025-03-21,web,
4932,Brazil,2025-02-14,android,
4933,Germany,2025-02-28,android,
4934,Germany,2025-02-25,web,B
4935,Australia,2025-02-17,ios,
4936,UK,2025-01-27,web,
4937,Germany,2025-02-22,android,
4938,UK,2025-03-28,web,
4939,UK,2025-03-29,android,
4940,India,2025-03-14,web,
4941,Australia,2025-02-04,ios,
4942,UK,2025-02-20,ios,
4943,Germany,2025-03-25,android,B
4944,Australia,2025-02-06,ios,
4945,USA,2025-03-22,android,
4946,Brazil,2025-02-26,ios,A
4947,Germany,2025-01-08,web,
4948,Canada,2025-03-20,ios,
4949,Australia,2025-01-20,web,B
4950,Australia,2025-02-22,android,
4951,Germany,2025-01-12,ios,
4952,Germany,2025-02-18,ios,
4953,India,2025-01-17,web,
4954,USA,2025-03-05,android,B
4955,Germany,2025-02-11,ios,A
4956,Canada,2025-01-29,android,
4957,UK,2025-01-19,android,
4958,USA,2025-01-11,ios,A
4959,USA,2025-02-19,web,
4960,Germany,2025-03-12,android,
4961,Australia,2025-02-27,android,
4962,UK,2025-02-03,ios,B
4963,USA,2025-01-20,android,A
4964,Australia,2025-02-19,ios,
4965,Brazil,2025-03-29,android,
4966,UK,2025-01-10,web,
4967,USA,2025-02-01,web,
4968,USA,2025-02-21,web,
4969,UK,2025-01-15,web,
4970,India,2025-03-25,ios,A
4971,UK,2025-01-03,ios,
4972,Brazil,2025-02-06,ios,
4973,India,2025-02-09,ios,
4974,Germany,2025-03-13,ios,
4975,India,2025-02-09,web,B
4976,Brazil,2025-02-25,android,
4977,Brazil,2025-01-23,android,
4978,Brazil,2025-01-11,web,
4979,USA,2025-03-05,web,
4980,India,2025-01-08,ios,A
4981,Brazil,2025-02-25,ios,A
4982,Canada,2025-03-01,android,
4983,India,2025-01-10,android,
4984,Canada,2025-02-08,ios,
4985,India,2025-01-28,ios,
4986,Germany,2025-02-18,web,
4987,Canada,2025-02-05,ios,
4988,Germany,2025-01-13,web,
4989,Australia,2025-02-05,ios,
4990,Germany,2025-01-26,android,
4991,Canada,2025-03-27,web,A
4992,Australia,2025-01-04,android,
4993,USA,2025-03-23,web,
4994,Australia,2025-03-05,web,
4995,Australia,2025-02-07,android,
4996,USA,2025-03-29,android,A
4997,Germany,2025-03-28,ios,
4998,Brazil,2025-01-22,web,
4999,UK,2025-01-02,ios,
5000,Canada,2025-01-31,web,
5001,Australia,2025-01-11,ios,
5002,USA,2025-02-15,android,B
5003,UK,2025-03-03,android,A
5004,USA,2025-03-10,ios,B
5005,India,2025-03-05,android,
5006,Australia,2025-01-10,ios,
5007,Brazil,2025-02-09,web,
5008,USA,2025-01-24,web,
5009,India,2025-02-13,android,A
5010,Brazil,2025-03-01,android,
5011,Canada,2025-03-03,android,
5012,USA,2025-03-28,web,
5013,Brazil,2025-01-17,ios,
5014,USA,2025-03-06,android,
5015,Germany,2025-02-26,ios,B
5016,USA,2025-02-24,android,B
5017,USA,2025-02-22,android,
5018,India,2025-02-25,android,
5019,Germany,2025-01-09,ios,
5020,UK,2025-01-22,ios,
5021,Brazil,2025-01-13,ios,
5022,Australia,2025-03-30,web,
5023,UK,2025-02-17,web,
5024,UK,2025-01-18,web,
5025,Australia,2025-03-17,ios,
5026,Germany,2025-02-09,web,
5027,Germany,2025-01-17,android,
5028,Germany,2025-01-15,ios,
5029,India,2025-01-15,android,
5030,India,2025-03-20,android,
5031,Brazil,2025-03-04,ios,
5032,Germany,2025-02-08,android,
5033,UK,2025-01-13,ios,B
5034,Brazil,2025-03-22,web,A
5035,India,2025-02-01,ios,
5036,Australia,2025-01-09,ios,
5037,Australia,2025-02-09,android,
5038,USA,2025-01-20,android,
5039,USA,2025-03-31,android,
5040,Brazil,2025-03-26,android,
5041,India,2025-03-23,android,A
5042,Brazil,2025-03-18,android,
5043,India,2025-03-21,android,
5044,Australia,2025-03-14,android,
5045,Australia,2025-03-04,android,
5046,Germany,2025-03-17,ios,
5047,USA,2025-02-13,android,
5048,UK,2025-02-07,android,B
5049,Germany,2025-03-24,ios,
5050,UK,2025-03-01,web,
5051,Brazil,2025-03-12,web,
5052,USA,2025-02-17,ios,B
5053,Australia,2025-01-18,web,
5054,UK,2025-01-16,android,
5055,Canada,2025-02-24,android,A
5056,Brazil,2025-02-08,android,
5057,India,2025-03-09,web,
5058,Germany,2025-02-28,ios,
5059,India,2025-03-30,android,
5060,Australia,2025-03-03,ios,A
5061,Australia,2025-01-13,ios,
5062,Germany,2025-03-22,android,
5063,USA,2025-01-06,ios,
5064,UK,2025-03-24,ios,
5065,India,2025-03-18,android,
5066,India,2025-03-01,ios,
5067,UK,2025-03-31,web,
5068,UK,2025-01-14,android,A
5069,Brazil,2025-02-23,android,
5070,Germany,2025-01-04,android,
5071,Australia,2025-02-08,android,
5072,Australia,2025-03-13,android,B
5073,Canada,2025-01-25,android,
5074,Canada,2025-03-18,android,
5075,Australia,2025-02-01,web,
5076,Brazil,2025-02-28,ios,
5077,India,2025-03-04,web,
5078,UK,2025-02-07,ios,
5079,Australia,2025-02-22,android,
5080,USA,2025-03-08,web,
5081,India,2025-01-28,android,
5082,India,2025-01-03,ios,
5083,Canada,2025-03-21,web,
5084,Germany,2025-01-22,web,
5085,Brazil,2025-02-07,ios,
5086,Canada,2025-03-13,ios,
5087,Germany,2025-03-13,web,
5088,India,2025-03-03,web,B
5089,UK,2025-02-26,web,
5090,USA,2025-01-06,ios,
5091,Germany,2025-03-19,android,A
5092,Canada,2025-02-01,web,A
5093,India,2025-01-10,ios,
5094,Canada,2025-01-03,web,
5095,Canada,2025-02-28,ios,B
5096,Brazil,2025-03-17,web,
5097,Australia,2025-02-18,ios,
5098,Germany,2025-02-28,ios,
5099,India,2025-01-31,web,
5100,Brazil,2025-03-10,ios,
5101,Brazil,2025-03-03,ios,
5102,USA,2025-02-21,ios,B
5103,UK,2025-03-30,ios,
5104,USA,2025-02-10,ios,
5105,Brazil,2025-01-31,ios,
5106,Germany,2025-03-26,ios,A
5107,Canada,2025-03-25,ios,
5108,UK,2025-01-22,web,
5109,Brazil,2025-01-04,ios,A
5110,UK,2025-01-13,android,
5111,Germany,2025-02-14,web,
5112,India,2025-02-11,web,
5113,India,2025-02-18,android,
5114,Brazil,2025-01-20,ios,
5115,Australia,2025-03-18,android,
5116,Brazil,2025-03-22,android,
5117,USA,2025-02-23,android,
5118,Brazil,2025-02-05,web,
5119,India,2025-01-01,ios,
5120,India,2025-01-15,web,B
5121,USA,2025-03-18,ios,
5122,Canada,2025-01-17,android,
5123,Germany,2025-01-24,web,
5124,UK,2025-02-27,ios,
5125,India,2025-03-13,ios,
5126,Australia,2025-01-23,android,
5127,UK,2025-02-15,web,
5128,Brazil,2025-03-13,web,
5129,Brazil,2025-01-08,web,
5130,Canada,2025-02-28,web,
5131,Germany,2025-03-31,web,
5132,Canada,2025-02-28,web,
5133,UK,2025-01-13,web,
5134,India,2025-02-08,android,B
5135,Australia,2025-01-28,ios,
5136,USA,2025-03-30,android,
5137,Australia,2025-03-02,ios,
5138,India,2025-01-16,ios,A
5139,UK,2025-01-02,ios,
5140,UK,2025-03-23,web,
5141,India,2025-01-17,web,
5142,India,2025-01-30,ios,
5143,Germany,2025-01-13,ios,
5144,Brazil,2025-03-23,web,
5145,Canada,2025-01-13,web,A
5146,Germany,2025-02-12,ios,
5147,Australia,2025-03-26,ios,
5148,Australia,2025-01-21,android,
5149,India,2025-02-24,web,
5150,India,2025-03-22,web,
5151,USA,2025-02-09,ios,
5152,Brazil,2025-03-24,android,
5153,Canada,2025-01-15,web,A
5154,Canada,2025-03-14,android,
5155,USA,2025-02-21,android,
5156,Brazil,2025-03-15,web,
5157,Australia,2025-02-22,ios,
5158,Brazil,2025-03-28,android,
5159,UK,2025-02-21,ios,B
5160,Brazil,2025-01-30,web,
5161,Canada,2025-02-02,android,
5162,Australia,2025-02-26,ios,
5163,India,2025-02-21,android,
5164,Brazil,2025-01-09,android,
5165,Germany,2025-02-23,android,
5166,UK,2025-01-01,web,
5167,USA,2025-02-13,ios,
5168,Canada,2025-03-16,android,
5169,Australia,2025-03-21,ios,
5170,Brazil,2025-01-09,web,
5171,USA,2025-02-01,android,
5172,India,2025-01-15,android,
5173,USA,2025-01-12,android,
5174,Brazil,2025-03-19,ios,
5175,USA,2025-02-26,ios,B
5176,India,2025-01-08,android,
5177,Brazil,2025-03-13,ios,B
5178,USA,2025-01-27,ios,B
5179,USA,2025-03-03,android,
5180,India,2025-01-12,android,
5181,Germany,2025-03-06,android,
5182,Germany,2025-02-11,web,
5183,UK,2025-03-03,android,B
5184,India,2025-01-11,android,
5185,Germany,2025-02-12,android,
5186,Australia,2025-01-17,android,
5187,USA,2025-02-01,android,
5188,Australia,2025-03-26,android,B
5189,India,2025-03-26,android,
5190,USA,2025-02-09,android,B
5191,USA,2025-01-23,web,
5192,UK,2025-02-25,ios,
5193,Canada,2025-01-06,web,
5194,UK,2025-03-27,web,
5195,Brazil,2025-02-19,android,
5196,Canada,2025-02-06,android,
5197,India,2025-03-05,android,
5198,Germany,2025-02-23,android,
5199,Australia,2025-03-13,ios,
5200,UK,2025-02-18,ios,
5201,India,2025-01-11,web,
5202,UK,2025-03-29,ios,
5203,Germany,2025-02-18,web,A
5204,UK,2025-01-21,android,B
5205,Brazil,2025-03-07,web,B
5206,India,2025-03-04,web,
5207,Canada,2025-03-24,ios,
5208,Canada,2025-01-28,web,
5209,India,2025-01-17,android,
5210,USA,2025-01-06,android,
5211,Australia,2025-01-19,android,
5212,Canada,2025-02-25,android,
5213,Canada,2025-01-28,ios,
5214,Australia,2025-03-07,web,
5215,Brazil,2025-02-07,web,
5216,UK,2025-02-06,web,B
5217,USA,2025-03-09,web,A
5218,UK,2025-03-27,android,
5219,Brazil,2025-03-31,ios,
5220,USA,2025-02-18,web,B
5221,Germany,2025-02-12,web,
5222,India,2025-02-05,ios,A
5223,Brazil,2025-02-27,web,
5224,Australia,2025-01-13,ios,
5225,Brazil,2025-02-21,web,
5226,Australia,2025-02-27,ios,A
5227,UK,2025-02-01,web,
5228,Germany,2025-03-22,android,
5229,Germany,2025-03-01,web,
5230,Canada,2025-03-24,android,
5231,Brazil,2025-02-27,ios,
5232,Brazil,2025-02-25,android,
5233,India,2025-01-28,web,
5234,Germany,2025-01-01,android,
5235,Brazil,2025-02-11,android,
5236,India,2025-03-23,web,
5237,UK,2025-02-17,ios,B
5238,Germany,2025-02-09,android,
5239,USA,2025-03-04,web,
5240,USA,2025-03-17,android,
5241,Brazil,2025-03-13,ios,
5242,Australia,2025-03-29,ios,
5243,Australia,2025-03-21,ios,
5244,Brazil,2025-01-04,android,A
5245,Canada,2025-02-07,web,
5246,India,2025-01-27,ios,
5247,Australia,2025-01-09,web,
5248,Brazil,2025-01-16,ios,A
5249,Brazil,2025-02-25,android,B
5250,India,2025-03-17,android,
5251,Australia,2025-01-31,ios,
5252,USA,2025-03-29,web,
5253,India,2025-01-14,web,
5254,Canada,2025-01-25,ios,
5255,Canada,2025-02-03,android,A
5256,Australia,2025-03-08,web,
5257,Germany,2025-01-24,web,
5258,Germany,2025-03-14,android,
5259,Brazil,2025-01-26,web,
5260,Brazil,2025-01-20,ios,
5261,Canada,2025-03-05,android,A
5262,USA,2025-01-10,ios,
5263,USA,2025-03-24,android,
5264,UK,2025-03-08,ios,
5265,Germany,2025-01-24,ios,
5266,Australia,2025-01-05,ios,
5267,Germany,2025-03-08,web,
5268,Canada,2025-02-27,web,A
5269,UK,2025-01-27,ios,B
5270,UK,2025-03-21,ios,
5271,Germany,2025-01-15,android,
5272,Australia,2025-02-04,web,
5273,Brazil,2025-03-17,ios,
5274,Germany,2025-02-22,web,
5275,UK,2025-02-13,android,
5276,USA,2025-01-26,ios,
5277,India,2025-02-16,web,
5278,USA,2025-02-03,android,
5279,Australia,2025-03-28,ios,
5280,Canada,2025-02-19,web,
5281,USA,2025-03-25,android,
5282,UK,2025-01-12,android,
5283,Germany,2025-03-28,web,
5284,Canada,2025-01-04,ios,
5285,UK,2025-03-28,web,
5286,UK,2025-02-17,android,
5287,Australia,2025-02-24,android,
5288,Canada,2025-01-01,ios,B
5289,Canada,2025-03-30,web,
5290,Canada,2025-03-07,ios,
5291,Brazil,2025-01-30,ios,
5292,Canada,2025-01-03,android,
5293,Australia,2025-01-21,web,
5294,Australia,2025-03-30,web,
5295,Brazil,2025-03-25,android,
5296,India,2025-02-18,android,
5297,Brazil,2025-03-27,web,
5298,India,2025-03-26,ios,
5299,USA,2025-03-03,ios,A
5300,USA,2025-02-07,web,
5301,UK,2025-01-15,ios,
5302,USA,2025-02-21,ios,
5303,Brazil,2025-03-20,android,A
5304,Brazil,2025-02-15,ios,
5305,Brazil,2025-01-25,android,A
5306,Germany,2025-01-21,ios,
5307,Brazil,2025-03-29,web,
5308,Canada,2025-01-05,android,A
5309,UK,2025-03-11,web,
5310,UK,2025-02-16,android,A
5311,USA,2025-03-28,ios,
5312,India,2025-03-09,web,
5313,Canada,2025-01-18,android,B
5314,Canada,2025-01-21,web,B
5315,Australia,2025-03-27,web,
5316,Canada,2025-01-23,ios,
5317,Germany,2025-03-05,android,
5318,India,2025-03-08,ios,
5319,Germany,2025-02-09,web,
5320,Canada,2025-01-10,android,A
5321,UK,2025-03-30,web,
5322,Australia,2025-02-21,web,A
5323,UK,2025-03-13,android,
5324,Germany,2025-03-16,web,
5325,USA,2025-03-02,android,A
5326,Brazil,2025-03-05,android,B
5327,Brazil,2025-01-05,android,
5328,India,2025-02-22,web,
5329,Australia,2025-02-24,ios,
5330,Australia,2025-02-06,web,
5331,UK,2025-02-25,web,B
5332,Brazil,2025-02-28,android,
5333,UK,2025-03-10,ios,
5334,Australia,2025-03-14,android,
5335,Canada,2025-02-28,web,A
5336,UK,2025-01-02,ios,B
5337,UK,2025-03-06,android,
5338,Brazil,2025-03-01,web,
5339,Brazil,2025-02-20,web,B
5340,Canada,2025-01-30,ios,B
5341,Brazil,2025-01-11,web,
5342,Germany,2025-03-17,web,
5343,Brazil,2025-02-08,web,
5344,UK,2025-03-31,web,
5345,Canada,2025-03-18,ios,
5346,UK,2025-03-13,web,
5347,Australia,2025-03-04,web,A
5348,Canada,2025-03-05,web,
5349,India,2025-03-02,ios,A
5350,USA,2025-02-23,ios,
5351,Germany,2025-03-14,android,
5352,Australia,2025-02-27,ios,
5353,Canada,2025-03-26,web,
5354,India,2025-02-25,ios,
5355,Canada,2025-02-03,ios,
5356,Germany,2025-01-31,ios,
5357,Germany,2025-02-21,web,
5358,UK,2025-03-30,android,
5359,UK,2025-03-17,android,A
5360,UK,2025-01-01,android,
5361,UK,2025-02-24,android,
5362,India,2025-01-22,ios,
5363,USA,2025-02-09,android,
5364,USA,2025-01-01,ios,
5365,Canada,2025-03-06,ios,
5366,India,2025-03-04,android,
5367,USA,2025-02-23,web,
5368,Canada,2025-02-11,android,
5369,Brazil,2025-01-21,android,A
5370,Australia,2025-03-20,ios,
5371,Australia,2025-03-22,ios,
5372,Brazil,2025-01-22,android,
5373,Brazil,2025-02-07,android,
5374,UK,2025-03-21,web,
5375,Brazil,2025-01-08,web,A
5376,Canada,2025-03-03,web,
5377,Germany,2025-02-16,ios,
5378,Germany,2025-01-17,web,
5379,Canada,2025-01-17,ios,
5380,India,2025-03-31,ios,
5381,Australia,2025-01-13,android,B
5382,Germany,2025-01-17,web,
5383,Canada,2025-02-07,android,
5384,Australia,2025-03-22,android,
5385,Canada,2025-03-19,ios,
5386,Australia,2025-02-14,web,
5387,India,2025-01-06,android,
5388,USA,2025-02-04,ios,
5389,Germany,2025-01-14,android,B
5390,Canada,2025-03-13,web,
5391,Canada,2025-03-02,ios,
5392,Germany,2025-01-15,web,
5393,India,2025-02-23,android,
5394,Germany,2025-01-27,ios,B
5395,India,2025-01-13,android,
5396,Germany,2025-01-31,android,A
5397,Australia,2025-02-04,web,
5398,Australia,2025-03-01,ios,
5399,Australia,2025-01-06,android,
5400,Canada,2025-03-10,web,
5401,UK,2025-03-27,web,
5402,Australia,2025-02-27,ios,
5403,USA,2025-02-18,android,B
5404,Australia,2025-01-23,ios,
5405,Germany,2025-03-30,ios,
5406,Canada,2025-02-03,android,
5407,USA,2025-01-26,ios,
5408,Germany,2025-02-16,ios,
5409,Germany,2025-01-05,ios,
5410,Australia,2025-03-31,web,B
5411,Australia,2025-01-20,android,
5412,UK,2025-01-06,ios,B
5413,Brazil,2025-03-11,web,
5414,Australia,2025-02-28,web,
5415,Brazil,2025-03-05,ios,
5416,USA,2025-01-18,android,
5417,USA,2025-01-04,web,
5418,UK,2025-01-17,ios,
5419,Australia,2025-01-14,android,
5420,Australia,2025-03-19,android,
5421,India,2025-01-13,ios,A
5422,USA,2025-01-07,web,
5423,Brazil,2025-02-13,android,
5424,UK,2025-01-15,android,
5425,India,2025-01-19,android,
5426,Canada,2025-03-04,android,
5427,UK,2025-02-04,web,
5428,Brazil,2025-03-22,web,
5429,Canada,2025-02-04,ios,B
5430,UK,2025-01-19,ios,
5431,Australia,2025-01-20,web,
5432,Australia,2025-02-04,ios,
5433,Germany,2025-02-01,android,
5434,Australia,2025-02-17,web,
5435,Brazil,2025-02-13,android,
5436,India,2025-01-24,web,A
5437,Australia,2025-03-02,web,
5438,UK,2025-01-17,ios,A
5439,Brazil,2025-03-12,web,
5440,Brazil,2025-02-19,ios,
5441,Australia,2025-03-06,web,
5442,Australia,2025-02-01,android,
5443,India,2025-02-05,android,
5444,Brazil,2025-01-13,android,
5445,India,2025-03-11,android,
5446,Brazil,2025-02-27,android,
5447,UK,2025-01-14,android,
5448,India,2025-02-06,web,
5449,Australia,2025-03-20,ios,
5450,India,2025-03-09,web,B
5451,Brazil,2025-02-09,android,
5452,Canada,2025-02-28,android,
5453,Germany,2025-03-21,web,
5454,Canada,2025-01-16,ios,A
5455,Canada,2025-03-03,ios,
5456,India,2025-01-04,ios,
5457,Germany,2025-02-14,ios,
5458,Canada,2025-03-31,android,
5459,USA,2025-01-28,android,A
5460,UK,2025-03-07,ios,
5461,Germany,2025-01-31,web,
5462,Canada,2025-01-03,web,A
5463,Canada,2025-01-08,android,
5464,UK,2025-01-24,web,
5465,India,2025-01-15,android,
5466,Canada,2025-02-12,android,
5467,Australia,2025-01-31,ios,
5468,UK,2025-03-14,ios,
5469,Germany,2025-02-14,ios,
5470,Canada,2025-03-07,ios,
5471,Australia,2025-01-08,ios,
5472,Canada,2025-03-12,ios,
5473,India,2025-02-26,web,
5474,Canada,2025-03-21,ios,
5475,Germany,2025-01-30,ios,A
5476,India,2025-03-15,android,
5477,Germany,2025-01-18,android,
5478,Australia,2025-03-10,ios,
5479,Australia,2025-02-08,android,
5480,India,2025-03-01,web,
5481,Canada,2025-02-12,web,
5482,Germany,2025-02-14,web,A
5483,USA,2025-01-23,web,
5484,Germany,2025-03-10,ios,
5485,Germany,2025-01-06,web,
5486,USA,2025-02-25,web,
5487,Australia,2025-01-04,web,A
5488,UK,2025-01-23,web,
5489,India,2025-01-06,android,
5490,Canada,2025-02-01,web,
5491,Australia,2025-01-18,web,
5492,Australia,2025-01-15,android,
5493,Germany,2025-02-09,android,
5494,UK,2025-03-14,ios,
5495,Brazil,2025-03-15,android,
5496,UK,2025-03-25,android,B
5497,Brazil,2025-01-06,android,
5498,India,2025-03-04,web,
5499,Brazil,2025-03-08,ios,
5500,USA,2025-01-11,ios,
5501,USA,2025-02-12,web,A
5502,UK,2025-01-17,ios,
5503,USA,2025-01-04,web,
5504,USA,2025-03-04,android,
5505,UK,2025-03-09,web,
5506,Germany,2025-03-22,web,B
5507,India,2025-02-10,android,
5508,Brazil,2025-03-24,android,
5509,UK,2025-01-05,ios,B
5510,Australia,2025-02-01,web,
5511,USA,2025-03-27,android,
5512,Brazil,2025-03-11,ios,
5513,Germany,2025-02-04,web,
5514,Canada,2025-01-22,android,
5515,India,2025-03-06,android,
5516,India,2025-03-25,web,A
5517,USA,2025-01-22,android,
5518,Germany,2025-01-11,web,
5519,India,2025-03-18,web,
5520,Brazil,2025-01-03,web,
5521,Brazil,2025-01-09,android,
5522,Canada,2025-03-01,android,A
5523,USA,2025-03-17,web,
5524,Germany,2025-03-28,ios,
5525,Australia,2025-01-14,web,A
5526,Brazil,2025-01-18,web,
5527,India,2025-03-14,web,
5528,Brazil,2025-01-23,ios,
5529,Canada,2025-03-15,android,B
5530,India,2025-03-24,android,
5531,Germany,2025-02-16,web,A
5532,USA,2025-03-10,web,
5533,Canada,2025-02-16,android,
5534,Canada,2025-03-28,web,
5535,USA,2025-01-30,android,
5536,Australia,2025-01-25,ios,
5537,USA,2025-01-28,web,
5538,UK,2025-01-25,android,
5539,USA,2025-03-15,android,
5540,USA,2025-03-19,ios,
5541,India,2025-02-27,web,
5542,Canada,2025-02-10,ios,
5543,Germany,2025-01-25,android,
5544,Germany,2025-03-19,android,
5545,Brazil,2025-02-17,ios,
5546,USA,2025-01-10,ios,
5547,Germany,2025-03-16,ios,A
5548,Australia,2025-01-11,web,
5549,Australia,2025-03-26,android,
5550,Australia,2025-01-21,web,
5551,Germany,2025-03-27,web,B
5552,Canada,2025-02-14,ios,
5553,Germany,2025-01-07,web,
5554,Germany,2025-03-22,web,
5555,India,2025-03-05,ios,B
5556,USA,2025-03-05,ios,
5557,Germany,2025-01-02,ios,B
5558,India,2025-03-17,android,
5559,UK,2025-02-11,android,
5560,Brazil,2025-03-23,web,
5561,Australia,2025-02-23,web,
5562,India,2025-03-16,android,
5563,Brazil,2025-01-16,web,
5564,Brazil,2025-01-18,ios,B
5565,UK,2025-02-28,android,
5566,UK,2025-03-31,web,
5567,UK,2025-01-16,web,
5568,Australia,2025-01-06,web,B
5569,India,2025-02-26,android,
5570,UK,2025-02-16,android,
5571,Canada,2025-02-17,android,
5572,Germany,2025-02-11,ios,A
5573,India,2025-03-17,web,
5574,USA,2025-03-01,web,B
5575,UK,2025-03-18,ios,
5576,India,2025-01-04,android,
5577,UK,2025-01-02,android,
5578,Brazil,2025-03-31,android,A
5579,Germany,2025-02-28,ios,
5580,Brazil,2025-01-27,web,
5581,Australia,2025-01-27,ios,A
5582,UK,2025-03-20,web,
5583,India,2025-03-13,web,
5584,Canada,2025-01-07,web,A
5585,Germany,2025-03-04,ios,
5586,Brazil,2025-02-15,android,
5587,Australia,2025-03-04,android,
5588,Germany,2025-01-12,ios,B
5589,Germany,2025-01-13,web,
5590,UK,2025-02-12,ios,A
5591,Germany,2025-01-17,android,A
5592,USA,2025-03-04,ios,A
5593,USA,2025-03-22,web,A
5594,Brazil,2025-02-05,android,A
5595,Brazil,2025-03-26,web,
5596,Canada,2025-01-08,ios,A
5597,India,2025-03-10,web,
5598,UK,2025-03-31,ios,B
5599,Brazil,2025-03-21,android,
5600,India,2025-02-05,android,A
5601,Canada,2025-01-28,android,
5602,Australia,2025-02-16,web,
5603,Brazil,2025-03-17,ios,
5604,India,2025-01-30,ios,
5605,Australia,2025-01-23,ios,
5606,UK,2025-01-16,web,
5607,UK,2025-01-14,ios,
5608,Brazil,2025-03-15,android,
5609,USA,2025-03-12,ios,
5610,Germany,2025-02-21,web,A
5611,Brazil,2025-02-06,android,
5612,India,2025-01-29,android,
5613,Australia,2025-03-08,web,B
5614,UK,2025-01-15,android,
5615,Brazil,2025-02-16,ios,
5616,UK,2025-02-15,web,
5617,Brazil,2025-02-21,ios,
5618,UK,2025-01-19,web,B
5619,USA,2025-03-18,web,
5620,India,2025-01-21,web,A
5621,Brazil,2025-03-05,ios,
5622,UK,2025-02-06,web,A
5623,Brazil,2025-01-27,android,
5624,India,2025-02-24,ios,
5625,Brazil,2025-01-29,web,
5626,Australia,2025-01-20,web,
5627,Germany,2025-01-25,ios,
5628,UK,2025-03-11,android,A
5629,India,2025-03-04,android,
5630,Canada,2025-02-05,web,
5631,USA,2025-01-02,web,
5632,Germany,2025-01-22,android,
5633,Brazil,2025-01-16,web,
5634,Canada,2025-01-18,android,
5635,Brazil,2025-03-10,android,
5636,Germany,2025-02-23,android,B
5637,Australia,2025-01-30,android,
5638,USA,2025-02-14,web,
5639,USA,2025-01-19,ios,
5640,Brazil,2025-03-28,ios,
5641,Brazil,2025-02-03,android,
5642,Australia,2025-01-13,web,
5643,USA,2025-02-12,ios,
5644,USA,2025-03-03,ios,A
5645,USA,2025-01-22,android,B
5646,Canada,2025-02-21,android,
5647,Brazil,2025-02-21,web,
5648,UK,2025-02-05,ios,
5649,Germany,2025-03-14,android,
5650,USA,2025-01-19,android,A
5651,Australia,2025-02-07,web,
5652,Brazil,2025-03-11,android,
5653,India,2025-03-20,android,
5654,Brazil,2025-02-26,android,
5655,UK,2025-01-20,android,
5656,UK,2025-01-09,android,
5657,Canada,2025-02-01,web,
5658,Australia,2025-01-04,android,
5659,Australia,2025-02-19,ios,B
5660,USA,2025-03-23,android,
5661,Germany,2025-01-05,android,
5662,Brazil,2025-01-20,ios,
5663,Germany,2025-03-28,ios,
5664,India,2025-03-16,android,A
5665,Germany,2025-02-06,web,A
5666,Australia,2025-01-22,ios,
5667,Germany,2025-02-27,web,A
5668,USA,2025-03-09,android,
5669,Australia,2025-02-13,android,
5670,Australia,2025-02-03,ios,
5671,India,2025-03-18,ios,B
5672,Canada,2025-02-11,web,
5673,UK,2025-01-09,android,
5674,Germany,2025-01-07,ios,
5675,Australia,2025-03-09,ios,
5676,Australia,2025-01-19,ios,
5677,India,2025-01-31,web,A
5678,India,2025-02-04,android,B
5679,UK,2025-02-26,ios,
5680,USA,2025-03-26,ios,
5681,India,2025-03-02,ios,
5682,UK,2025-01-31,android,
5683,Brazil,2025-03-24,web,
5684,India,2025-02-22,web,
5685,Australia,2025-02-01,android,A
5686,Brazil,2025-03-07,web,
5687,Brazil,2025-02-28,web,
5688,Australia,2025-01-10,ios,
5689,India,2025-01-02,web,
5690,UK,2025-03-07,ios,
5691,Australia,2025-03-01,web,
5692,Australia,2025-03-29,ios,
5693,Brazil,2025-01-17,android,
5694,USA,2025-01-16,android,
5695,Germany,2025-01-16,web,A
5696,Canada,2025-02-15,ios,
5697,Brazil,2025-02-08,android,
5698,Brazil,2025-01-31,android,
5699,Germany,2025-03-29,web,
5700,UK,2025-01-01,ios,
5701,USA,2025-01-11,ios,B
5702,USA,2025-03-26,android,
5703,Brazil,2025-01-04,web,A
5704,Australia,2025-03-12,android,
5705,India,2025-01-26,android,
5706,India,2025-02-19,web,
5707,Canada,2025-01-12,web,
5708,Brazil,2025-03-22,web,
5709,Canada,2025-03-16,ios,
5710,India,2025-03-06,web,
5711,USA,2025-02-16,web,
5712,USA,2025-02-22,android,
5713,Germany,2025-03-12,web,
5714,USA,2025-01-02,web,A
5715,Canada,2025-01-24,android,
5716,UK,2025-01-04,ios,
5717,USA,2025-01-19,web,
5718,Australia,2025-01-26,android,
5719,Australia,2025-03-16,ios,
5720,Brazil,2025-02-09,ios,
5721,Canada,2025-02-19,web,
5722,India,2025-02-12,ios,A
5723,India,2025-03-16,web,A
5724,USA,2025-03-08,ios,
5725,USA,2025-01-12,ios,
5726,India,2025-03-08,ios,
5727,India,2025-01-27,web,
5728,USA,2025-02-23,ios,
5729,UK,2025-03-07,android,
5730,UK,2025-02-18,android,
5731,India,2025-01-16,ios,
5732,Germany,2025-01-02,web,
5733,UK,2025-03-01,android,
5734,Brazil,2025-02-23,ios,
5735,Canada,2025-01-30,android,
5736,India,2025-03-25,android,
5737,Australia,2025-02-07,android,
5738,UK,2025-01-28,android,B
5739,Australia,2025-01-25,android,B
5740,USA,2025-01-10,ios,
5741,Germany,2025-03-01,android,B
5742,Canada,2025-02-11,ios,
5743,Canada,2025-02-09,android,
5744,Australia,2025-03-18,web,
5745,USA,2025-02-11,ios,A
5746,Canada,2025-02-16,web,
5747,USA,2025-02-06,web,
5748,Germany,2025-03-21,android,A
5749,India,2025-01-22,android,
5750,Australia,2025-02-26,android,
5751,Australia,2025-03-25,android,
5752,Australia,2025-01-27,android,
5753,Canada,2025-02-10,web,
5754,USA,2025-03-21,web,
5755,Canada,2025-02-03,android,
5756,India,2025-02-01,android,
5757,India,2025-03-31,ios,
5758,India,2025-03-30,ios,B
5759,Canada,2025-03-07,web,
5760,USA,2025-01-12,web,
5761,Australia,2025-02-09,web,
5762,India,2025-03-14,android,
5763,USA,2025-03-17,web,A
5764,India,2025-03-31,web,
5765,Brazil,2025-03-14,web,
5766,USA,2025-01-10,ios,A
5767,Brazil,2025-02-17,web,
5768,India,2025-01-20,web,
5769,USA,2025-02-08,ios,A
5770,Canada,2025-03-01,web,
5771,Germany,2025-03-07,android,
5772,Brazil,2025-03-06,ios,B
5773,Australia,2025-02-20,web,
5774,UK,2025-02-05,ios,
5775,UK,2025-01-24,web,
5776,Germany,2025-01-27,web,
5777,Germany,2025-01-02,ios,
5778,Canada,2025-01-31,android,
5779,UK,2025-02-26,ios,
5780,USA,2025-03-19,android,
5781,India,2025-03-07,android,
5782,USA,2025-01-29,ios,
5783,Australia,2025-01-15,web,
5784,Australia,2025-01-12,android,
5785,UK,2025-01-28,ios,
5786,Australia,2025-03-25,web,
5787,Australia,2025-01-24,web,
5788,Brazil,2025-01-21,web,
5789,Brazil,2025-01-10,ios,
5790,India,2025-03-19,ios,
5791,India,2025-01-18,web,
5792,Canada,2025-03-29,web,A
5793,UK,2025-01-14,web,
5794,UK,2025-02-03,web,
5795,India,2025-02-27,ios,
5796,Brazil,2025-03-17,web,
5797,Germany,2025-01-22,android,
5798,Germany,2025-03-11,android,
5799,Germany,2025-02-05,ios,
5800,Brazil,2025-02-14,android,
5801,USA,2025-02-05,android,
5802,USA,2025-01-22,android,
5803,Brazil,2025-03-19,ios,
5804,Australia,2025-03-21,android,
5805,USA,2025-03-02,web,
5806,Germany,2025-02-25,android,
5807,Brazil,2025-03-30,android,A
5808,India,2025-02-02,android,B
5809,Brazil,2025-02-14,web,A
5810,UK,2025-02-05,ios,
5811,Germany,2025-01-20,ios,A
5812,Canada,2025-01-18,android,A
5813,Germany,2025-02-07,web,
5814,UK,2025-03-08,android,
5815,Germany,2025-01-23,ios,
5816,Canada,2025-01-16,ios,
5817,UK,2025-02-28,web,A
5818,Canada,2025-03-10,web,
5819,UK,2025-03-09,ios,
5820,Germany,2025-01-21,ios,B
5821,Brazil,2025-03-19,ios,B
5822,UK,2025-03-19,android,
5823,India,2025-03-11,ios,
5824,UK,2025-01-12,ios,
5825,India,2025-01-16,web,
5826,Brazil,2025-03-22,ios,
5827,UK,2025-03-28,ios,
5828,Australia,2025-01-14,web,B
5829,UK,2025-03-02,ios,
5830,UK,2025-03-12,web,
5831,Australia,2025-02-15,web,
5832,India,2025-02-01,web,
5833,Brazil,2025-01-15,web,
5834,Germany,2025-02-13,web,
5835,Canada,2025-01-17,web,
5836,Canada,2025-02-10,web,B
5837,USA,2025-02-23,ios,A
5838,Australia,2025-02-13,android,
5839,UK,2025-01-05,ios,A
5840,UK,2025-01-27,web,
5841,UK,2025-03-28,web,
5842,Germany,2025-03-19,ios,
5843,Brazil,2025-03-20,android,
5844,India,2025-02-12,ios,
5845,Germany,2025-01-31,ios,B
5846,Brazil,2025-01-17,ios,
5847,USA,2025-03-24,android,
5848,Canada,2025-02-23,web,B
5849,Brazil,2025-03-03,android,
5850,Brazil,2025-03-28,ios,
5851,India,2025-02-01,ios,A
5852,Brazil,2025-02-09,android,
5853,Brazil,2025-01-13,android,
5854,Canada,2025-03-25,web,
5855,Australia,2025-02-04,web,
5856,UK,2025-01-05,android,
5857,India,2025-03-14,web,
5858,Australia,2025-01-29,ios,
5859,Brazil,2025-03-11,android,
5860,Brazil,2025-01-25,web,
5861,Australia,2025-01-22,ios,
5862,UK,2025-03-07,android,
5863,Australia,2025-02-14,web,
5864,India,2025-03-10,ios,
5865,USA,2025-03-30,android,A
5866,India,2025-03-13,web,
5867,Germany,2025-01-01,ios,B
5868,Australia,2025-03-25,ios,
5869,Brazil,2025-02-13,ios,
5870,Canada,2025-03-28,ios,
5871,Germany,2025-03-16,android,B
5872,Germany,2025-02-08,ios,
5873,USA,2025-02-23,android,
5874,Brazil,2025-03-29,android,B
5875,India,2025-03-16,web,
5876,Canada,2025-01-29,android,
5877,UK,2025-02-23,ios,
5878,Australia,2025-03-31,android,
5879,Brazil,2025-01-16,android,
5880,Germany,2025-01-20,web,B
5881,Germany,2025-02-15,android,
5882,Australia,2025-03-08,web,
5883,Australia,2025-03-06,android,
5884,Brazil,2025-02-27,web,
5885,Australia,2025-02-22,android,
5886,USA,2025-01-01,ios,
5887,India,2025-03-22,android,
5888,Canada,2025-03-07,web,A
5889,UK,2025-01-29,web,
5890,Canada,2025-03-25,ios,A
5891,Canada,2025-03-11,ios,
5892,USA,2025-01-08,web,
5893,Canada,2025-01-29,ios,
5894,Canada,2025-02-20,android,
5895,India,2025-02-02,android,
5896,Brazil,2025-01-03,ios,
5897,USA,2025-03-01,android,A
5898,Canada,2025-02-04,android,
5899,UK,2025-03-10,ios,
5900,India,2025-03-17,web,
5901,Brazil,2025-03-25,android,B
5902,Australia,2025-01-20,ios,
5903,Australia,2025-03-14,web,B
5904,India,2025-02-08,android,
5905,UK,2025-01-04,android,
5906,Brazil,2025-01-19,ios,
5907,Germany,2025-02-14,android,
5908,Germany,2025-02-12,web,
5909,USA,2025-01-13,ios,B
5910,Brazil,2025-01-13,ios,
5911,Australia,2025-03-01,ios,B
5912,Brazil,2025-02-26,ios,
5913,USA,2025-03-27,web,
5914,Canada,2025-02-21,web,
5915,India,2025-02-22,web,
5916,USA,2025-03-27,web,
5917,Canada,2025-02-12,web,
5918,Brazil,2025-03-24,web,
5919,Canada,2025-03-13,ios,
5920,Germany,2025-03-13,ios,
5921,India,2025-02-11,ios,
5922,Canada,2025-03-31,web,B
5923,Australia,2025-01-26,ios,
5924,Brazil,2025-01-23,web,
5925,Australia,2025-02-12,ios,
5926,UK,2025-03-18,web,
5927,Australia,2025-01-28,web,
5928,Germany,2025-01-09,web,
5929,Germany,2025-01-20,android,
5930,USA,2025-02-25,android,
5931,Brazil,2025-03-24,web,
5932,Brazil,2025-02-08,ios,
5933,Australia,2025-02-20,web,
5934,Australia,2025-01-12,web,
5935,USA,2025-03-20,android,
5936,Brazil,2025-02-24,web,
5937,Brazil,2025-03-19,android,A
5938,Canada,2025-01-11,ios,
5939,Germany,2025-01-26,ios,
5940,India,2025-02-11,ios,
5941,UK,2025-01-27,web,B
5942,UK,2025-01-11,android,
5943,India,2025-02-07,web,B
5944,UK,2025-02-12,ios,
5945,India,2025-01-19,web,
5946,Brazil,2025-03-05,android,
5947,USA,2025-01-06,android,
5948,Canada,2025-02-15,ios,
5949,Brazil,2025-02-11,ios,B
5950,Australia,2025-03-06,ios,
5951,USA,2025-03-13,web,
5952,Australia,2025-02-28,android,
5953,India,2025-02-21,web,A
5954,Australia,2025-02-16,ios,
5955,Brazil,2025-01-07,android,
5956,Australia,2025-01-11,ios,
5957,India,2025-03-02,android,B
5958,Canada,2025-03-09,android,
5959,Canada,2025-01-25,ios,
5960,Australia,2025-01-12,android,
5961,Germany,2025-01-26,android,B
5962,Australia,2025-01-12,ios,
5963,Canada,2025-02-12,android,A
5964,Canada,2025-02-20,ios,A
5965,India,2025-02-06,web,
5966,Canada,2025-02-15,web,A
5967,Brazil,2025-02-22,ios,
5968,USA,2025-03-29,android,
5969,Germany,2025-03-21,web,
5970,Brazil,2025-01-13,ios,B
5971,Brazil,2025-03-30,ios,
5972,Brazil,2025-02-23,android,
5973,Australia,2025-02-26,android,
5974,Germany,2025-01-04,android,
5975,Brazil,2025-03-16,ios,
5976,Canada,2025-02-18,web,
5977,USA,2025-01-07,ios,
5978,Canada,2025-01-11,android,A
5979,Brazil,2025-02-23,android,
5980,UK,2025-03-28,ios,A
5981,India,2025-02-14,android,A
5982,Australia,2025-01-23,android,
5983,UK,2025-01-28,ios,A
5984,Canada,2025-02-26,web,
5985,USA,2025-01-26,android,
5986,USA,2025-01-25,web,
5987,India,2025-02-23,web,
5988,USA,2025-01-29,web,
5989,USA,2025-03-24,web,
5990,Brazil,2025-02-05,android,
5991,India,2025-01-14,android,A
5992,Australia,2025-03-19,ios,B
5993,UK,2025-02-04,android,
5994,Brazil,2025-01-30,ios,
5995,Brazil,2025-01-17,web,
5996,UK,2025-03-08,ios,
5997,USA,2025-03-21,ios,
5998,Germany,2025-01-30,android,
5999,Australia,2025-02-14,ios,
6000,Canada,2025-03-20,web,
6001,Australia,2025-03-30,android,
6002,Germany,2025-02-20,android,A
6003,Canada,2025-02-16,android,
6004,Australia,2025-02-22,web,
6005,USA,2025-03-05,ios,
6006,Australia,2025-02-07,android,
6007,Brazil,2025-03-05,ios,
6008,UK,2025-03-28,web,
6009,Germany,2025-03-30,web,
6010,Brazil,2025-01-07,web,
6011,Germany,2025-01-22,android,
6012,UK,2025-03-22,android,
6013,Brazil,2025-03-23,ios,
6014,Australia,2025-02-10,ios,
6015,Australia,2025-03-15,android,
6016,India,2025-01-10,web,
6017,Brazil,2025-02-26,web,
6018,India,2025-01-07,android,
6019,USA,2025-02-19,ios,
6020,UK,2025-02-21,web,A
6021,Germany,2025-02-02,android,
6022,USA,2025-01-01,ios,
6023,USA,2025-02-22,ios,
6024,Canada,2025-03-01,web,
6025,Canada,2025-02-03,web,
6026,Brazil,2025-01-04,web,
6027,Brazil,2025-01-17,web,
6028,Canada,2025-01-04,ios,
6029,Canada,2025-02-12,android,B
6030,India,2025-03-31,ios,A
6031,India,2025-01-04,web,B
6032,USA,2025-01-01,android,
6033,USA,2025-03-12,ios,
6034,Brazil,2025-02-19,android,
6035,Brazil,2025-03-14,ios,
6036,Australia,2025-03-02,android,
6037,Australia,2025-02-04,ios,
6038,Germany,2025-01-08,ios,
6039,UK,2025-01-24,web,
6040,Germany,2025-03-24,ios,
6041,UK,2025-02-05,web,
6042,USA,2025-02-19,ios,A
6043,Brazil,2025-02-12,android,
6044,Germany,2025-01-27,android,
6045,Canada,2025-02-01,web,
6046,UK,2025-03-19,ios,
6047,Australia,2025-01-18,web,
6048,Canada,2025-01-28,android,
6049,Canada,2025-01-29,ios,
6050,India,2025-01-16,web,
6051,UK,2025-02-16,android,
6052,UK,2025-02-28,android,
6053,Canada,2025-01-31,ios,
6054,Brazil,2025-01-04,ios,
6055,Germany,2025-02-06,ios,
6056,USA,2025-01-17,web,B
6057,Germany,2025-02-08,web,B
6058,USA,2025-02-17,ios,
6059,Canada,2025-02-15,ios,A
6060,Australia,2025-03-31,ios,
6061,India,2025-02-17,android,
6062,Canada,2025-02-08,ios,B
6063,Canada,2025-01-04,web,
6064,Brazil,2025-01-30,android,
6065,UK,2025-01-30,ios,
6066,Canada,2025-01-22,web,
6067,Germany,2025-03-16,android,
6068,Germany,2025-03-07,android,
6069,USA,2025-01-12,web,
6070,Australia,2025-02-05,web,B
6071,Germany,2025-01-18,android,
6072,Australia,2025-03-31,web,
6073,UK,2025-02-22,android,
6074,USA,2025-03-12,android,
6075,UK,2025-01-01,android,
6076,Canada,2025-02-27,android,
6077,Australia,2025-03-31,ios,
6078,USA,2025-03-28,web,
6079,UK,2025-03-31,ios,B
6080,USA,2025-01-06,ios,A
6081,Brazil,2025-03-11,ios,
6082,Germany,2025-02-13,ios,
6083,UK,2025-03-13,android,
6084,Australia,2025-01-24,android,
6085,India,2025-03-27,android,
6086,Canada,2025-01-19,android,
6087,Brazil,2025-01-18,ios,
6088,Brazil,2025-01-30,android,
6089,Canada,2025-02-11,ios,
6090,UK,2025-02-02,android,
6091,UK,2025-03-15,web,
6092,Australia,2025-01-12,web,
6093,India,2025-01-27,web,
6094,Canada,2025-02-08,web,
6095,UK,2025-01-09,android,B
6096,Canada,2025-01-21,web,A
6097,India,2025-03-17,web,
6098,UK,2025-01-29,ios,
6099,India,2025-02-02,web,A
6100,USA,2025-03-03,android,
6101,Germany,2025-01-15,ios,
6102,Germany,2025-01-02,android,
6103,UK,2025-02-21,ios,A
6104,UK,2025-02-13,android,
6105,Australia,2025-02-23,web,
6106,Germany,2025-01-18,ios,
6107,Australia,2025-01-03,web,
6108,Germany,2025-01-07,android,A
6109,India,2025-02-12,android,
6110,India,2025-03-23,ios,
6111,USA,2025-02-07,android,
6112,Australia,2025-02-06,android,
6113,USA,2025-02-27,ios,
6114,India,2025-02-02,web,
6115,USA,2025-02-28,ios,
6116,Brazil,2025-01-11,android,
6117,Australia,2025-03-09,android,
6118,Canada,2025-03-23,ios,A
6119,Australia,2025-03-09,ios,
6120,India,2025-03-29,web,
6121,USA,2025-01-22,android,A
6122,USA,2025-03-07,android,B
6123,UK,2025-02-13,web,
6124,UK,2025-01-06,ios,
6125,UK,2025-02-11,ios,B
6126,Germany,2025-01-25,web,
6127,Canada,2025-02-26,ios,
6128,Germany,2025-03-26,web,
6129,Germany,2025-02-24,ios,
6130,India,2025-01-16,ios,
6131,UK,2025-01-14,ios,
6132,UK,2025-02-08,web,B
6133,India,2025-01-28,web,
6134,Germany,2025-02-20,web,
6135,Canada,2025-02-18,android,
6136,USA,2025-01-09,android,
6137,Brazil,2025-02-27,web,
6138,UK,2025-02-14,android,
6139,Germany,2025-01-22,android,A
6140,USA,2025-02-01,ios,A
6141,UK,2025-03-10,ios,
6142,UK,2025-03-28,ios,
6143,Brazil,2025-03-10,android,
6144,Germany,2025-02-11,android,
6145,Canada,2025-02-22,web,B
6146,India,2025-02-28,android,
6147,USA,2025-03-15,android,A
6148,Australia,2025-02-08,web,
6149,Australia,2025-01-15,web,
6150,USA,2025-03-12,web,A
6151,Germany,2025-01-29,ios,
6152,USA,2025-01-03,web,
6153,Australia,2025-03-24,ios,
6154,Australia,2025-01-10,android,
6155,India,2025-01-29,android,
6156,Australia,2025-03-20,ios,
6157,Australia,2025-02-04,ios,
6158,USA,2025-01-06,ios,
6159,Germany,2025-01-12,android,
6160,India,2025-02-07,android,B
6161,Brazil,2025-03-18,web,
6162,Canada,2025-01-19,web,
6163,Germany,2025-03-08,android,
6164,Canada,2025-01-08,web,
6165,Brazil,2025-01-08,web,
6166,USA,2025-03-25,ios,
6167,Canada,2025-02-16,android,
6168,India,2025-01-04,ios,
6169,Canada,2025-02-20,android,
6170,USA,2025-03-26,android,A
6171,Germany,2025-03-08,ios,
6172,Brazil,2025-02-14,android,
6173,Brazil,2025-01-08,ios,B
6174,USA,2025-03-28,ios,
6175,Germany,2025-01-16,android,
6176,Australia,2025-03-18,android,A
6177,Australia,2025-03-08,ios,
6178,USA,2025-01-09,web,
6179,Canada,2025-03-01,web,
6180,UK,2025-03-19,android,
6181,Germany,2025-03-18,android,
6182,Germany,2025-03-12,web,
6183,India,2025-01-15,android,
6184,UK,2025-03-12,android,
6185,Australia,2025-02-10,web,
6186,Brazil,2025-01-22,android,
6187,USA,2025-01-24,web,B
6188,Brazil,2025-02-13,web,
6189,Germany,2025-01-01,web,
6190,Canada,2025-01-10,android,
6191,USA,2025-03-21,ios,
6192,Australia,2025-03-13,ios,
6193,Brazil,2025-02-25,ios,
6194,USA,2025-03-30,android,
6195,Brazil,2025-02-19,android,
6196,USA,2025-01-12,android,A
6197,Brazil,2025-03-30,android,
6198,Brazil,2025-03-22,ios,
6199,USA,2025-03-01,web,
6200,India,2025-01-26,android,
6201,USA,2025-03-19,android,
6202,Canada,2025-02-10,android,
6203,Brazil,2025-02-05,web,
6204,UK,2025-01-23,ios,
6205,Germany,2025-02-12,android,
6206,India,2025-01-06,ios,
6207,Canada,2025-03-10,android,
6208,USA,2025-02-12,ios,
6209,Germany,2025-01-25,android,B
6210,Canada,2025-01-18,ios,
6211,India,2025-03-03,android,A
6212,UK,2025-01-13,android,B
6213,Australia,2025-02-12,ios,A
6214,Germany,2025-03-19,ios,
6215,Canada,2025-01-28,web,
6216,USA,2025-01-18,web,
6217,UK,2025-02-28,web,
6218,USA,2025-03-01,web,
6219,Canada,2025-03-04,ios,
6220,Germany,2025-02-26,web,
6221,USA,2025-02-20,android,
6222,Canada,2025-02-25,ios,
6223,UK,2025-01-27,android,
6224,Australia,2025-02-01,web,
6225,UK,2025-01-09,web,
6226,Germany,2025-03-25,web,
6227,Germany,2025-03-09,ios,
6228,Brazil,2025-02-15,android,
6229,UK,2025-03-08,android,
6230,Canada,2025-01-26,ios,
6231,Brazil,2025-01-08,web,
6232,USA,2025-01-06,web,
6233,Germany,2025-03-21,ios,
6234,Canada,2025-01-24,android,
6235,India,2025-02-17,android,
6236,Canada,2025-02-14,android,A
6237,USA,2025-01-13,android,
6238,Brazil,2025-03-10,web,
6239,UK,2025-01-25,web,
6240,Germany,2025-01-20,ios,B
6241,Germany,2025-03-23,ios,
6242,Canada,2025-03-23,ios,
6243,Australia,2025-03-07,web,
6244,USA,2025-03-15,web,
6245,Canada,2025-02-14,web,A
6246,USA,2025-02-16,ios,
6247,Germany,2025-03-04,web,
6248,Brazil,2025-03-17,android,
6249,UK,2025-03-18,web,A
6250,Germany,2025-02-24,android,
6251,Germany,2025-03-16,android,
6252,USA,2025-01-19,android,
6253,UK,2025-02-04,web,
6254,Germany,2025-02-22,ios,
6255,USA,2025-01-26,android,
6256,India,2025-01-14,android,
6257,Australia,2025-02-14,web,
6258,Germany,2025-02-13,web,
6259,India,2025-03-29,android,
6260,UK,2025-03-06,ios,B
6261,UK,2025-02-20,web,A
6262,Germany,2025-02-12,android,B
6263,Australia,2025-03-27,ios,
6264,Canada,2025-01-23,web,
6265,Brazil,2025-02-25,ios,A
6266,USA,2025-01-19,android,
6267,USA,2025-03-23,ios,
6268,Brazil,2025-03-17,android,
6269,Australia,2025-02-24,web,
6270,India,2025-03-01,android,
6271,Canada,2025-02-28,android,A
6272,Canada,2025-02-02,web,
6273,UK,2025-01-19,android,
6274,Germany,2025-01-28,ios,
6275,USA,2025-02-21,web,A
6276,USA,2025-02-18,ios,B
6277,Germany,2025-02-06,web,
6278,Germany,2025-01-26,android,A
6279,USA,2025-02-09,ios,B
6280,USA,2025-03-21,web,
6281,USA,2025-02-07,ios,
6282,Germany,2025-03-18,web,
6283,Canada,2025-03-28,web,B
6284,India,2025-02-23,ios,
6285,USA,2025-01-22,ios,
6286,Australia,2025-01-16,ios,A
6287,Australia,2025-01-28,ios,
6288,India,2025-02-04,web,A
6289,USA,2025-03-01,ios,
6290,Germany,2025-02-14,ios,A
6291,Brazil,2025-02-15,ios,
6292,India,2025-03-13,ios,
6293,Australia,2025-02-24,ios,
6294,Australia,2025-03-27,ios,
6295,Brazil,2025-03-26,android,B
6296,USA,2025-01-26,android,
6297,Australia,2025-03-26,web,B
6298,USA,2025-01-25,ios,
6299,Canada,2025-03-06,ios,
6300,Germany,2025-01-06,web,
6301,Brazil,2025-01-23,ios,
6302,Brazil,2025-03-05,ios,
6303,USA,2025-03-28,ios,
6304,Australia,2025-02-12,android,
6305,UK,2025-01-23,ios,A
6306,Australia,2025-01-30,android,
6307,Australia,2025-03-18,ios,
6308,Canada,2025-01-18,ios,
6309,Australia,2025-03-28,web,
6310,UK,2025-03-20,web,
6311,Brazil,2025-01-21,ios,
6312,Australia,2025-02-26,ios,
6313,Brazil,2025-01-23,ios,
6314,Australia,2025-02-14,android,
6315,India,2025-02-13,ios,B
6316,USA,2025-03-23,web,B
6317,UK,2025-03-29,android,
6318,Germany,2025-02-16,ios,
6319,India,2025-02-09,android,
6320,UK,2025-02-20,android,
6321,USA,2025-02-11,android,
6322,USA,2025-01-07,android,
6323,Canada,2025-02-19,ios,
6324,USA,2025-02-17,web,
6325,UK,2025-03-25,android,
6326,USA,2025-01-06,web,
6327,Australia,2025-01-09,android,
6328,Canada,2025-02-26,web,
6329,Germany,2025-01-31,android,
6330,Australia,2025-01-21,android,
6331,Canada,2025-03-31,ios,
6332,USA,2025-02-09,ios,
6333,India,2025-02-14,android,B
6334,Canada,2025-03-18,web,
6335,Germany,2025-02-18,ios,
6336,Australia,2025-03-28,ios,
6337,India,2025-01-20,ios,
6338,Canada,2025-01-17,ios,
6339,Canada,2025-01-28,android,B
6340,India,2025-02-10,web,
6341,Australia,2025-03-07,ios,
6342,Brazil,2025-01-25,ios,
6343,Brazil,2025-02-27,web,A
6344,USA,2025-02-10,ios,
6345,Germany,2025-01-06,web,
6346,Australia,2025-03-16,android,A
6347,UK,2025-02-07,ios,
6348,Brazil,2025-01-06,web,
6349,Germany,2025-02-14,ios,A
6350,Brazil,2025-03-16,android,
6351,Canada,2025-01-14,web,
6352,Germany,2025-03-07,web,
6353,USA,2025-02-09,web,
6354,India,2025-01-03,ios,
6355,Brazil,2025-01-24,web,
6356,Australia,2025-01-19,web,A
6357,India,2025-01-18,web,
6358,Canada,2025-03-05,android,
6359,India,2025-03-29,web,
6360,Australia,2025-02-04,web,
6361,Australia,2025-03-03,web,
6362,Australia,2025-01-01,android,
6363,UK,2025-01-25,web,
6364,UK,2025-02-14,ios,
6365,USA,2025-02-18,web,
6366,Germany,2025-03-30,ios,
6367,Australia,2025-01-16,android,A
6368,USA,2025-01-19,android,B
6369,Germany,2025-01-23,web,
6370,Canada,2025-03-24,web,
6371,Australia,2025-01-25,android,B
6372,UK,2025-01-16,android,
6373,USA,2025-02-23,android,A
6374,Germany,2025-03-14,ios,
6375,Canada,2025-01-01,ios,B
6376,UK,2025-02-11,web,A
6377,Germany,2025-01-19,ios,
6378,USA,2025-02-03,android,
6379,Brazil,2025-03-21,web,
6380,Brazil,2025-02-24,ios,
6381,Canada,2025-01-18,web,A
6382,USA,2025-02-03,ios,
6383,Canada,2025-03-30,web,A
6384,India,2025-02-14,android,A
6385,Canada,2025-01-06,android,
6386,Australia,2025-01-21,android,
6387,Brazil,2025-03-11,ios,
6388,Canada,2025-02-17,web,
6389,Brazil,2025-02-08,web,
6390,Brazil,2025-01-31,web,
6391,India,2025-01-10,ios,
6392,UK,2025-01-30,android,
6393,UK,2025-01-18,android,
6394,Australia,2025-03-01,web,B
6395,India,2025-03-29,web,
6396,Canada,2025-03-14,ios,
6397,India,2025-01-15,web,
6398,USA,2025-01-04,web,
6399,USA,2025-03-04,ios,B
6400,Australia,2025-02-09,web,B
6401,Canada,2025-01-09,android,
6402,USA,2025-01-09,ios,
6403,UK,2025-01-26,android,
6404,Canada,2025-01-04,web,
6405,Australia,2025-03-22,web,
6406,Germany,2025-01-16,ios,
6407,Brazil,2025-01-15,ios,B
6408,USA,2025-02-21,ios,
6409,Australia,2025-03-10,ios,
6410,Brazil,2025-01-05,web,
6411,India,2025-01-20,web,A
6412,UK,2025-03-20,android,
6413,USA,2025-01-18,android,
6414,Canada,2025-01-02,ios,
6415,Canada,2025-01-13,web,
6416,Germany,2025-01-04,ios,
6417,Canada,2025-02-11,ios,
6418,UK,2025-03-15,ios,
6419,India,2025-03-02,ios,
6420,Canada,2025-01-08,ios,
6421,Australia,2025-03-08,web,
6422,Australia,2025-03-04,android,A
6423,Canada,2025-01-09,ios,
6424,Canada,2025-01-11,web,
6425,Brazil,2025-02-11,ios,A
6426,UK,2025-01-13,web,
6427,Australia,2025-02-05,android,
6428,Brazil,2025-01-13,android,
6429,Canada,2025-01-12,web,
6430,USA,2025-02-06,ios,
6431,Canada,2025-03-15,android,
6432,Canada,2025-03-14,ios,A
6433,India,2025-02-21,ios,
6434,Germany,2025-03-12,web,B
6435,UK,2025-01-02,ios,
6436,Canada,2025-02-25,web,
6437,Brazil,2025-03-01,web,
6438,India,2025-01-23,web,
6439,Australia,2025-02-09,android,
6440,India,2025-03-05,ios,
6441,Australia,2025-03-26,web,
6442,USA,2025-01-23,web,
6443,UK,2025-01-29,ios,
6444,USA,2025-03-19,android,
6445,USA,2025-03-31,web,B
6446,USA,2025-02-20,web,
6447,India,2025-03-10,web,A
6448,Brazil,2025-03-30,web,
6449,Brazil,2025-01-31,ios,
6450,Germany,2025-02-19,web,B
6451,Canada,2025-01-20,android,A
6452,Germany,2025-02-24,ios,
6453,Brazil,2025-03-22,android,
6454,USA,2025-01-02,ios,A
6455,India,2025-01-25,ios,
6456,USA,2025-01-13,ios,
6457,USA,2025-03-11,android,B
6458,Australia,2025-03-08,android,
6459,USA,2025-02-27,web,
6460,UK,2025-03-23,android,B
6461,UK,2025-03-16,web,
6462,USA,2025-03-25,ios,
6463,Germany,2025-03-05,web,
6464,Germany,2025-03-10,android,
6465,Brazil,2025-03-24,ios,
6466,India,2025-03-27,ios,
6467,UK,2025-02-28,web,
6468,Canada,2025-03-01,web,
6469,USA,2025-03-24,android,
6470,Canada,2025-03-03,ios,
6471,UK,2025-01-16,web,
6472,Canada,2025-03-29,ios,
6473,Brazil,2025-03-09,android,
6474,Germany,2025-01-15,ios,A
6475,Australia,2025-03-30,web,
6476,Germany,2025-02-24,android,
6477,Australia,2025-02-04,android,A
6478,Australia,2025-02-24,ios,
6479,India,2025-01-14,web,
6480,India,2025-02-18,ios,
6481,Australia,2025-03-24,ios,
6482,Brazil,2025-01-07,ios,
6483,India,2025-01-30,web,
6484,Brazil,2025-03-24,ios,A
6485,Canada,2025-02-18,ios,
6486,Canada,2025-03-30,android,
6487,Australia,2025-01-16,android,A
6488,UK,2025-02-20,android,A
6489,USA,2025-03-13,web,
6490,Germany,2025-03-23,ios,
6491,Australia,2025-03-21,ios,
6492,USA,2025-03-24,android,A
6493,Canada,2025-02-11,ios,
6494,UK,2025-01-17,web,
6495,Canada,2025-03-04,ios,A
6496,Australia,2025-02-14,android,
6497,India,2025-03-18,web,
6498,Germany,2025-01-07,ios,
6499,India,2025-01-27,ios,
6500,USA,2025-01-10,ios,
6501,Canada,2025-02-03,web,B
6502,India,2025-02-05,ios,A
6503,Brazil,2025-01-25,android,
6504,USA,2025-01-06,android,
6505,India,2025-01-24,android,
6506,USA,2025-01-18,android,
6507,India,2025-03-28,web,
6508,India,2025-01-06,android,
6509,Canada,2025-01-29,android,
6510,Canada,2025-01-25,android,
6511,Canada,2025-02-24,web,
6512,USA,2025-03-22,web,A
6513,UK,2025-02-15,ios,B
6514,Australia,2025-01-24,android,
6515,USA,2025-03-16,ios,
6516,Germany,2025-01-26,web,
6517,Germany,2025-01-28,ios,
6518,UK,2025-01-03,web,B
6519,India,2025-03-16,ios,
6520,USA,2025-02-07,android,
6521,Australia,2025-03-02,web,
6522,Canada,2025-03-19,web,
6523,India,2025-02-20,web,
6524,India,2025-03-31,android,
6525,Germany,2025-02-17,android,
6526,Canada,2025-01-21,web,B
6527,Australia,2025-02-23,web,
6528,Canada,2025-02-25,android,
6529,USA,2025-02-28,android,
6530,Brazil,2025-03-13,android,
6531,Canada,2025-02-20,android,
6532,Australia,2025-01-20,android,
6533,Canada,2025-03-27,android,
6534,Germany,2025-02-28,ios,
6535,Canada,2025-03-12,android,
6536,India,2025-01-09,android,
6537,India,2025-01-01,web,A
6538,Brazil,2025-01-29,web,B
6539,India,2025-03-04,ios,
6540,UK,2025-03-13,android,
6541,Brazil,2025-02-25,web,B
6542,Canada,2025-03-09,web,
6543,India,2025-02-04,ios,
6544,Germany,2025-01-03,android,
6545,Germany,2025-01-07,web,
6546,Australia,2025-01-27,android,
6547,UK,2025-01-01,ios,
6548,Brazil,2025-03-21,ios,
6549,Brazil,2025-03-12,android,
6550,India,2025-02-13,ios,
6551,India,2025-03-28,web,B
6552,USA,2025-02-10,ios,
6553,Canada,2025-03-16,ios,
6554,UK,2025-02-11,android,
6555,Brazil,2025-02-02,web,
6556,India,2025-02-19,android,
6557,Canada,2025-03-04,android,
6558,Brazil,2025-02-06,android,A
6559,Canada,2025-02-28,ios,
6560,UK,2025-03-22,ios,
6561,Germany,2025-02-17,android,
6562,UK,2025-01-05,ios,
6563,Brazil,2025-02-17,ios,
6564,India,2025-01-03,android,B
6565,Brazil,2025-02-16,web,
6566,USA,2025-03-03,web,
6567,Canada,2025-01-14,ios,
6568,UK,2025-03-04,web,
6569,USA,2025-03-02,web,
6570,Brazil,2025-01-31,ios,A
6571,Australia,2025-01-17,web,
6572,Brazil,2025-01-24,ios,
6573,Canada,2025-01-23,android,
6574,USA,2025-03-23,web,
6575,India,2025-02-19,android,
6576,India,2025-03-19,android,
6577,UK,2025-03-20,ios,
6578,Canada,2025-03-20,web,
6579,USA,2025-03-11,web,
6580,UK,2025-01-27,web,A
6581,UK,2025-01-15,web,
6582,Germany,2025-02-19,ios,A
6583,Canada,2025-02-05,android,
6584,UK,2025-01-08,web,
6585,Canada,2025-03-20,web,
6586,Canada,2025-01-03,ios,
6587,UK,2025-03-03,web,
6588,Germany,2025-02-16,web,
6589,UK,2025-03-18,android,
6590,UK,2025-03-29,web,B
6591,Canada,2025-03-02,web,
6592,UK,2025-02-01,android,
6593,USA,2025-01-13,web,
6594,Germany,2025-01-01,android,A
6595,India,2025-02-03,ios,
6596,UK,2025-03-03,android,
6597,USA,2025-03-20,android,
6598,USA,2025-03-19,web,
6599,USA,2025-03-23,web,
6600,Germany,2025-03-12,web,
6601,Australia,2025-01-31,web,
6602,Australia,2025-03-05,android,A
6603,Germany,2025-01-25,ios,
6604,Brazil,2025-02-07,web,
6605,UK,2025-01-14,android,A
6606,India,2025-01-08,ios,
6607,India,2025-02-23,ios,
6608,Brazil,2025-01-02,ios,
6609,India,2025-03-22,android,
6610,UK,2025-03-19,web,
6611,India,2025-03-30,android,
6612,UK,2025-02-25,web,
6613,Germany,2025-03-25,ios,A
6614,Australia,2025-03-26,ios,B
6615,Germany,2025-03-02,android,
6616,UK,2025-01-22,ios,
6617,Australia,2025-02-04,android,B
6618,Australia,2025-01-16,web,
6619,Canada,2025-02-19,ios,
6620,UK,2025-02-12,web,A
6621,Germany,2025-01-17,ios,A
6622,UK,2025-03-21,web,B
6623,Brazil,2025-02-27,ios,A
6624,Germany,2025-01-02,web,
6625,India,2025-01-04,ios,
6626,Germany,2025-03-26,android,
6627,India,2025-02-08,web,
6628,India,2025-01-06,web,
6629,Brazil,2025-03-22,android,
6630,Germany,2025-03-30,android,
6631,Germany,2025-03-10,android,
6632,Brazil,2025-03-10,ios,
6633,Australia,2025-01-20,android,
6634,Germany,2025-03-05,ios,
6635,Australia,2025-01-16,ios,
6636,India,2025-02-20,android,
6637,Canada,2025-02-06,android,
6638,Canada,2025-03-14,ios,
6639,Australia,2025-03-10,web,
6640,UK,2025-02-11,web,A
6641,Canada,2025-02-26,android,
6642,Canada,2025-03-07,web,
6643,Brazil,2025-01-09,ios,
6644,Canada,2025-03-27,web,A
6645,Brazil,2025-03-05,ios,
6646,Australia,2025-03-27,android,
6647,UK,2025-01-22,android,B
6648,India,2025-02-03,web,
6649,UK,2025-02-24,android,
6650,Germany,2025-01-29,android,A
6651,UK,2025-02-07,ios,
6652,Brazil,2025-01-18,ios,
6653,USA,2025-03-12,ios,
6654,Germany,2025-03-06,ios,
6655,Australia,2025-01-01,android,
6656,Canada,2025-03-29,ios,B
6657,Canada,2025-01-04,ios,B
6658,Australia,2025-01-04,ios,B
6659,Canada,2025-03-23,web,B
6660,UK,2025-01-27,ios,
6661,UK,2025-02-12,android,A
6662,India,2025-02-28,android,
6663,Australia,2025-02-01,ios,B
6664,Germany,2025-02-02,web,
6665,India,2025-01-28,web,
6666,Brazil,2025-02-24,web,
6667,Brazil,2025-03-01,web,
6668,India,2025-03-11,ios,
6669,Germany,2025-03-03,ios,
6670,India,2025-03-21,android,
6671,Canada,2025-02-03,android,
6672,India,2025-03-28,web,
6673,Germany,2025-03-29,web,
6674,Brazil,2025-02-25,android,
6675,USA,2025-01-13,android,
6676,India,2025-02-25,web,
6677,Canada,2025-01-18,android,
6678,Canada,2025-02-23,web,
6679,India,2025-03-18,ios,
6680,UK,2025-02-12,web,
6681,Germany,2025-02-08,ios,
6682,UK,2025-03-02,ios,
6683,Brazil,2025-02-11,ios,A
6684,UK,2025-03-22,android,
6685,Germany,2025-03-20,android,A
6686,India,2025-01-18,web,
6687,India,2025-01-23,ios,
6688,USA,2025-02-23,web,
6689,Brazil,2025-01-30,ios,
6690,India,2025-02-27,ios,
6691,UK,2025-03-09,web,
6692,USA,2025-03-08,web,
6693,USA,2025-03-12,web,
6694,Australia,2025-01-18,web,A
6695,Brazil,2025-01-07,android,
6696,USA,2025-02-09,ios,
6697,Canada,2025-03-11,ios,B
6698,Germany,2025-03-27,android,
6699,UK,2025-03-06,ios,
6700,USA,2025-03-09,android,
6701,India,2025-02-18,ios,B
6702,UK,2025-02-21,android,
6703,Brazil,2025-01-29,android,
6704,USA,2025-01-21,ios,
6705,UK,2025-03-31,ios,
6706,India,2025-03-19,ios,A
6707,USA,2025-01-09,web,B
6708,Brazil,2025-02-16,ios,
6709,Brazil,2025-03-17,ios,
6710,Australia,2025-02-11,ios,
6711,Brazil,2025-02-20,web,B
6712,Canada,2025-02-25,ios,B
6713,USA,2025-02-20,android,
6714,USA,2025-03-11,android,
6715,USA,2025-01-20,web,
6716,India,2025-03-29,web,
6717,Canada,2025-01-27,web,
6718,Australia,2025-02-07,web,
6719,Brazil,2025-03-13,web,
6720,UK,2025-03-06,ios,
6721,Canada,2025-02-23,android,
6722,UK,2025-01-24,android,
6723,USA,2025-02-16,ios,
6724,Brazil,2025-03-12,web,
6725,Australia,2025-03-24,ios,
6726,Brazil,2025-03-27,web,
6727,USA,2025-03-04,android,
6728,India,2025-02-26,android,A
6729,UK,2025-02-24,web,
6730,UK,2025-03-01,ios,
6731,Germany,2025-03-03,web,
6732,Australia,2025-01-30,web,
6733,USA,2025-01-22,android,
6734,UK,2025-03-16,web,
6735,Australia,2025-03-25,ios,
6736,UK,2025-01-29,web,
6737,India,2025-02-10,android,A
6738,Canada,2025-02-11,ios,
6739,USA,2025-03-06,ios,A
6740,USA,2025-01-31,android,
6741,Canada,2025-01-30,android,
6742,Australia,2025-01-18,web,
6743,Canada,2025-01-17,android,
6744,Canada,2025-02-07,android,
6745,Australia,2025-01-14,android,A
6746,UK,2025-03-28,android,
6747,UK,2025-03-30,ios,
6748,Australia,2025-03-20,ios,A
6749,Brazil,2025-02-25,ios,
6750,Germany,2025-01-22,android,
6751,Canada,2025-03-08,web,
6752,UK,2025-02-25,web,
6753,USA,2025-01-19,web,
6754,Brazil,2025-02-26,web,
6755,Australia,2025-02-13,ios,B
6756,India,2025-02-04,web,
6757,USA,2025-01-01,ios,
6758,Brazil,2025-02-21,web,
6759,Canada,2025-03-26,web,B
6760,USA,2025-03-11,ios,
6761,Canada,2025-02-06,ios,
6762,USA,2025-03-06,web,
6763,USA,2025-02-20,android,
6764,UK,2025-01-01,web,
6765,UK,2025-01-21,web,
6766,Germany,2025-02-22,web,B
6767,India,2025-01-16,ios,
6768,India,2025-03-02,web,
6769,UK,2025-02-23,android,
6770,USA,2025-02-09,web,
6771,USA,2025-01-26,android,A
6772,Australia,2025-03-21,android,
6773,Canada,2025-03-06,android,
6774,Brazil,2025-03-15,web,
6775,Canada,2025-03-05,ios,
6776,Canada,2025-02-12,ios,
6777,Brazil,2025-01-17,web,
6778,Brazil,2025-02-28,web,
6779,Australia,2025-01-23,android,
6780,Canada,2025-01-07,web,
6781,India,2025-02-13,ios,
6782,India,2025-02-22,web,
6783,Brazil,2025-03-12,web,
6784,Brazil,2025-03-20,web,
6785,Brazil,2025-02-03,android,B
6786,India,2025-02-15,web,
6787,UK,2025-03-09,web,
6788,Canada,2025-03-19,web,B
6789,Canada,2025-03-19,ios,
6790,Canada,2025-01-16,android,
6791,Canada,2025-03-12,android,
6792,USA,2025-01-19,ios,A
6793,Canada,2025-01-02,android,
6794,Canada,2025-01-10,ios,
6795,UK,2025-02-19,android,A
6796,India,2025-03-22,android,
6797,India,2025-01-12,android,
6798,Brazil,2025-03-11,web,
6799,UK,2025-01-22,android,
6800,India,2025-02-01,web,
6801,Germany,2025-03-25,web,A
6802,UK,2025-01-01,web,
6803,Australia,2025-02-23,ios,B
6804,UK,2025-02-27,android,
6805,Australia,2025-03-11,android,
6806,India,2025-03-24,android,
6807,USA,2025-01-18,web,
6808,India,2025-01-06,android,
6809,UK,2025-02-14,web,
6810,Germany,2025-01-23,web,
6811,UK,2025-01-23,web,
6812,Australia,2025-01-26,web,
6813,India,2025-03-18,android,
6814,Canada,2025-01-07,web,B
6815,Brazil,2025-03-20,ios,B
6816,Australia,2025-02-13,ios,
6817,USA,2025-01-27,ios,
6818,UK,2025-01-26,web,
6819,Germany,2025-03-20,android,B
6820,Germany,2025-02-05,android,
6821,Germany,2025-02-24,web,
6822,USA,2025-03-05,web,
6823,Canada,2025-02-26,web,
6824,UK,2025-03-10,ios,
6825,Brazil,2025-03-02,web,A
6826,India,2025-01-02,web,B
6827,Canada,2025-02-24,android,
6828,Australia,2025-03-21,android,
6829,UK,2025-03-28,ios,
6830,UK,2025-02-07,ios,
6831,Brazil,2025-03-21,ios,
6832,USA,2025-03-19,ios,
6833,Australia,2025-01-29,web,
6834,India,2025-01-26,web,
6835,India,2025-02-04,ios,
6836,India,2025-03-20,ios,
6837,Australia,2025-03-08,android,
6838,Canada,2025-03-28,android,A
6839,UK,2025-01-29,android,
6840,Brazil,2025-02-03,ios,
6841,Brazil,2025-02-10,android,
6842,USA,2025-02-10,ios,
6843,Brazil,2025-01-23,web,
6844,Brazil,2025-03-12,ios,
6845,India,2025-01-03,web,B
6846,USA,2025-02-27,web,
6847,Brazil,2025-02-01,ios,
6848,Australia,2025-01-31,android,B
6849,Brazil,2025-03-23,ios,
6850,Brazil,2025-02-12,android,A
6851,Brazil,2025-01-07,web,
6852,India,2025-01-01,web,
6853,Australia,2025-03-02,web,
6854,Australia,2025-01-14,web,
6855,UK,2025-02-21,ios,
6856,Australia,2025-01-06,web,
6857,Australia,2025-01-10,android,
6858,Canada,2025-03-12,android,
6859,Australia,2025-03-31,web,
6860,USA,2025-01-30,ios,
6861,UK,2025-01-21,web,A
6862,Canada,2025-03-01,web,
6863,India,2025-03-22,android,
6864,UK,2025-03-15,ios,
6865,Canada,2025-03-04,ios,
6866,Brazil,2025-02-11,android,
6867,Australia,2025-02-20,android,A
6868,USA,2025-03-05,android,A
6869,Brazil,2025-03-17,ios,
6870,USA,2025-02-25,android,A
6871,UK,2025-03-21,android,
6872,Brazil,2025-02-10,android,
6873,India,2025-02-01,web,
6874,Brazil,2025-01-15,ios,A
6875,Germany,2025-03-03,ios,A
6876,Australia,2025-01-27,web,
6877,India,2025-01-28,ios,
6878,USA,2025-03-22,android,
6879,Germany,2025-03-05,web,
6880,Australia,2025-02-28,android,
6881,Brazil,2025-02-27,android,A
6882,Australia,2025-01-02,android,
6883,Australia,2025-02-05,android,B
6884,Brazil,2025-03-12,ios,
6885,Brazil,2025-01-13,web,
6886,Brazil,2025-01-15,web,
6887,Canada,2025-03-30,android,
6888,Germany,2025-03-28,web,B
6889,India,2025-03-01,web,
6890,Canada,2025-01-22,android,
6891,Germany,2025-03-04,android,
6892,India,2025-03-31,ios,A
6893,UK,2025-03-16,ios,
6894,UK,2025-03-15,android,
6895,India,2025-01-25,ios,
6896,India,2025-02-17,ios,
6897,India,2025-02-12,web,
6898,Australia,2025-02-07,android,
6899,UK,2025-02-10,web,
6900,Australia,2025-02-14,web,
6901,India,2025-03-29,android,
6902,India,2025-02-09,web,
6903,Australia,2025-01-17,ios,
6904,Germany,2025-03-29,ios,
6905,USA,2025-02-26,ios,
6906,Brazil,2025-01-02,ios,A
6907,Brazil,2025-03-03,ios,
6908,Canada,2025-03-29,web,
6909,Germany,2025-01-09,android,
6910,Australia,2025-03-09,web,
6911,India,2025-03-22,web,
6912,USA,2025-01-17,ios,
6913,Germany,2025-02-19,ios,
6914,USA,2025-02-09,web,
6915,UK,2025-02-27,web,A
6916,USA,2025-03-16,android,
6917,Germany,2025-03-26,android,A
6918,Australia,2025-01-21,android,
6919,Canada,2025-01-18,android,
6920,Brazil,2025-02-24,android,
6921,Australia,2025-01-29,ios,B
6922,UK,2025-01-24,android,A
6923,USA,2025-03-15,web,
6924,Brazil,2025-01-17,ios,
6925,USA,2025-01-18,web,
6926,Canada,2025-02-11,ios,
6927,USA,2025-03-25,ios,
6928,India,2025-02-14,android,
6929,Brazil,2025-03-23,web,
6930,Canada,2025-01-17,android,
6931,Australia,2025-03-14,web,
6932,UK,2025-01-14,web,
6933,UK,2025-02-18,android,
6934,UK,2025-01-29,android,
6935,USA,2025-01-04,ios,
6936,Canada,2025-03-23,ios,
6937,Brazil,2025-01-20,ios,B
6938,UK,2025-02-16,web,
6939,Canada,2025-01-09,android,
6940,UK,2025-03-18,ios,
6941,Australia,2025-03-20,android,
6942,Canada,2025-01-27,ios,
6943,USA,2025-01-15,ios,
6944,Germany,2025-01-19,android,
6945,Canada,2025-03-31,ios,
6946,UK,2025-02-21,android,
6947,Brazil,2025-01-26,ios,
6948,UK,2025-03-30,android,B
6949,USA,2025-01-26,ios,
6950,Germany,2025-01-26,ios,
6951,Germany,2025-02-15,web,
6952,Australia,2025-02-18,android,
6953,Brazil,2025-03-23,ios,
6954,Canada,2025-02-22,web,
6955,Germany,2025-01-03,android,
6956,Canada,2025-03-07,ios,
6957,UK,2025-02-11,ios,
6958,Canada,2025-01-19,ios,A
6959,India,2025-01-17,android,B
6960,USA,2025-02-02,web,
6961,UK,2025-03-17,ios,
6962,Canada,2025-02-18,web,
6963,UK,2025-02-25,android,
6964,USA,2025-03-04,android,
6965,USA,2025-01-03,ios,
6966,UK,2025-02-18,ios,
6967,Germany,2025-02-24,ios,
6968,Brazil,2025-01-26,web,
6969,UK,2025-03-13,web,
6970,India,2025-02-21,ios,
6971,UK,2025-01-07,android,
6972,Canada,2025-02-15,android,
6973,India,2025-02-15,ios,
6974,Australia,2025-01-16,web,
6975,UK,2025-01-24,android,
6976,Australia,2025-03-02,web,A
6977,UK,2025-02-23,ios,
6978,India,2025-03-03,web,
6979,Brazil,2025-01-01,web,
6980,India,2025-02-18,web,
6981,Brazil,2025-01-25,android,A
6982,Australia,2025-01-10,web,B
6983,Brazil,2025-03-21,web,
6984,India,2025-01-16,web,
6985,Canada,2025-02-27,ios,A
6986,USA,2025-03-13,web,B
6987,India,2025-01-29,web,
6988,USA,2025-01-06,android,
6989,Canada,2025-01-16,ios,
6990,Canada,2025-01-20,web,A
6991,Canada,2025-03-21,android,
6992,Australia,2025-03-12,android,A
6993,Canada,2025-03-19,web,
6994,Australia,2025-02-12,android,
6995,UK,2025-01-26,android,
6996,USA,2025-03-31,android,
6997,Australia,2025-03-19,android,
6998,Germany,2025-03-12,web,B
6999,UK,2025-02-02,web,
7000,Australia,2025-01-26,android,
7001,UK,2025-02-14,web,
7002,USA,2025-03-25,web,
7003,USA,2025-03-04,android,
7004,Germany,2025-03-08,android,
7005,UK,2025-02-21,android,
7006,USA,2025-03-09,web,
7007,India,2025-01-26,web,
7008,Brazil,2025-03-16,ios,
7009,Canada,2025-01-02,ios,
7010,Brazil,2025-01-14,android,A
7011,USA,2025-01-30,ios,A
7012,Australia,2025-02-18,web,
7013,Germany,2025-01-12,ios,
7014,USA,2025-03-31,ios,
7015,Germany,2025-02-13,android,
7016,UK,2025-02-02,web,
7017,India,2025-01-13,web,
7018,UK,2025-03-19,web,
7019,Australia,2025-03-29,web,
7020,India,2025-01-26,ios,
7021,Germany,2025-01-21,android,A
7022,USA,2025-01-28,ios,
7023,USA,2025-02-17,web,A
7024,USA,2025-02-09,android,
7025,USA,2025-03-07,android,A
7026,UK,2025-03-14,web,A
7027,UK,2025-03-28,web,
7028,Germany,2025-03-20,android,
7029,India,2025-03-18,web,
7030,India,2025-01-23,web,
7031,Australia,2025-03-22,web,
7032,India,2025-02-17,web,
7033,USA,2025-01-02,android,
7034,UK,2025-03-25,android,B
7035,Brazil,2025-01-20,ios,
7036,Brazil,2025-02-28,ios,
7037,USA,2025-02-15,android,A
7038,Australia,2025-01-03,ios,
7039,Brazil,2025-02-24,web,
7040,India,2025-01-12,web,
7041,India,2025-02-09,android,
7042,Germany,2025-03-07,ios,B
7043,USA,2025-03-19,web,A
7044,Germany,2025-01-16,ios,
7045,India,2025-03-24,android,A
7046,UK,2025-02-03,android,A
7047,USA,2025-02-13,ios,
7048,Australia,2025-01-06,android,
7049,Canada,2025-03-18,web,
7050,Germany,2025-03-05,web,
7051,Germany,2025-01-22,ios,
7052,India,2025-01-18,ios,
7053,Germany,2025-01-12,android,
7054,Australia,2025-02-21,android,A
7055,India,2025-02-20,ios,B
7056,UK,2025-03-12,android,B
7057,Germany,2025-02-17,ios,
7058,India,2025-01-19,ios,
7059,India,2025-01-06,web,B
7060,UK,2025-03-25,android,
7061,Germany,2025-01-27,ios,B
7062,Canada,2025-02-22,web,
7063,Australia,2025-02-17,ios,
7064,Canada,2025-01-07,android,
7065,UK,2025-02-28,web,
7066,UK,2025-03-10,android,
7067,UK,2025-01-11,web,
7068,Canada,2025-01-15,android,
7069,Germany,2025-03-05,ios,
7070,Brazil,2025-01-03,ios,
7071,Canada,2025-03-10,ios,
7072,India,2025-01-23,android,
7073,India,2025-02-22,web,
7074,UK,2025-02-06,android,B
7075,UK,2025-01-09,ios,B
7076,Brazil,2025-01-15,android,
7077,USA,2025-01-03,web,
7078,Australia,2025-03-11,ios,A
7079,India,2025-01-17,android,
7080,Australia,2025-01-26,ios,A
7081,USA,2025-01-21,android,
7082,UK,2025-03-13,android,
7083,India,2025-01-21,ios,
7084,India,2025-01-11,web,
7085,UK,2025-02-07,ios,
7086,USA,2025-03-13,web,
7087,USA,2025-03-29,ios,
7088,Germany,2025-02-04,ios,A
7089,Germany,2025-01-14,ios,
7090,Brazil,2025-01-14,android,B
7091,Australia,2025-01-10,android,
7092,Brazil,2025-01-12,web,A
7093,USA,2025-02-07,ios,
7094,UK,2025-02-03,android,
7095,USA,2025-02-10,android,
7096,India,2025-01-10,ios,B
7097,Germany,2025-01-17,ios,B
7098,Germany,2025-01-17,ios,B
7099,Australia,2025-03-08,web,A
7100,Canada,2025-03-03,ios,
7101,Australia,2025-01-01,android,
7102,Australia,2025-01-12,android,
7103,USA,2025-01-04,ios,A
7104,India,2025-02-11,web,
7105,USA,2025-01-13,web,
7106,Canada,2025-03-26,android,
7107,Australia,2025-03-27,web,
7108,Australia,2025-01-04,ios,
7109,USA,2025-03-23,web,
7110,USA,2025-03-10,web,A
7111,India,2025-01-19,android,A
7112,Germany,2025-01-02,android,
7113,UK,2025-01-12,android,
7114,Canada,2025-03-22,web,
7115,Brazil,2025-03-15,android,
7116,Australia,2025-01-06,android,
7117,India,2025-01-08,web,
7118,Germany,2025-02-20,web,A
7119,USA,2025-01-11,web,B
7120,UK,2025-03-04,ios,
7121,Brazil,2025-02-26,ios,B
7122,Canada,2025-01-12,web,
7123,Brazil,2025-03-14,android,
7124,India,2025-01-02,web,
7125,USA,2025-01-08,ios,
7126,Australia,2025-01-11,android,
7127,USA,2025-02-22,ios,A
7128,UK,2025-01-10,ios,
7129,Brazil,2025-03-26,ios,
7130,India,2025-03-25,ios,
7131,USA,2025-01-08,android,B
7132,Brazil,2025-02-05,web,
7133,Brazil,2025-03-17,android,
7134,Germany,2025-01-14,web,A
7135,UK,2025-02-23,web,
7136,USA,2025-03-26,android,B
7137,Germany,2025-03-27,web,
7138,UK,2025-01-21,android,
7139,Germany,2025-02-19,android,B
7140,USA,2025-02-08,web,A
7141,India,2025-01-20,web,
7142,Germany,2025-03-29,ios,
7143,Germany,2025-03-28,web,B
7144,Brazil,2025-01-07,web,B
7145,Canada,2025-01-09,web,
7146,USA,2025-01-01,android,
7147,Germany,2025-01-26,ios,
7148,Canada,2025-02-07,ios,
7149,India,2025-02-07,android,
7150,Germany,2025-03-02,web,A
7151,UK,2025-02-13,web,A
7152,India,2025-03-27,android,
7153,India,2025-02-13,ios,
7154,Germany,2025-03-15,android,
7155,Germany,2025-03-03,android,
7156,Brazil,2025-01-06,web,
7157,USA,2025-01-17,android,
7158,Brazil,2025-02-20,android,
7159,UK,2025-02-07,android,A
7160,USA,2025-01-24,web,
7161,Brazil,2025-02-20,web,A
7162,Brazil,2025-01-10,ios,A
7163,Germany,2025-03-13,ios,
7164,Brazil,2025-01-21,ios,
7165,Germany,2025-03-11,web,
7166,India,2025-03-26,ios,
7167,USA,2025-02-26,android,
7168,Germany,2025-02-08,ios,
7169,Canada,2025-03-29,android,
7170,Canada,2025-02-02,ios,
7171,Canada,2025-02-28,web,A
7172,Canada,2025-01-18,android,
7173,Brazil,2025-02-25,android,
7174,Canada,2025-02-26,web,
7175,Germany,2025-03-17,android,
7176,India,2025-02-17,ios,B
7177,UK,2025-02-11,web,
7178,UK,2025-01-27,android,
7179,India,2025-03-15,web,
7180,Brazil,2025-02-21,android,
7181,USA,2025-02-11,android,A
7182,USA,2025-02-01,web,A
7183,Germany,2025-01-26,android,
7184,Australia,2025-01-25,ios,B
7185,UK,2025-03-16,ios,
7186,India,2025-01-23,android,
7187,Australia,2025-02-26,android,
7188,Brazil,2025-02-21,ios,
7189,India,2025-03-28,android,
7190,UK,2025-01-31,android,
7191,India,2025-03-05,web,
7192,India,2025-03-12,web,
7193,India,2025-02-02,ios,
7194,Germany,2025-03-26,ios,
7195,Brazil,2025-01-02,web,
7196,USA,2025-01-18,web,B
7197,Australia,2025-02-16,ios,
7198,Australia,2025-02-02,ios,
7199,Brazil,2025-03-25,ios,B
7200,UK,2025-02-04,web,
7201,Australia,2025-02-20,web,A
7202,USA,2025-01-18,android,A
7203,Canada,2025-03-29,ios,
7204,Germany,2025-03-13,android,
7205,USA,2025-01-30,ios,
7206,USA,2025-02-13,web,
7207,USA,2025-02-22,ios,
7208,India,2025-01-10,ios,
7209,UK,2025-03-28,web,
7210,Canada,2025-02-21,web,
7211,Germany,2025-02-18,ios,B
7212,Canada,2025-01-11,ios,
7213,UK,2025-03-07,ios,
7214,India,2025-02-27,ios,
7215,Germany,2025-03-31,ios,A
7216,Australia,2025-02-05,web,
7217,Canada,2025-02-02,ios,
7218,India,2025-02-16,web,
7219,Germany,2025-01-13,android,
7220,Germany,2025-02-09,android,B
7221,Brazil,2025-03-30,ios,
7222,India,2025-03-09,android,B
7223,UK,2025-02-11,web,
7224,Australia,2025-01-19,android,
7225,Australia,2025-03-23,android,
7226,Canada,2025-01-19,web,
7227,India,2025-02-27,ios,
7228,Canada,2025-01-23,web,
7229,India,2025-02-23,web,
7230,India,2025-03-21,ios,
7231,Brazil,2025-03-06,web,
7232,Brazil,2025-01-12,ios,
7233,Brazil,2025-01-24,web,B
7234,Brazil,2025-02-03,android,
7235,India,2025-02-22,ios,
7236,Australia,2025-01-08,ios,
7237,UK,2025-01-18,android,
7238,USA,2025-02-26,android,
7239,India,2025-01-05,ios,
7240,Canada,2025-01-26,android,
7241,UK,2025-01-30,web,
7242,USA,2025-02-23,web,
7243,USA,2025-01-13,web,
7244,Brazil,2025-03-24,android,
7245,USA,2025-01-29,android,
7246,Canada,2025-01-03,android,
7247,Canada,2025-03-31,ios,
7248,UK,2025-02-27,web,
7249,Brazil,2025-03-17,ios,B
7250,India,2025-01-02,ios,
7251,India,2025-03-16,ios,A
7252,Brazil,2025-01-28,web,
7253,Australia,2025-03-23,web,
7254,Brazil,2025-03-18,web,
7255,USA,2025-03-27,android,
7256,Australia,2025-03-17,web,
7257,USA,2025-01-02,android,
7258,UK,2025-01-07,android,
7259,Brazil,2025-01-26,android,
7260,India,2025-03-31,web,
7261,UK,2025-03-29,web,A
7262,India,2025-03-17,web,
7263,Australia,2025-01-16,web,A
7264,India,2025-01-23,ios,
7265,UK,2025-02-09,web,
7266,India,2025-03-01,web,
7267,Brazil,2025-03-14,web,
7268,Australia,2025-02-01,web,
7269,Canada,2025-01-15,web,
7270,Brazil,2025-01-13,ios,A
7271,UK,2025-01-05,ios,
7272,India,2025-03-16,android,
7273,India,2025-03-15,android,
7274,USA,2025-02-21,web,
7275,Germany,2025-03-18,android,A
7276,UK,2025-02-10,ios,
7277,Canada,2025-02-22,web,
7278,India,2025-02-19,android,
7279,UK,2025-01-15,android,
7280,USA,2025-01-07,ios,
7281,UK,2025-02-09,web,
7282,Brazil,2025-01-28,android,
7283,India,2025-02-01,ios,
7284,USA,2025-01-15,web,
7285,Brazil,2025-03-26,ios,B
7286,Germany,2025-03-11,web,
7287,Germany,2025-03-06,web,
7288,UK,2025-01-04,web,B
7289,India,2025-01-11,ios,A
7290,Germany,2025-01-26,web,
7291,USA,2025-03-02,android,
7292,India,2025-02-06,web,
7293,Canada,2025-01-23,web,B
7294,USA,2025-03-26,ios,
7295,USA,2025-02-09,web,
7296,USA,2025-03-18,android,
7297,Australia,2025-01-23,android,
7298,Canada,2025-01-16,web,
7299,Germany,2025-03-02,ios,
7300,UK,2025-03-09,android,B
7301,Germany,2025-03-21,ios,
7302,Germany,2025-01-31,web,
7303,Australia,2025-02-22,ios,
7304,UK,2025-01-25,web,
7305,Brazil,2025-02-13,web,
7306,USA,2025-01-12,ios,B
7307,Canada,2025-03-31,android,
7308,Brazil,2025-01-09,web,
7309,USA,2025-01-12,web,
7310,Brazil,2025-03-10,web,
7311,USA,2025-02-23,android,
7312,UK,2025-02-23,android,
7313,Australia,2025-01-28,web,B
7314,UK,2025-02-25,android,A
7315,Canada,2025-03-10,ios,
7316,UK,2025-03-18,ios,
7317,India,2025-02-27,ios,
7318,Canada,2025-03-19,ios,
7319,Canada,2025-03-16,web,
7320,USA,2025-02-11,ios,A
7321,Australia,2025-02-07,android,
7322,UK,2025-03-09,web,B
7323,Brazil,2025-02-22,android,
7324,India,2025-02-02,ios,A
7325,Canada,2025-03-12,web,
7326,India,2025-02-25,web,
7327,Canada,2025-03-13,web,A
7328,UK,2025-02-20,ios,
7329,Germany,2025-03-15,android,
7330,UK,2025-02-12,web,A
7331,Canada,2025-01-15,android,
7332,Australia,2025-02-07,ios,
7333,Australia,2025-01-15,ios,
7334,Germany,2025-01-05,android,
7335,UK,2025-03-24,web,
7336,USA,2025-02-23,android,
7337,Brazil,2025-02-20,web,
7338,Canada,2025-01-10,web,
7339,Canada,2025-01-12,android,
7340,Australia,2025-01-04,web,
7341,Germany,2025-01-18,web,
7342,Germany,2025-03-21,web,
7343,Australia,2025-02-05,ios,
7344,India,2025-01-25,web,
7345,Germany,2025-03-28,android,
7346,USA,2025-03-17,ios,
7347,Brazil,2025-02-05,web,
7348,Germany,2025-03-08,ios,A
7349,India,2025-01-09,android,
7350,Canada,2025-03-02,ios,
7351,Brazil,2025-02-22,ios,
7352,Germany,2025-01-18,web,B
7353,USA,2025-02-12,android,
7354,USA,2025-02-04,android,
7355,Brazil,2025-03-04,ios,
7356,India,2025-03-19,web,
7357,USA,2025-01-04,ios,A
7358,UK,2025-02-10,ios,B
7359,UK,2025-02-14,ios,B
7360,Germany,2025-02-19,web,
7361,USA,2025-03-20,ios,
7362,UK,2025-01-28,web,
7363,Germany,2025-02-11,android,
7364,Germany,2025-03-21,ios,
7365,Germany,2025-03-17,android,
7366,India,2025-03-10,ios,
7367,Germany,2025-01-01,android,A
7368,India,2025-02-08,web,
7369,UK,2025-03-31,ios,
7370,Germany,2025-01-17,ios,
7371,UK,2025-03-29,web,
7372,USA,2025-02-04,android,
7373,India,2025-02-15,android,
7374,Australia,2025-02-11,web,
7375,Australia,2025-02-08,android,
7376,UK,2025-03-31,web,
7377,Germany,2025-02-18,android,A
7378,UK,2025-03-03,web,
7379,Germany,2025-02-07,web,
7380,Brazil,2025-01-23,web,
7381,Canada,2025-01-22,web,A
7382,India,2025-01-04,android,
7383,USA,2025-02-18,ios,
7384,UK,2025-02-28,android,B
7385,Australia,2025-03-14,web,A
7386,Canada,2025-03-09,ios,
7387,UK,2025-03-12,ios,A
7388,Brazil,2025-03-28,android,A
7389,Germany,2025-01-02,web,A
7390,USA,2025-02-18,web,
7391,Germany,2025-03-29,web,B
7392,Germany,2025-01-31,web,
7393,UK,2025-02-09,web,
7394,UK,2025-02-17,ios,
7395,UK,2025-02-20,android,
7396,Canada,2025-02-12,android,
7397,India,2025-02-24,android,
7398,India,2025-03-29,ios,B
7399,UK,2025-02-18,ios,A
7400,Germany,2025-03-31,android,
7401,USA,2025-03-21,ios,
7402,USA,2025-02-26,ios,
7403,Germany,2025-03-18,android,A
7404,Canada,2025-01-15,ios,
7405,Australia,2025-01-27,web,
7406,Brazil,2025-03-09,android,
7407,Germany,2025-03-21,android,
7408,USA,2025-03-05,android,
7409,Brazil,2025-01-30,android,
7410,Canada,2025-02-05,ios,
7411,Canada,2025-03-08,android,
7412,Brazil,2025-03-27,web,
7413,USA,2025-03-27,ios,
7414,Brazil,2025-02-18,ios,
7415,Canada,2025-03-17,android,B
7416,India,2025-02-24,ios,A
7417,UK,2025-03-26,ios,
7418,Canada,2025-02-25,ios,
7419,Canada,2025-03-09,android,
7420,Brazil,2025-02-13,web,
7421,Brazil,2025-01-31,android,
7422,India,2025-02-27,web,A
7423,India,2025-03-28,ios,
7424,Germany,2025-02-22,web,
7425,Australia,2025-03-25,android,
7426,USA,2025-03-20,android,
7427,Germany,2025-01-23,android,
7428,Canada,2025-01-28,ios,
7429,USA,2025-01-16,web,
7430,Australia,2025-02-06,android,
7431,India,2025-01-21,android,
7432,UK,2025-03-20,android,A
7433,USA,2025-01-17,ios,
7434,USA,2025-02-06,android,
7435,India,2025-03-18,ios,
7436,Brazil,2025-01-19,ios,
7437,Germany,2025-01-30,android,B
7438,UK,2025-02-14,ios,
7439,Canada,2025-01-18,ios,A
7440,Australia,2025-03-19,android,A
7441,USA,2025-03-03,android,
7442,Brazil,2025-02-05,web,
7443,India,2025-03-25,android,B
7444,USA,2025-02-21,web,
7445,Brazil,2025-01-19,web,
7446,Canada,2025-02-13,web,
7447,Germany,2025-01-07,android,B
7448,India,2025-02-13,web,
7449,Brazil,2025-03-09,web,
7450,Australia,2025-02-03,web,
7451,Brazil,2025-03-07,android,B
7452,USA,2025-03-10,android,
7453,Canada,2025-02-24,android,
7454,Canada,2025-01-10,android,
7455,Australia,2025-02-11,ios,
7456,Germany,2025-02-10,android,A
7457,Canada,2025-03-18,web,
7458,Australia,2025-03-10,android,
7459,Australia,2025-01-10,ios,A
7460,India,2025-01-10,ios,
7461,India,2025-03-01,ios,
7462,Germany,2025-02-20,android,A
7463,UK,2025-01-21,ios,
7464,USA,2025-01-08,ios,B
7465,Australia,2025-03-06,ios,
7466,Brazil,2025-03-19,android,
7467,Australia,2025-03-26,ios,
7468,USA,2025-01-30,ios,
7469,Australia,2025-03-26,web,
7470,Germany,2025-02-18,web,A
7471,Brazil,2025-01-09,web,
7472,UK,2025-01-17,ios,
7473,Canada,2025-03-10,web,A
7474,Germany,2025-02-27,android,
7475,USA,2025-02-26,web,
7476,Brazil,2025-03-03,android,
7477,India,2025-02-21,web,
7478,Brazil,2025-03-02,web,A
7479,Brazil,2025-02-09,web,
7480,Germany,2025-02-07,android,
7481,UK,2025-02-12,android,
7482,Brazil,2025-03-04,web,A
7483,Canada,2025-01-19,android,
7484,Brazil,2025-02-19,web,
7485,Australia,2025-02-02,ios,
7486,Australia,2025-01-13,ios,B
7487,UK,2025-03-19,ios,
7488,UK,2025-03-03,android,
7489,Canada,2025-02-12,ios,
7490,Brazil,2025-02-18,web,
7491,India,2025-02-05,web,
7492,India,2025-01-10,android,A
7493,India,2025-01-06,web,B
7494,Germany,2025-02-26,ios,
7495,Germany,2025-01-01,web,B
7496,India,2025-03-12,android,
7497,India,2025-02-27,web,
7498,India,2025-01-21,web,
7499,UK,2025-03-21,ios,
7500,Australia,2025-02-25,android,
7501,USA,2025-03-28,ios,
7502,Germany,2025-01-20,web,B
7503,Australia,2025-02-23,android,B
7504,Germany,2025-01-25,web,
7505,Germany,2025-01-28,web,A
7506,USA,2025-01-05,ios,
7507,Brazil,2025-01-21,web,B
7508,Germany,2025-01-18,android,A
7509,Brazil,2025-02-16,android,
7510,UK,2025-03-11,ios,
7511,Australia,2025-02-26,ios,
7512,India,2025-01-19,android,
7513,India,2025-03-06,ios,
7514,UK,2025-01-03,web,
7515,India,2025-02-11,android,
7516,UK,2025-01-21,ios,
7517,India,2025-02-09,android,
7518,UK,2025-03-08,web,
7519,UK,2025-01-25,ios,
7520,India,2025-02-24,android,
7521,Brazil,2025-03-25,web,
7522,Germany,2025-02-21,ios,B
7523,Germany,2025-02-13,android,
7524,Australia,2025-03-26,web,B
7525,USA,2025-02-25,web,A
7526,Canada,2025-02-24,web,
7527,Canada,2025-03-28,web,
7528,USA,2025-03-11,web,
7529,India,2025-03-18,ios,
7530,Germany,2025-03-28,web,
7531,Canada,2025-03-14,ios,
7532,USA,2025-03-22,ios,
7533,Germany,2025-03-07,android,
7534,Australia,2025-01-19,android,A
7535,UK,2025-03-24,ios,
7536,Brazil,2025-01-07,web,
7537,UK,2025-03-04,web,B
7538,USA,2025-02-11,ios,
7539,USA,2025-02-11,web,A
7540,India,2025-02-28,ios,
7541,Brazil,2025-01-20,android,
7542,Canada,2025-03-14,web,
7543,Australia,2025-01-17,web,B
7544,Australia,2025-01-27,web,
7545,Brazil,2025-02-16,android,
7546,Germany,2025-01-02,web,A
7547,India,2025-03-04,ios,A
7548,Brazil,2025-03-03,web,
7549,USA,2025-01-19,ios,
7550,UK,2025-01-17,web,
7551,UK,2025-03-10,ios,
7552,Australia,2025-02-08,android,
7553,Canada,2025-03-23,web,
7554,Brazil,2025-03-12,android,
7555,UK,2025-03-22,android,
7556,USA,2025-02-08,web,
7557,Australia,2025-02-05,web,A
7558,Germany,2025-02-09,ios,
7559,USA,2025-02-14,web,
7560,Australia,2025-01-04,web,
7561,Brazil,2025-01-25,ios,
7562,Australia,2025-03-10,ios,B
7563,Canada,2025-01-30,web,
7564,Australia,2025-03-17,web,
7565,USA,2025-03-09,web,A
7566,USA,2025-03-29,android,
7567,UK,2025-01-29,android,B
7568,Canada,2025-03-14,web,
7569,Germany,2025-03-09,ios,
7570,Canada,2025-02-20,web,
7571,India,2025-01-24,web,
7572,Brazil,2025-01-14,android,
7573,Brazil,2025-03-10,web,
7574,USA,2025-01-18,web,
7575,UK,2025-02-11,android,
7576,UK,2025-02-26,android,
7577,Brazil,2025-03-24,ios,
7578,Canada,2025-01-12,ios,
7579,India,2025-03-23,ios,
7580,India,2025-01-17,web,
7581,Germany,2025-01-30,ios,
7582,USA,2025-03-29,android,
7583,Brazil,2025-03-16,ios,
7584,Canada,2025-01-23,web,
7585,India,2025-03-22,web,B
7586,Australia,2025-01-01,ios,
7587,India,2025-03-20,web,
7588,UK,2025-02-01,web,
7589,Germany,2025-01-09,web,
7590,Brazil,2025-01-15,ios,
7591,Germany,2025-01-28,web,
7592,India,2025-01-24,ios,
7593,Germany,2025-03-01,ios,B
7594,Australia,2025-02-04,web,
7595,India,2025-03-27,ios,
7596,Canada,2025-01-27,ios,
7597,UK,2025-03-24,web,
7598,Canada,2025-03-17,web,
7599,USA,2025-01-20,ios,
7600,Australia,2025-03-06,android,
7601,Brazil,2025-03-26,android,B
7602,USA,2025-02-18,android,
7603,Germany,2025-01-01,android,
7604,India,2025-01-10,ios,B
7605,USA,2025-02-16,web,
7606,UK,2025-02-28,android,
7607,Australia,2025-03-03,web,
7608,Canada,2025-03-27,android,
7609,Germany,2025-01-18,android,B
7610,Germany,2025-02-15,android,
7611,Australia,2025-02-01,web,
7612,USA,2025-01-27,web,
7613,Germany,2025-01-18,android,
7614,Brazil,2025-02-08,web,A
7615,USA,2025-02-18,android,B
7616,USA,2025-03-23,ios,
7617,Canada,2025-02-13,web,
7618,UK,2025-03-13,android,
7619,Australia,2025-02-23,ios,
7620,Germany,2025-02-03,ios,
7621,UK,2025-03-12,android,
7622,Germany,2025-02-05,ios,
7623,USA,2025-01-18,ios,
7624,Australia,2025-02-07,android,
7625,Germany,2025-02-28,ios,B
7626,Australia,2025-01-09,ios,B
7627,Australia,2025-03-14,android,
7628,UK,2025-03-13,android,
7629,Australia,2025-02-20,ios,B
7630,USA,2025-02-04,web,A
7631,Canada,2025-03-23,android,
7632,Germany,2025-01-05,web,
7633,UK,2025-01-14,android,A
7634,Australia,2025-01-30,web,
7635,Canada,2025-01-04,android,
7636,Germany,2025-02-08,ios,
7637,Canada,2025-03-25,ios,
7638,UK,2025-03-05,web,
7639,Brazil,2025-01-25,web,
7640,UK,2025-01-28,android,A
7641,India,2025-03-17,android,
7642,Australia,2025-03-07,web,
7643,Germany,2025-03-19,web,
7644,India,2025-01-22,ios,B
7645,Brazil,2025-01-31,web,B
7646,UK,2025-01-23,ios,
7647,Canada,2025-02-17,web,
7648,USA,2025-01-20,ios,
7649,USA,2025-02-07,ios,
7650,Canada,2025-02-24,ios,
7651,UK,2025-03-09,android,
7652,Brazil,2025-03-20,ios,
7653,Canada,2025-03-29,web,
7654,Australia,2025-03-30,web,A
7655,UK,2025-01-01,web,
7656,Canada,2025-01-07,android,B
7657,USA,2025-02-26,ios,
7658,USA,2025-01-12,android,
7659,USA,2025-01-05,ios,
7660,Australia,2025-02-19,web,
7661,UK,2025-02-11,ios,
7662,Brazil,2025-01-12,android,
7663,Brazil,2025-01-18,android,
7664,Australia,2025-03-07,android,A
7665,Brazil,2025-03-15,android,A
7666,Australia,2025-03-20,web,B
7667,Canada,2025-01-17,android,
7668,Australia,2025-03-09,android,A
7669,USA,2025-03-12,android,
7670,Germany,2025-03-03,web,
7671,Canada,2025-02-10,ios,
7672,UK,2025-02-03,web,
7673,Australia,2025-03-11,web,A
7674,USA,2025-02-14,web,
7675,Brazil,2025-02-27,ios,
7676,UK,2025-02-20,android,
7677,Canada,2025-02-03,web,B
7678,Brazil,2025-02-13,android,
7679,India,2025-01-15,android,
7680,USA,2025-03-19,ios,
7681,Australia,2025-03-11,ios,
7682,Brazil,2025-02-19,web,
7683,India,2025-02-01,ios,
7684,Brazil,2025-03-08,ios,
7685,USA,2025-01-03,ios,A
7686,Germany,2025-03-27,android,A
7687,Brazil,2025-03-27,ios,B
7688,Brazil,2025-03-15,web,B
7689,Canada,2025-02-20,ios,
7690,India,2025-03-08,web,
7691,USA,2025-03-17,web,
7692,Brazil,2025-02-17,ios,
7693,Canada,2025-01-17,android,
7694,Canada,2025-01-07,web,A
7695,UK,2025-01-13,web,
7696,Australia,2025-03-07,web,
7697,Canada,2025-01-04,ios,
7698,USA,2025-01-10,web,
7699,India,2025-03-29,ios,B
7700,India,2025-01-17,web,A
7701,Australia,2025-02-21,android,A
7702,India,2025-01-06,web,
7703,USA,2025-03-24,ios,
7704,Canada,2025-03-10,ios,
7705,USA,2025-03-15,web,
7706,Brazil,2025-01-09,ios,
7707,India,2025-03-18,android,
7708,Canada,2025-03-24,ios,
7709,India,2025-01-21,web,
7710,Canada,2025-01-24,android,A
7711,Canada,2025-01-04,ios,B
7712,USA,2025-01-24,web,
7713,USA,2025-02-28,ios,
7714,UK,2025-01-03,web,
7715,India,2025-03-09,ios,A
7716,Canada,2025-02-09,ios,
7717,USA,2025-02-17,android,
7718,USA,2025-02-23,android,
7719,Brazil,2025-02-04,ios,A
7720,India,2025-02-25,web,
7721,Australia,2025-03-30,web,
7722,UK,2025-02-09,ios,
7723,USA,2025-03-18,ios,
7724,Australia,2025-03-09,android,
7725,Brazil,2025-02-15,ios,
7726,Canada,2025-03-19,ios,
7727,Brazil,2025-01-13,web,
7728,Australia,2025-01-27,android,
7729,Germany,2025-01-06,android,
7730,Canada,2025-01-17,ios,
7731,Canada,2025-02-05,android,
7732,Canada,2025-03-22,web,
7733,India,2025-01-02,ios,
7734,Brazil,2025-03-18,ios,
7735,UK,2025-02-21,web,
7736,India,2025-03-07,android,A
7737,UK,2025-02-21,android,
7738,Canada,2025-02-12,web,B
7739,Brazil,2025-03-31,web,
7740,India,2025-01-22,web,
7741,Brazil,2025-02-24,web,
7742,Brazil,2025-03-08,android,
7743,Brazil,2025-03-01,android,
7744,Canada,2025-02-27,web,
7745,USA,2025-01-12,web,
7746,Canada,2025-03-29,ios,
7747,USA,2025-03-10,ios,A
7748,Australia,2025-03-25,android,
7749,UK,2025-02-08,ios,
7750,Australia,2025-01-13,ios,
7751,Australia,2025-02-10,ios,
7752,Australia,2025-02-26,android,
7753,USA,2025-02-22,ios,
7754,UK,2025-01-12,web,
7755,USA,2025-01-13,android,
7756,Canada,2025-03-15,ios,
7757,Brazil,2025-02-26,android,
7758,Australia,2025-02-09,ios,
7759,Australia,2025-03-21,android,
7760,USA,2025-02-14,web,
7761,Germany,2025-02-04,ios,
7762,Canada,2025-01-03,ios,
7763,Brazil,2025-01-05,android,
7764,Germany,2025-03-31,web,B
7765,Brazil,2025-01-11,ios,
7766,Canada,2025-03-12,web,
7767,Canada,2025-02-25,ios,B
7768,USA,2025-01-10,web,
7769,India,2025-02-03,ios,
7770,UK,2025-03-08,android,
7771,Brazil,2025-03-13,android,
7772,India,2025-01-31,web,
7773,India,2025-03-16,ios,
7774,USA,2025-03-12,ios,
7775,Brazil,2025-03-07,web,
7776,Australia,2025-03-11,ios,
7777,India,2025-02-10,android,
7778,UK,2025-03-04,ios,
7779,Germany,2025-02-01,android,A
7780,Australia,2025-01-20,web,
7781,USA,2025-02-26,ios,
7782,Canada,2025-02-19,web,
7783,USA,2025-03-21,android,
7784,Australia,2025-01-25,web,
7785,USA,2025-01-12,web,
7786,UK,2025-03-12,ios,
7787,Canada,2025-02-08,web,B
7788,USA,2025-01-17,web,
7789,UK,2025-02-14,ios,
7790,Canada,2025-01-11,web,
7791,India,2025-03-11,android,
7792,Brazil,2025-01-23,ios,
7793,India,2025-03-11,android,
7794,Brazil,2025-02-07,ios,
7795,Australia,2025-01-02,web,
7796,USA,2025-03-27,android,
7797,India,2025-03-25,android,B
7798,UK,2025-03-30,android,
7799,Australia,2025-03-20,web,
7800,USA,2025-03-13,android,
7801,India,2025-02-06,android,
7802,India,2025-02-18,web,A
7803,UK,2025-02-21,web,
7804,UK,2025-02-02,web,
7805,India,2025-01-22,android,
7806,Canada,2025-01-05,android,
7807,UK,2025-01-18,android,
7808,Australia,2025-02-07,ios,
7809,Germany,2025-02-06,android,
7810,Canada,2025-03-05,android,
7811,Canada,2025-01-10,ios,A
7812,Australia,2025-03-20,ios,
7813,Germany,2025-02-11,android,
7814,UK,2025-02-17,ios,B
7815,India,2025-02-13,android,
7816,UK,2025-03-23,web,
7817,Australia,2025-03-28,web,B
7818,UK,2025-01-16,web,B
7819,Brazil,2025-02-23,web,
7820,Germany,2025-02-04,ios,
7821,USA,2025-01-28,android,A
7822,USA,2025-01-02,ios,
7823,USA,2025-01-13,web,
7824,Australia,2025-02-10,web,
7825,UK,2025-03-21,android,
7826,USA,2025-02-28,ios,
7827,Brazil,2025-03-10,web,
7828,UK,2025-02-22,ios,B
7829,India,2025-02-14,android,
7830,India,2025-01-20,android,
7831,UK,2025-01-24,ios,B
7832,Canada,2025-03-02,android,
7833,Germany,2025-02-27,ios,
7834,Germany,2025-01-27,ios,
7835,India,2025-01-26,ios,
7836,USA,2025-01-07,web,
7837,Australia,2025-02-11,web,
7838,Brazil,2025-02-16,ios,
7839,UK,2025-02-22,android,
7840,Australia,2025-02-28,android,
7841,Brazil,2025-02-07,web,
7842,Brazil,2025-03-10,ios,
7843,Canada,2025-03-28,web,A
7844,Brazil,2025-02-22,ios,A
7845,UK,2025-01-15,android,
7846,USA,2025-01-26,android,
7847,Australia,2025-02-17,web,B
7848,Canada,2025-01-19,android,
7849,UK,2025-01-09,ios,
7850,Canada,2025-03-05,android,
7851,India,2025-02-23,android,
7852,Australia,2025-02-20,web,B
7853,Australia,2025-02-08,ios,
7854,USA,2025-01-04,web,
7855,India,2025-01-03,web,
7856,Brazil,2025-03-05,android,
7857,USA,2025-01-29,ios,
7858,Brazil,2025-01-11,ios,
7859,India,2025-02-27,web,A
7860,Canada,2025-03-16,web,
7861,UK,2025-01-27,android,
7862,Canada,2025-01-21,ios,
7863,Canada,2025-02-08,ios,
7864,USA,2025-02-15,android,
7865,Brazil,2025-03-07,web,
7866,Australia,2025-02-05,ios,A
7867,Germany,2025-03-16,android,B
7868,Brazil,2025-03-23,web,
7869,India,2025-03-06,android,
7870,India,2025-03-04,ios,
7871,Australia,2025-02-04,web,
7872,Canada,2025-01-31,android,B
7873,Canada,2025-01-28,android,
7874,UK,2025-01-01,android,
7875,USA,2025-01-25,ios,B
7876,Australia,2025-02-12,ios,A
7877,Germany,2025-03-25,ios,
7878,India,2025-03-08,android,
7879,USA,2025-03-04,ios,
7880,Germany,2025-02-20,android,
7881,Australia,2025-01-02,android,
7882,Australia,2025-03-23,android,
7883,Australia,2025-03-05,web,
7884,UK,2025-03-15,android,
7885,USA,2025-03-10,ios,A
7886,Brazil,2025-01-09,android,
7887,Canada,2025-01-02,ios,
7888,Canada,2025-02-03,web,
7889,Australia,2025-03-01,web,
7890,Germany,2025-03-02,android,
7891,Brazil,2025-01-31,ios,
7892,Australia,2025-01-10,web,
7893,Canada,2025-03-17,web,B
7894,Brazil,2025-02-05,web,
7895,Canada,2025-03-26,ios,B
7896,Germany,2025-02-18,android,
7897,Brazil,2025-03-11,android,
7898,Germany,2025-02-18,web,
7899,Brazil,2025-01-03,android,
7900,UK,2025-03-15,web,B
7901,UK,2025-01-05,ios,A
7902,Australia,2025-03-31,android,
7903,USA,2025-03-02,ios,
7904,Brazil,2025-03-26,android,
7905,UK,2025-03-31,ios,
7906,UK,2025-01-26,ios,
7907,Australia,2025-03-13,android,
7908,UK,2025-01-05,web,
7909,India,2025-01-15,web,A
7910,Brazil,2025-01-16,ios,
7911,USA,2025-01-01,ios,B
7912,UK,2025-01-16,web,A
7913,Germany,2025-02-06,android,
7914,India,2025-01-03,android,A
7915,Brazil,2025-02-21,ios,
7916,Canada,2025-02-16,android,B
7917,Australia,2025-01-13,ios,B
7918,USA,2025-03-21,android,
7919,UK,2025-02-24,ios,
7920,Germany,2025-01-21,android,B
7921,India,2025-03-07,ios,B
7922,Germany,2025-02-23,web,
7923,Germany,2025-01-27,web,
7924,India,2025-02-07,web,
7925,Germany,2025-03-31,web,
7926,UK,2025-02-27,ios,
7927,Australia,2025-03-03,android,A
7928,India,2025-02-15,ios,
7929,Brazil,2025-03-30,ios,
7930,India,2025-01-11,ios,
7931,Canada,2025-03-13,android,
7932,USA,2025-01-08,ios,
7933,Canada,2025-03-12,web,
7934,Canada,2025-03-05,web,
7935,Australia,2025-01-21,ios,
7936,UK,2025-03-13,web,
7937,Brazil,2025-03-04,web,
7938,Australia,2025-03-26,android,
7939,Australia,2025-03-05,ios,
7940,Australia,2025-01-20,ios,A
7941,Canada,2025-01-08,web,B
7942,UK,2025-02-27,ios,
7943,UK,2025-02-15,ios,
7944,India,2025-01-31,web,
7945,Canada,2025-01-09,web,
7946,Brazil,2025-01-15,ios,
7947,India,2025-01-26,android,
7948,USA,2025-01-10,web,B
7949,USA,2025-01-29,ios,
7950,USA,2025-03-21,web,
7951,India,2025-02-05,ios,
7952,India,2025-03-25,ios,
7953,USA,2025-02-06,android,
7954,India,2025-03-27,web,A
7955,Germany,2025-03-12,android,
7956,Germany,2025-01-23,web,
7957,Germany,2025-02-10,android,
7958,UK,2025-03-21,web,B
7959,Brazil,2025-01-28,android,
7960,Canada,2025-02-17,android,A
7961,Brazil,2025-02-07,web,
7962,Brazil,2025-01-31,android,
7963,USA,2025-01-14,android,A
7964,Australia,2025-03-14,web,
7965,Germany,2025-03-29,web,
7966,Canada,2025-03-18,ios,
7967,Germany,2025-03-31,web,
7968,India,2025-01-29,ios,
7969,UK,2025-02-20,android,
7970,UK,2025-02-18,web,
7971,Germany,2025-02-12,ios,
7972,India,2025-03-13,web,A
7973,Germany,2025-03-28,ios,A
7974,USA,2025-01-05,ios,A
7975,Australia,2025-02-11,web,
7976,USA,2025-01-07,android,
7977,Brazil,2025-02-11,android,
7978,Canada,2025-02-05,ios,
7979,Canada,2025-01-27,ios,
7980,Canada,2025-02-27,android,
7981,Australia,2025-02-15,web,
7982,Brazil,2025-03-07,web,
7983,Germany,2025-01-25,android,
7984,Australia,2025-03-14,android,
7985,Australia,2025-01-27,android,
7986,Brazil,2025-01-01,ios,
7987,Australia,2025-03-28,android,
7988,Germany,2025-03-15,android,A
7989,UK,2025-02-11,android,
7990,USA,2025-02-21,android,
7991,Australia,2025-01-25,web,
7992,India,2025-02-23,web,
7993,India,2025-03-08,android,
7994,UK,2025-01-06,ios,
7995,Australia,2025-02-27,ios,
7996,Canada,2025-03-11,web,
7997,Australia,2025-02-22,ios,
7998,Germany,2025-03-07,ios,
7999,Canada,2025-02-27,web,
8000,USA,2025-03-23,android,
8001,Germany,2025-03-28,android,
8002,Germany,2025-01-02,web,
8003,UK,2025-03-17,android,
8004,UK,2025-01-22,android,
8005,Brazil,2025-02-06,web,
8006,UK,2025-01-20,web,
8007,Brazil,2025-01-24,web,
8008,Canada,2025-03-25,ios,B
8009,Canada,2025-03-06,web,
8010,Australia,2025-03-06,web,
8011,India,2025-03-22,web,A
8012,Brazil,2025-01-01,web,A
8013,Brazil,2025-01-03,android,
8014,Canada,2025-02-15,web,
8015,India,2025-02-24,web,
8016,USA,2025-03-16,ios,
8017,Germany,2025-03-29,ios,B
8018,Canada,2025-03-27,android,B
8019,Germany,2025-03-05,web,
8020,UK,2025-02-14,web,
8021,UK,2025-01-26,web,
8022,USA,2025-03-18,ios,
8023,Australia,2025-03-06,android,
8024,UK,2025-01-24,ios,
8025,Germany,2025-03-15,web,
8026,Canada,2025-02-04,ios,B
8027,Canada,2025-01-24,web,A
8028,Brazil,2025-01-28,web,
8029,Brazil,2025-03-21,web,
8030,Australia,2025-01-16,android,
8031,UK,2025-02-28,ios,
8032,Germany,2025-03-22,web,
8033,Canada,2025-02-23,web,
8034,India,2025-03-20,android,
8035,India,2025-01-16,android,
8036,Canada,2025-01-15,web,B
8037,Canada,2025-01-11,web,
8038,Canada,2025-03-06,web,
8039,Brazil,2025-03-20,web,
8040,Germany,2025-03-31,android,
8041,Canada,2025-03-09,ios,
8042,Australia,2025-02-12,android,
8043,Brazil,2025-03-10,android,
8044,Germany,2025-01-13,ios,
8045,Canada,2025-01-10,web,
8046,Australia,2025-03-16,web,
8047,India,2025-03-23,ios,
8048,Canada,2025-02-10,android,A
8049,UK,2025-02-19,web,
8050,USA,2025-03-28,ios,
8051,UK,2025-03-12,ios,A
8052,Germany,2025-02-28,ios,
8053,Brazil,2025-02-08,web,
8054,Brazil,2025-01-03,ios,
8055,India,2025-03-17,android,
8056,Canada,2025-01-07,android,
8057,India,2025-02-18,ios,
8058,UK,2025-01-26,ios,B
8059,Canada,2025-02-02,ios,
8060,Australia,2025-02-17,android,
8061,UK,2025-03-20,web,
8062,Australia,2025-01-02,android,B
8063,USA,2025-03-12,ios,
8064,Germany,2025-02-01,web,
8065,UK,2025-01-04,web,
8066,UK,2025-01-20,ios,
8067,India,2025-02-05,ios,
8068,Canada,2025-02-01,android,B
8069,Germany,2025-01-28,android,
8070,India,2025-03-18,android,
8071,Australia,2025-01-01,ios,
8072,Australia,2025-03-01,web,
8073,USA,2025-02-25,android,
8074,UK,2025-02-04,ios,
8075,Canada,2025-01-30,web,
8076,UK,2025-02-23,ios,
8077,UK,2025-02-05,ios,
8078,Brazil,2025-02-24,ios,B
8079,Australia,2025-03-30,android,A
8080,Germany,2025-03-21,ios,
8081,India,2025-02-27,ios,B
8082,India,2025-03-24,ios,
8083,Australia,2025-03-06,android,
8084,India,2025-03-10,ios,B
8085,USA,2025-02-20,ios,
8086,Brazil,2025-01-22,android,
8087,USA,2025-03-29,ios,
8088,Germany,2025-02-22,web,
8089,India,2025-02-05,ios,
8090,India,2025-03-09,ios,
8091,India,2025-02-05,android,B
8092,UK,2025-02-21,android,
8093,Australia,2025-02-22,android,
8094,Australia,2025-03-23,android,
8095,UK,2025-02-19,web,
8096,Canada,2025-03-21,ios,
8097,India,2025-02-10,ios,
8098,Australia,2025-01-18,web,
8099,India,2025-01-22,android,
8100,UK,2025-03-07,ios,
8101,USA,2025-01-21,web,
8102,Brazil,2025-02-13,ios,
8103,USA,2025-02-16,web,A
8104,Australia,2025-02-08,web,
8105,Brazil,2025-01-29,ios,
8106,Australia,2025-02-23,android,A
8107,UK,2025-03-31,android,
8108,Canada,2025-03-26,web,
8109,Canada,2025-01-17,android,
8110,India,2025-03-21,ios,
8111,Australia,2025-03-01,web,
8112,India,2025-01-31,ios,
8113,India,2025-03-14,ios,
8114,Australia,2025-03-19,android,
8115,USA,2025-02-18,ios,
8116,India,2025-01-02,web,A
8117,Brazil,2025-02-17,web,
8118,India,2025-01-14,ios,
8119,UK,2025-02-28,ios,
8120,India,2025-02-27,web,
8121,USA,2025-02-27,android,
8122,USA,2025-02-20,android,
8123,Australia,2025-03-25,android,
8124,UK,2025-01-02,ios,
8125,Australia,2025-02-10,ios,
8126,Germany,2025-03-24,web,
8127,Australia,2025-03-23,web,A
8128,USA,2025-01-16,web,
8129,Germany,2025-01-04,web,
8130,UK,2025-01-12,android,B
8131,India,2025-01-29,ios,
8132,Canada,2025-01-07,ios,B
8133,Germany,2025-01-14,android,
8134,UK,2025-01-12,web,
8135,Germany,2025-01-05,web,B
8136,Germany,2025-03-22,ios,
8137,Australia,2025-02-01,web,
8138,India,2025-03-15,ios,
8139,Canada,2025-02-12,android,
8140,USA,2025-03-22,ios,
8141,Germany,2025-03-10,android,
8142,Brazil,2025-02-14,web,B
8143,India,2025-01-09,ios,
8144,Australia,2025-02-18,web,
8145,Brazil,2025-02-02,web,
8146,India,2025-01-18,web,
8147,India,2025-01-09,ios,
8148,Canada,2025-03-03,web,
8149,USA,2025-02-26,ios,
8150,Brazil,2025-01-29,web,B
8151,Germany,2025-03-19,android,
8152,India,2025-01-25,ios,A
8153,Canada,2025-01-15,android,
8154,Brazil,2025-01-06,android,
8155,Brazil,2025-02-11,ios,
8156,USA,2025-01-29,ios,
8157,Brazil,2025-03-20,ios,
8158,Germany,2025-01-04,web,
8159,Brazil,2025-03-23,web,A
8160,USA,2025-02-26,android,
8161,Australia,2025-02-18,ios,B
8162,India,2025-02-13,android,
8163,Brazil,2025-03-21,web,
8164,Brazil,2025-03-16,android,
8165,UK,2025-01-14,android,
8166,Germany,2025-01-03,ios,
8167,Canada,2025-03-03,ios,
8168,Germany,2025-03-05,android,
8169,Canada,2025-02-14,web,
8170,Canada,2025-03-23,android,
8171,Germany,2025-02-27,web,
8172,Canada,2025-01-20,android,
8173,Brazil,2025-02-27,android,B
8174,Germany,2025-03-30,ios,
8175,Germany,2025-02-26,android,
8176,Australia,2025-03-18,web,B
8177,UK,2025-03-09,android,
8178,USA,2025-03-19,android,
8179,USA,2025-02-21,web,
8180,India,2025-02-06,android,
8181,Canada,2025-01-08,android,
8182,Canada,2025-02-13,android,
8183,Canada,2025-01-05,android,
8184,Canada,2025-03-10,web,
8185,UK,2025-01-31,web,
8186,Canada,2025-02-14,web,
8187,Canada,2025-01-09,web,A
8188,Brazil,2025-02-01,android,
8189,Canada,2025-02-02,web,
8190,Canada,2025-03-08,android,A
8191,India,2025-01-30,ios,
8192,Germany,2025-03-17,android,
8193,India,2025-01-29,android,
8194,USA,2025-01-03,web,
8195,India,2025-03-31,web,A
8196,India,2025-02-26,web,
8197,Canada,2025-01-30,ios,
8198,UK,2025-01-09,android,
8199,Germany,2025-01-26,ios,
8200,Brazil,2025-01-02,android,A
8201,Canada,2025-03-03,android,
8202,Brazil,2025-01-03,ios,
8203,UK,2025-02-15,ios,
8204,Australia,2025-03-09,android,
8205,Canada,2025-01-25,ios,B
8206,UK,2025-02-20,web,
8207,Canada,2025-01-13,android,
8208,Canada,2025-02-13,web,
8209,Brazil,2025-02-04,ios,
8210,Canada,2025-02-24,web,
8211,India,2025-03-28,ios,
8212,Germany,2025-01-09,web,
8213,Brazil,2025-01-02,ios,
8214,India,2025-03-02,android,
8215,India,2025-02-10,android,
8216,USA,2025-02-13,android,
8217,UK,2025-03-05,android,
8218,Canada,2025-01-31,ios,B
8219,Australia,2025-02-16,web,A
8220,Canada,2025-01-02,android,A
8221,Brazil,2025-03-23,ios,
8222,Brazil,2025-03-18,ios,A
8223,Canada,2025-03-10,android,
8224,Germany,2025-02-27,android,
8225,Australia,2025-02-13,ios,
8226,Canada,2025-03-15,web,B
8227,Canada,2025-02-25,ios,
8228,Australia,2025-02-12,android,
8229,Brazil,2025-03-30,android,
8230,India,2025-02-03,android,
8231,India,2025-01-30,web,
8232,Germany,2025-03-12,web,
8233,Australia,2025-03-11,web,A
8234,India,2025-02-24,ios,
8235,India,2025-03-08,ios,
8236,Brazil,2025-01-13,web,B
8237,Australia,2025-01-03,web,
8238,UK,2025-01-26,android,
8239,Brazil,2025-02-26,android,
8240,USA,2025-01-24,ios,
8241,Germany,2025-02-22,web,
8242,Canada,2025-03-11,web,
8243,India,2025-02-12,ios,
8244,Australia,2025-03-01,web,
8245,Brazil,2025-02-27,android,
8246,Brazil,2025-02-18,web,
8247,Canada,2025-02-11,ios,
8248,Canada,2025-03-17,ios,
8249,India,2025-03-07,web,
8250,Germany,2025-01-11,ios,
8251,Brazil,2025-03-31,android,
8252,UK,2025-01-18,android,
8253,Canada,2025-03-26,android,
8254,India,2025-02-21,web,
8255,Germany,2025-02-15,ios,
8256,USA,2025-02-13,android,
8257,Canada,2025-01-22,ios,B
8258,India,2025-02-22,ios,B
8259,USA,2025-02-28,ios,
8260,India,2025-01-30,android,
8261,Brazil,2025-01-08,ios,
8262,Germany,2025-02-26,android,
8263,UK,2025-03-14,android,A
8264,USA,2025-01-20,android,
8265,Australia,2025-01-25,web,
8266,USA,2025-01-19,ios,
8267,Australia,2025-01-05,web,
8268,India,2025-03-16,web,
8269,USA,2025-03-20,web,A
8270,Australia,2025-03-13,web,
8271,India,2025-03-24,android,B
8272,India,2025-03-28,android,
8273,USA,2025-01-27,ios,
8274,USA,2025-02-09,ios,
8275,Australia,2025-01-26,android,
8276,Brazil,2025-01-27,ios,
8277,Brazil,2025-03-03,ios,
8278,Canada,2025-03-24,web,B
8279,Brazil,2025-02-19,web,
8280,Germany,2025-02-11,web,
8281,UK,2025-01-29,web,
8282,Brazil,2025-02-08,web,
8283,Brazil,2025-03-01,android,B
8284,India,2025-02-10,web,
8285,UK,2025-02-02,web,B
8286,USA,2025-03-24,android,
8287,Germany,2025-03-24,web,
8288,USA,2025-01-16,ios,
8289,India,2025-01-23,android,
8290,Germany,2025-01-07,ios,A
8291,Brazil,2025-01-26,ios,
8292,Australia,2025-01-12,android,B
8293,UK,2025-03-13,android,
8294,UK,2025-01-05,web,
8295,Brazil,2025-03-10,android,
8296,USA,2025-02-18,android,A
8297,USA,2025-01-26,web,
8298,Brazil,2025-01-05,web,
8299,Brazil,2025-01-22,android,
8300,UK,2025-03-20,web,B
8301,USA,2025-01-13,web,
8302,Canada,2025-01-28,web,
8303,Germany,2025-02-02,ios,
8304,Germany,2025-01-23,web,B
8305,India,2025-01-18,ios,
8306,India,2025-01-30,android,
8307,India,2025-01-26,ios,A
8308,Australia,2025-01-16,ios,
8309,USA,2025-03-18,ios,
8310,Germany,2025-02-08,ios,
8311,USA,2025-02-02,ios,
8312,Brazil,2025-01-26,ios,B
8313,UK,2025-02-17,android,
8314,Canada,2025-03-06,android,
8315,India,2025-02-07,android,
8316,Brazil,2025-01-02,ios,
8317,Brazil,2025-01-06,web,
8318,Canada,2025-02-15,ios,
8319,UK,2025-02-19,android,
8320,Germany,2025-02-07,ios,
8321,Germany,2025-03-29,android,
8322,Australia,2025-01-18,web,
8323,Brazil,2025-01-27,web,A
8324,UK,2025-02-10,android,
8325,Germany,2025-03-13,android,
8326,Australia,2025-03-15,ios,
8327,India,2025-01-17,ios,
8328,USA,2025-03-03,ios,
8329,UK,2025-01-29,web,
8330,Canada,2025-02-27,web,
8331,Australia,2025-03-11,web,
8332,Brazil,2025-03-19,ios,
8333,USA,2025-01-22,android,
8334,Germany,2025-01-06,android,A
8335,Germany,2025-01-26,ios,
8336,Canada,2025-02-08,ios,
8337,UK,2025-01-12,android,
8338,USA,2025-01-14,android,
8339,Germany,2025-01-22,web,A
8340,UK,2025-02-20,ios,
8341,USA,2025-01-23,web,
8342,Australia,2025-02-17,web,
8343,Australia,2025-03-12,android,
8344,Brazil,2025-02-19,ios,
8345,Brazil,2025-03-30,android,
8346,Australia,2025-01-13,web,
8347,Germany,2025-03-26,ios,
8348,Australia,2025-01-10,web,
8349,UK,2025-02-24,web,
8350,India,2025-01-09,android,
8351,Germany,2025-03-20,ios,
8352,India,2025-02-21,ios,
8353,USA,2025-01-02,ios,
8354,UK,2025-01-25,ios,
8355,Canada,2025-01-13,web,
8356,Germany,2025-02-20,android,
8357,Brazil,2025-02-27,ios,
8358,Australia,2025-02-03,web,
8359,USA,2025-02-04,android,A
8360,Canada,2025-01-03,android,
8361,Australia,2025-02-28,android,
8362,USA,2025-03-11,ios,
8363,USA,2025-02-17,web,
8364,India,2025-03-05,android,A
8365,India,2025-01-19,android,
8366,Canada,2025-03-08,android,
8367,USA,2025-03-23,web,B
8368,Australia,2025-03-14,web,B
8369,Germany,2025-03-17,ios,
8370,India,2025-01-05,ios,
8371,UK,2025-03-08,web,
8372,Australia,2025-01-11,ios,
8373,Brazil,2025-03-09,web,A
8374,Germany,2025-03-10,ios,B
8375,Canada,2025-01-01,ios,
8376,Canada,2025-03-04,web,
8377,Australia,2025-01-29,android,A
8378,UK,2025-03-23,android,B
8379,Canada,2025-01-12,ios,A
8380,Australia,2025-03-18,android,
8381,Canada,2025-02-10,android,
8382,India,2025-01-02,ios,
8383,Brazil,2025-02-06,android,
8384,USA,2025-02-14,web,B
8385,Australia,2025-03-21,web,
8386,Brazil,2025-02-17,android,
8387,USA,2025-01-24,web,
8388,Canada,2025-01-22,web,
8389,UK,2025-01-11,android,
8390,UK,2025-02-27,web,
8391,Germany,2025-02-15,ios,
8392,UK,2025-01-29,ios,
8393,India,2025-02-04,ios,
8394,India,2025-01-15,android,
8395,Brazil,2025-03-01,web,
8396,Canada,2025-02-11,android,
8397,USA,2025-02-12,android,
8398,Canada,2025-03-21,web,
8399,Brazil,2025-03-15,web,
8400,Germany,2025-02-18,web,
8401,Canada,2025-03-05,android,
8402,Germany,2025-02-01,android,A
8403,Canada,2025-03-05,ios,A
8404,India,2025-01-02,android,
8405,Germany,2025-01-24,web,
8406,Canada,2025-03-28,android,
8407,India,2025-03-07,ios,
8408,USA,2025-02-07,web,
8409,Australia,2025-01-31,ios,B
8410,Brazil,2025-01-26,android,
8411,Canada,2025-01-29,android,
8412,Germany,2025-03-08,ios,
8413,USA,2025-03-19,ios,
8414,Germany,2025-01-25,web,
8415,UK,2025-02-17,web,
8416,Australia,2025-03-06,ios,A
8417,Germany,2025-02-22,web,
8418,USA,2025-03-08,ios,A
8419,Germany,2025-03-31,ios,B
8420,UK,2025-01-18,android,
8421,Australia,2025-01-09,ios,A
8422,Australia,2025-02-07,web,B
8423,Germany,2025-03-28,ios,B
8424,Australia,2025-01-21,android,
8425,USA,2025-03-06,web,
8426,Australia,2025-01-21,ios,
8427,Australia,2025-01-27,android,
8428,India,2025-03-11,web,
8429,Australia,2025-02-13,android,A
8430,USA,2025-01-28,android,
8431,India,2025-02-14,web,A
8432,Australia,2025-01-17,android,
8433,India,2025-02-09,android,
8434,Brazil,2025-01-03,android,
8435,Canada,2025-03-17,web,
8436,USA,2025-03-17,android,
8437,Australia,2025-03-07,ios,B
8438,Brazil,2025-02-15,android,
8439,India,2025-03-27,ios,A
8440,Germany,2025-03-28,android,
8441,India,2025-01-30,ios,
8442,USA,2025-03-10,web,
8443,USA,2025-01-09,android,
8444,USA,2025-03-26,ios,
8445,USA,2025-01-11,web,
8446,Australia,2025-03-10,android,
8447,Germany,2025-03-07,android,
8448,Australia,2025-03-29,android,
8449,Brazil,2025-01-31,web,
8450,UK,2025-02-02,web,A
8451,Brazil,2025-02-08,ios,
8452,India,2025-02-15,android,
8453,USA,2025-02-06,ios,
8454,USA,2025-03-01,ios,
8455,UK,2025-01-31,ios,
8456,Australia,2025-01-11,ios,
8457,Australia,2025-03-28,ios,B
8458,Brazil,2025-01-02,android,
8459,India,2025-01-27,web,
8460,USA,2025-01-02,ios,
8461,Australia,2025-01-21,web,B
8462,Canada,2025-02-27,ios,A
8463,UK,2025-01-05,android,
8464,UK,2025-02-21,ios,
8465,Canada,2025-02-14,ios,
8466,India,2025-03-26,ios,
8467,UK,2025-01-20,android,
8468,Canada,2025-03-02,ios,A
8469,UK,2025-02-07,android,
8470,Brazil,2025-01-20,web,
8471,USA,2025-01-25,web,
8472,Brazil,2025-01-02,web,B
8473,UK,2025-02-01,android,
8474,Germany,2025-01-26,ios,B
8475,India,2025-03-11,web,B
8476,Australia,2025-02-10,web,
8477,UK,2025-03-08,ios,
8478,UK,2025-01-01,web,
8479,Canada,2025-02-20,web,A
8480,Brazil,2025-01-05,ios,B
8481,India,2025-01-13,android,
8482,Canada,2025-01-19,android,
8483,USA,2025-01-12,web,
8484,India,2025-02-17,web,
8485,UK,2025-01-25,android,
8486,Brazil,2025-02-26,web,A
8487,Australia,2025-02-04,android,
8488,Germany,2025-03-17,web,B
8489,UK,2025-01-05,web,
8490,India,2025-01-22,android,
8491,Canada,2025-03-18,ios,A
8492,Canada,2025-02-26,web,A
8493,Australia,2025-02-16,web,
8494,India,2025-02-23,ios,
8495,Germany,2025-01-03,web,
8496,India,2025-02-22,ios,B
8497,Canada,2025-03-25,ios,
8498,India,2025-01-31,android,
8499,Canada,2025-03-10,ios,
8500,Australia,2025-03-29,android,A
8501,Brazil,2025-02-02,android,B
8502,India,2025-03-13,android,
8503,USA,2025-03-29,web,
8504,Germany,2025-02-19,web,
8505,UK,2025-03-25,ios,
8506,Australia,2025-01-16,android,
8507,Germany,2025-03-17,web,
8508,Canada,2025-03-18,web,
8509,UK,2025-02-08,ios,
8510,Brazil,2025-03-30,web,
8511,India,2025-02-15,web,
8512,Canada,2025-03-29,web,
8513,UK,2025-02-16,web,
8514,UK,2025-02-13,web,
8515,Brazil,2025-01-09,web,
8516,Canada,2025-03-28,ios,B
8517,Germany,2025-02-19,android,A
8518,Canada,2025-03-18,web,
8519,Germany,2025-03-01,android,
8520,Germany,2025-01-15,ios,
8521,India,2025-02-05,ios,
8522,Brazil,2025-03-04,android,
8523,UK,2025-03-10,android,
8524,Germany,2025-03-27,ios,
8525,Germany,2025-03-21,web,B
8526,Germany,2025-02-10,android,
8527,USA,2025-03-15,android,
8528,India,2025-01-24,web,
8529,Germany,2025-03-23,android,
8530,Canada,2025-02-18,web,
8531,USA,2025-01-18,ios,B
8532,Australia,2025-01-07,android,
8533,Brazil,2025-01-04,web,
8534,UK,2025-03-31,web,
8535,Germany,2025-03-10,ios,
8536,India,2025-03-01,android,
8537,Germany,2025-02-24,web,
8538,India,2025-01-16,android,
8539,USA,2025-03-31,web,
8540,India,2025-03-23,android,B
8541,Canada,2025-01-29,android,
8542,Brazil,2025-01-23,web,A
8543,India,2025-01-14,web,
8544,Canada,2025-03-20,android,
8545,UK,2025-02-18,android,
8546,USA,2025-02-02,ios,
8547,India,2025-01-25,web,
8548,Germany,2025-01-21,android,
8549,Australia,2025-01-17,android,
8550,Brazil,2025-01-23,web,A
8551,Australia,2025-02-26,android,
8552,UK,2025-03-22,android,
8553,India,2025-02-27,ios,
8554,India,2025-01-14,ios,
8555,UK,2025-01-20,web,
8556,UK,2025-01-30,web,
8557,India,2025-01-19,web,
8558,Germany,2025-02-22,ios,A
8559,Germany,2025-02-25,ios,
8560,Germany,2025-03-18,ios,
8561,India,2025-03-23,android,
8562,USA,2025-01-23,ios,
8563,India,2025-03-03,ios,
8564,USA,2025-02-02,web,
8565,Germany,2025-01-18,ios,A
8566,India,2025-03-14,ios,
8567,Canada,2025-02-02,android,
8568,Germany,2025-02-01,ios,B
8569,India,2025-03-02,web,
8570,Germany,2025-02-23,android,B
8571,UK,2025-01-17,ios,
8572,Canada,2025-01-19,ios,
8573,India,2025-03-11,ios,
8574,USA,2025-02-03,android,A
8575,Germany,2025-03-25,android,
8576,Canada,2025-01-25,ios,
8577,Canada,2025-03-09,web,
8578,Canada,2025-03-15,ios,
8579,Brazil,2025-03-15,android,
8580,USA,2025-03-29,android,
8581,Brazil,2025-03-26,android,
8582,Germany,2025-01-11,web,A
8583,Canada,2025-01-16,ios,B
8584,Australia,2025-03-31,ios,
8585,India,2025-03-02,android,
8586,India,2025-03-21,ios,B
8587,India,2025-01-07,web,
8588,Brazil,2025-01-16,web,B
8589,Canada,2025-01-16,ios,B
8590,Australia,2025-02-09,ios,
8591,Australia,2025-01-12,ios,B
8592,Germany,2025-02-04,ios,
8593,UK,2025-01-21,ios,
8594,Australia,2025-02-19,ios,A
8595,India,2025-02-12,android,
8596,Germany,2025-01-17,android,
8597,UK,2025-02-01,android,
8598,UK,2025-02-10,web,
8599,Australia,2025-01-06,web,A
8600,Germany,2025-03-29,web,B
8601,India,2025-01-27,web,
8602,India,2025-01-20,android,
8603,USA,2025-01-25,ios,A
8604,Germany,2025-03-07,ios,
8605,Canada,2025-01-09,ios,A
8606,UK,2025-02-22,web,
8607,Brazil,2025-03-02,android,A
8608,Brazil,2025-02-07,ios,
8609,Canada,2025-01-03,web,
8610,Australia,2025-03-25,web,
8611,India,2025-03-11,web,
8612,USA,2025-02-24,ios,
8613,Canada,2025-01-01,android,A
8614,Australia,2025-03-11,ios,A
8615,Australia,2025-02-14,android,
8616,Brazil,2025-02-16,android,
8617,India,2025-03-20,ios,A
8618,USA,2025-01-26,ios,
8619,Brazil,2025-01-14,web,
8620,UK,2025-02-23,web,
8621,Brazil,2025-03-12,ios,
8622,Brazil,2025-02-15,ios,B
8623,Brazil,2025-01-31,android,
8624,Australia,2025-03-29,android,
8625,Brazil,2025-02-28,web,B
8626,India,2025-01-29,android,
8627,Germany,2025-01-17,ios,
8628,UK,2025-01-14,android,A
8629,Australia,2025-02-05,android,
8630,Germany,2025-02-27,android,
8631,India,2025-01-24,ios,A
8632,Brazil,2025-03-04,web,
8633,Australia,2025-01-25,android,
8634,USA,2025-02-28,ios,
8635,USA,2025-02-01,android,
8636,Germany,2025-03-23,android,
8637,Australia,2025-01-18,ios,
8638,Canada,2025-02-06,android,
8639,USA,2025-01-26,ios,
8640,Germany,2025-01-09,web,
8641,UK,2025-03-05,android,
8642,USA,2025-03-13,ios,
8643,Australia,2025-01-20,android,
8644,Canada,2025-02-23,android,
8645,Brazil,2025-03-27,android,B
8646,India,2025-03-24,ios,
8647,UK,2025-01-30,ios,
8648,Australia,2025-02-22,ios,
8649,USA,2025-03-04,web,
8650,Australia,2025-01-11,android,
8651,USA,2025-01-31,ios,
8652,Australia,2025-02-18,android,
8653,Australia,2025-03-28,android,
8654,Germany,2025-01-19,android,
8655,UK,2025-01-12,ios,
8656,India,2025-01-15,web,
8657,India,2025-01-31,web,
8658,Germany,2025-02-12,web,
8659,Germany,2025-02-06,web,
8660,Germany,2025-03-20,ios,B
8661,USA,2025-01-29,web,
8662,Australia,2025-01-26,web,
8663,UK,2025-01-02,ios,
8664,India,2025-03-25,ios,B
8665,Brazil,2025-01-15,android,
8666,India,2025-01-04,android,
8667,Canada,2025-03-27,web,
8668,UK,2025-02-19,android,
8669,Germany,2025-02-07,ios,
8670,USA,2025-01-23,android,
8671,India,2025-02-28,android,A
8672,Brazil,2025-03-31,ios,
8673,USA,2025-03-16,web,
8674,India,2025-01-28,android,B
8675,Australia,2025-03-07,android,
8676,UK,2025-01-08,web,
8677,Australia,2025-01-29,android,
8678,India,2025-01-11,web,A
8679,Brazil,2025-01-18,ios,
8680,USA,2025-02-24,ios,
8681,India,2025-02-19,web,
8682,Brazil,2025-01-14,ios,
8683,Australia,2025-03-15,ios,
8684,India,2025-01-09,ios,
8685,India,2025-01-11,ios,
8686,Australia,2025-03-04,ios,
8687,Canada,2025-03-17,ios,
8688,Germany,2025-03-08,android,
8689,Australia,2025-02-22,android,
8690,Brazil,2025-02-08,android,
8691,India,2025-03-19,ios,
8692,Canada,2025-02-25,android,A
8693,USA,2025-01-28,web,
8694,UK,2025-03-16,web,
8695,Australia,2025-02-08,web,
8696,Germany,2025-01-25,android,
8697,Canada,2025-01-21,ios,
8698,Germany,2025-01-10,web,
8699,Germany,2025-02-12,android,A
8700,UK,2025-01-15,android,B
8701,Australia,2025-03-24,ios,B
8702,Brazil,2025-02-17,ios,
8703,USA,2025-03-27,android,
8704,UK,2025-01-21,ios,
8705,USA,2025-03-01,ios,
8706,USA,2025-02-19,ios,
8707,Germany,2025-01-23,ios,
8708,India,2025-01-13,ios,
8709,USA,2025-03-10,android,
8710,USA,2025-01-04,web,
8711,USA,2025-03-19,android,
8712,USA,2025-03-13,android,
8713,Germany,2025-01-09,android,
8714,USA,2025-02-04,android,
8715,India,2025-01-21,android,
8716,Canada,2025-02-27,ios,
8717,Brazil,2025-01-18,web,
8718,Brazil,2025-03-13,ios,
8719,USA,2025-03-22,web,
8720,Germany,2025-02-12,android,
8721,India,2025-01-06,android,
8722,Australia,2025-03-27,android,
8723,India,2025-03-19,android,
8724,USA,2025-03-08,android,A
8725,Germany,2025-01-12,android,
8726,Australia,2025-01-12,android,
8727,Brazil,2025-03-07,web,
8728,Canada,2025-01-02,android,A
8729,UK,2025-01-15,android,
8730,USA,2025-01-23,android,
8731,USA,2025-01-29,web,
8732,USA,2025-03-22,web,B
8733,Germany,2025-01-07,android,
8734,Australia,2025-01-28,ios,
8735,Australia,2025-01-14,web,
8736,UK,2025-02-13,android,
8737,Germany,2025-01-30,web,
8738,USA,2025-03-22,ios,
8739,UK,2025-02-01,android,B
8740,India,2025-03-11,web,A
8741,India,2025-03-29,ios,
8742,Canada,2025-01-06,web,
8743,UK,2025-01-27,web,
8744,USA,2025-03-23,android,
8745,Germany,2025-03-29,android,
8746,USA,2025-01-24,web,
8747,UK,2025-02-03,ios,
8748,Canada,2025-02-09,android,
8749,Australia,2025-02-16,web,
8750,USA,2025-03-20,web,
8751,Australia,2025-03-16,android,
8752,USA,2025-03-27,android,
8753,India,2025-01-24,web,
8754,Brazil,2025-03-06,android,
8755,Germany,2025-01-18,web,A
8756,Canada,2025-02-13,ios,
8757,USA,2025-03-17,android,
8758,India,2025-02-26,android,
8759,Brazil,2025-01-28,web,
8760,India,2025-03-12,android,
8761,USA,2025-01-23,ios,
8762,Germany,2025-03-26,web,
8763,Brazil,2025-02-03,ios,A
8764,USA,2025-01-11,ios,
8765,UK,2025-03-27,ios,
8766,Canada,2025-02-04,ios,
8767,Canada,2025-02-11,web,
8768,USA,2025-01-28,android,
8769,India,2025-03-23,ios,
8770,USA,2025-03-19,ios,
8771,UK,2025-03-23,web,B
8772,Canada,2025-01-24,ios,
8773,UK,2025-01-08,ios,
8774,USA,2025-02-22,ios,
8775,Australia,2025-03-13,ios,
8776,UK,2025-01-04,android,
8777,India,2025-01-05,ios,B
8778,UK,2025-02-18,web,
8779,Canada,2025-01-30,android,
8780,UK,2025-03-13,web,
8781,Australia,2025-03-04,android,
8782,Australia,2025-02-16,android,A
8783,Germany,2025-01-26,ios,
8784,India,2025-02-26,ios,
8785,Canada,2025-02-06,web,
8786,UK,2025-01-07,android,
8787,Canada,2025-02-09,android,
8788,USA,2025-02-08,ios,
8789,UK,2025-03-03,android,B
8790,Brazil,2025-03-19,ios,
8791,Brazil,2025-02-22,ios,A
8792,Canada,2025-01-04,web,
8793,India,2025-03-23,ios,
8794,Brazil,2025-01-25,ios,
8795,Australia,2025-01-07,android,
8796,Brazil,2025-01-28,web,
8797,UK,2025-03-10,web,
8798,India,2025-03-08,web,
8799,Germany,2025-01-20,ios,
8800,UK,2025-03-24,web,
8801,Germany,2025-01-11,ios,
8802,USA,2025-03-08,ios,A
8803,Canada,2025-03-28,ios,
8804,Australia,2025-01-07,ios,
8805,Brazil,2025-01-23,web,
8806,UK,2025-03-02,web,
8807,India,2025-03-12,android,B
8808,Brazil,2025-02-03,web,
8809,USA,2025-01-19,android,
8810,Canada,2025-02-27,web,
8811,Brazil,2025-01-09,web,
8812,Australia,2025-02-17,web,
8813,Australia,2025-03-23,ios,
8814,Brazil,2025-02-10,web,
8815,Germany,2025-02-17,web,B
8816,Australia,2025-02-14,android,
8817,USA,2025-01-25,web,
8818,India,2025-03-19,ios,A
8819,Australia,2025-01-25,web,
8820,Brazil,2025-01-19,android,
8821,Brazil,2025-02-08,web,B
8822,Canada,2025-03-20,web,
8823,Australia,2025-03-21,android,A
8824,India,2025-01-27,web,
8825,India,2025-03-15,android,A
8826,Australia,2025-03-04,android,
8827,UK,2025-03-09,ios,B
8828,UK,2025-01-19,ios,
8829,Australia,2025-01-28,android,
8830,Brazil,2025-03-26,ios,
8831,UK,2025-03-19,ios,B
8832,Brazil,2025-02-02,android,B
8833,India,2025-01-10,web,
8834,UK,2025-03-24,web,
8835,Canada,2025-01-30,web,
8836,USA,2025-01-22,ios,
8837,USA,2025-01-03,ios,
8838,India,2025-03-23,web,
8839,Brazil,2025-03-16,android,B
8840,USA,2025-02-17,android,B
8841,UK,2025-01-02,android,B
8842,Germany,2025-03-17,ios,
8843,Brazil,2025-02-23,web,A
8844,UK,2025-01-06,android,
8845,Brazil,2025-02-09,web,
8846,Canada,2025-01-02,web,
8847,Canada,2025-03-14,ios,
8848,UK,2025-01-02,android,
8849,Australia,2025-03-15,ios,
8850,India,2025-02-24,web,
8851,India,2025-03-13,web,
8852,India,2025-03-01,web,
8853,India,2025-01-06,android,B
8854,UK,2025-01-19,android,
8855,USA,2025-01-27,android,
8856,UK,2025-01-01,web,
8857,UK,2025-02-02,web,A
8858,Germany,2025-02-09,android,
8859,Germany,2025-02-01,web,
8860,Canada,2025-03-10,web,
8861,Australia,2025-01-17,web,
8862,UK,2025-01-08,android,
8863,India,2025-02-26,ios,
8864,Australia,2025-02-11,ios,
8865,Germany,2025-01-09,ios,B
8866,Germany,2025-03-28,android,
8867,Australia,2025-02-04,web,
8868,Australia,2025-03-12,ios,
8869,Australia,2025-03-20,ios,
8870,UK,2025-02-22,android,
8871,Brazil,2025-02-23,web,A
8872,Germany,2025-03-25,web,
8873,India,2025-01-25,android,
8874,Canada,2025-03-08,ios,B
8875,Australia,2025-03-03,web,
8876,UK,2025-02-24,web,
8877,Brazil,2025-02-15,ios,
8878,USA,2025-01-24,android,
8879,Australia,2025-02-15,ios,
8880,India,2025-01-22,web,B
8881,India,2025-01-11,android,
8882,UK,2025-02-17,ios,
8883,Australia,2025-01-08,ios,
8884,USA,2025-02-08,android,B
8885,India,2025-02-04,web,
8886,India,2025-02-18,android,
8887,Australia,2025-02-15,android,
8888,UK,2025-02-07,web,
8889,India,2025-01-08,ios,
8890,Canada,2025-02-23,android,
8891,Brazil,2025-02-06,android,
8892,USA,2025-02-09,ios,
8893,Germany,2025-02-03,web,B
8894,Germany,2025-03-20,ios,A
8895,USA,2025-01-17,ios,
8896,Canada,2025-02-02,android,
8897,Brazil,2025-02-16,android,
8898,UK,2025-02-21,web,
8899,UK,2025-03-21,android,
8900,Germany,2025-01-09,ios,
8901,India,2025-02-02,ios,
8902,USA,2025-03-01,web,B
8903,Brazil,2025-03-18,android,A
8904,UK,2025-01-21,android,
8905,USA,2025-02-27,web,
8906,India,2025-03-26,web,
8907,Germany,2025-03-10,android,
8908,India,2025-01-10,web,
8909,Brazil,2025-01-06,ios,
8910,Canada,2025-01-13,web,
8911,Canada,2025-03-06,ios,
8912,Germany,2025-01-20,ios,
8913,India,2025-02-26,ios,
8914,Australia,2025-02-15,android,
8915,Australia,2025-01-08,ios,B
8916,Canada,2025-01-10,web,
8917,Australia,2025-03-14,ios,
8918,Brazil,2025-03-08,android,B
8919,Canada,2025-01-11,android,
8920,Brazil,2025-01-12,android,B
8921,Brazil,2025-01-10,android,
8922,USA,2025-01-25,web,
8923,Brazil,2025-02-18,android,B
8924,UK,2025-02-18,web,
8925,Brazil,2025-03-30,android,
8926,India,2025-01-11,android,A
8927,UK,2025-03-03,web,
8928,Germany,2025-02-05,ios,
8929,Canada,2025-02-08,web,
8930,Canada,2025-02-22,ios,
8931,UK,2025-03-31,web,A
8932,India,2025-03-19,ios,
8933,Australia,2025-02-25,android,
8934,Canada,2025-01-01,ios,
8935,Canada,2025-02-25,ios,B
8936,Germany,2025-01-04,android,A
8937,India,2025-01-30,android,B
8938,Australia,2025-01-12,ios,
8939,India,2025-02-04,ios,
8940,USA,2025-03-18,web,
8941,USA,2025-02-21,android,A
8942,India,2025-01-31,android,
8943,Brazil,2025-03-28,android,
8944,USA,2025-03-09,web,
8945,Australia,2025-02-21,web,
8946,Canada,2025-03-21,ios,
8947,India,2025-01-07,web,
8948,UK,2025-01-22,web,
8949,India,2025-03-16,web,B
8950,India,2025-02-25,android,
8951,Germany,2025-02-27,ios,
8952,Australia,2025-03-05,web,B
8953,USA,2025-01-12,web,
8954,Germany,2025-01-07,web,
8955,Brazil,2025-02-24,android,
8956,India,2025-03-03,ios,
8957,USA,2025-03-31,ios,
8958,USA,2025-03-14,web,
8959,Australia,2025-03-18,ios,
8960,Canada,2025-02-24,android,
8961,USA,2025-02-05,web,
8962,India,2025-03-30,ios,
8963,India,2025-01-24,web,A
8964,Canada,2025-02-13,android,
8965,UK,2025-01-17,web,B
8966,Germany,2025-01-02,android,
8967,Germany,2025-01-13,web,A
8968,Australia,2025-01-31,web,
8969,India,2025-01-28,ios,
8970,Australia,2025-03-01,ios,
8971,Australia,2025-01-27,android,
8972,Brazil,2025-01-15,android,
8973,Canada,2025-03-20,android,
8974,USA,2025-02-02,ios,
8975,India,2025-01-20,web,
8976,India,2025-02-11,android,
8977,India,2025-01-12,web,
8978,USA,2025-03-14,web,
8979,Australia,2025-01-23,ios,
8980,USA,2025-03-13,ios,
8981,Canada,2025-01-14,web,
8982,India,2025-01-25,android,A
8983,UK,2025-03-18,ios,
8984,Germany,2025-03-26,web,
8985,Canada,2025-01-31,ios,
8986,UK,2025-02-23,web,
8987,UK,2025-01-05,ios,
8988,India,2025-01-13,android,B
8989,Australia,2025-01-28,android,
8990,USA,2025-02-12,ios,
8991,Germany,2025-03-30,ios,
8992,UK,2025-02-16,ios,
8993,Brazil,2025-03-12,android,
8994,USA,2025-02-07,ios,
8995,Australia,2025-03-08,android,
8996,Canada,2025-03-03,ios,
8997,USA,2025-02-08,ios,B
8998,Germany,2025-02-06,web,
8999,Germany,2025-03-27,android,
9000,Germany,2025-01-08,ios,
9001,India,2025-03-22,android,
9002,USA,2025-02-21,web,
9003,India,2025-02-02,android,B
9004,India,2025-03-22,android,
9005,Australia,2025-02-11,android,
9006,India,2025-03-17,android,
9007,Australia,2025-01-27,android,
9008,USA,2025-01-08,android,
9009,Canada,2025-01-23,android,
9010,Brazil,2025-03-05,ios,
9011,UK,2025-01-20,ios,
9012,USA,2025-01-16,android,A
9013,Australia,2025-01-17,android,A
9014,USA,2025-03-21,ios,
9015,Germany,2025-01-19,web,
9016,UK,2025-01-08,ios,
9017,Germany,2025-02-07,web,A
9018,Brazil,2025-02-07,android,
9019,Canada,2025-02-22,android,A
9020,India,2025-03-31,ios,
9021,Germany,2025-01-31,ios,
9022,Brazil,2025-02-13,ios,
9023,UK,2025-03-01,android,
9024,India,2025-03-17,ios,
9025,Brazil,2025-01-17,ios,
9026,Germany,2025-03-20,web,A
9027,Brazil,2025-03-14,android,
9028,Brazil,2025-02-08,android,
9029,Australia,2025-02-11,android,
9030,Australia,2025-02-17,ios,
9031,India,2025-01-12,android,A
9032,USA,2025-03-30,ios,
9033,Brazil,2025-01-18,web,
9034,India,2025-03-20,android,
9035,Canada,2025-01-06,web,A
9036,Canada,2025-02-12,web,
9037,India,2025-02-04,android,
9038,UK,2025-02-23,android,
9039,UK,2025-03-03,ios,
9040,USA,2025-03-10,web,
9041,Germany,2025-03-23,web,A
9042,Brazil,2025-01-16,ios,
9043,Brazil,2025-01-08,android,
9044,India,2025-03-30,web,A
9045,India,2025-03-31,ios,
9046,India,2025-03-27,web,
9047,Canada,2025-01-31,web,
9048,UK,2025-01-10,ios,
9049,Canada,2025-02-25,web,
9050,Canada,2025-03-17,ios,A
9051,India,2025-03-11,ios,
9052,USA,2025-01-20,web,
9053,India,2025-01-05,web,
9054,Germany,2025-01-23,android,
9055,Canada,2025-01-09,android,B
9056,India,2025-02-27,web,B
9057,Australia,2025-02-28,android,
9058,Brazil,2025-03-21,android,
9059,Brazil,2025-02-23,ios,
9060,Australia,2025-02-15,web,A
9061,India,2025-01-22,android,
9062,Brazil,2025-03-05,android,
9063,Australia,2025-01-08,android,
9064,India,2025-01-20,web,
9065,Canada,2025-02-20,ios,
9066,India,2025-03-19,web,
9067,Canada,2025-02-08,ios,
9068,UK,2025-02-06,android,
9069,Canada,2025-02-19,web,
9070,UK,2025-02-03,ios,
9071,Brazil,2025-03-16,android,
9072,Brazil,2025-02-02,android,B
9073,Australia,2025-01-31,web,
9074,USA,2025-02-23,ios,
9075,Canada,2025-02-13,android,
9076,Canada,2025-02-03,android,
9077,USA,2025-03-12,android,
9078,India,2025-03-03,ios,B
9079,USA,2025-01-23,ios,
9080,Germany,2025-02-15,android,
9081,UK,2025-02-25,ios,
9082,Canada,2025-01-07,android,
9083,Australia,2025-03-30,android,A
9084,Australia,2025-03-02,ios,A
9085,Brazil,2025-01-03,ios,A
9086,Australia,2025-02-07,web,A
9087,USA,2025-03-25,web,
9088,Germany,2025-02-03,ios,
9089,USA,2025-02-13,ios,
9090,Brazil,2025-01-30,ios,A
9091,USA,2025-01-17,ios,
9092,UK,2025-02-28,android,
9093,Canada,2025-01-10,android,
9094,Australia,2025-03-25,web,
9095,USA,2025-01-18,ios,
9096,Germany,2025-02-14,web,
9097,Canada,2025-02-28,ios,
9098,USA,2025-03-03,ios,A
9099,Australia,2025-02-28,ios,
9100,Australia,2025-02-18,android,
9101,Brazil,2025-03-04,web,
9102,Australia,2025-03-28,ios,A
9103,Australia,2025-02-01,web,
9104,USA,2025-01-10,web,
9105,Germany,2025-01-11,android,
9106,USA,2025-03-11,android,
9107,India,2025-03-03,ios,
9108,Brazil,2025-02-16,web,
9109,India,2025-02-03,android,
9110,Canada,2025-01-17,web,
9111,India,2025-02-23,web,
9112,Canada,2025-03-17,ios,
9113,Canada,2025-03-26,web,B
9114,Brazil,2025-02-09,android,B
9115,Australia,2025-01-19,ios,
9116,Brazil,2025-03-08,ios,
9117,Germany,2025-03-23,ios,
9118,Germany,2025-02-22,android,A
9119,Germany,2025-03-05,ios,
9120,India,2025-03-24,web,A
9121,Canada,2025-02-16,ios,A
9122,USA,2025-01-06,android,B
9123,UK,2025-01-16,android,
9124,USA,2025-03-13,ios,B
9125,UK,2025-01-18,web,
9126,UK,2025-02-21,android,
9127,UK,2025-02-17,android,B
9128,UK,2025-02-12,android,B
9129,Brazil,2025-02-08,ios,
9130,Germany,2025-02-18,android,
9131,Brazil,2025-01-12,android,
9132,India,2025-01-10,android,
9133,Brazil,2025-03-12,ios,
9134,Germany,2025-02-24,android,A
9135,USA,2025-01-01,android,
9136,Australia,2025-02-18,ios,A
9137,Germany,2025-02-05,ios,
9138,USA,2025-01-21,web,
9139,India,2025-02-06,android,
9140,Australia,2025-01-24,ios,
9141,UK,2025-02-24,web,
9142,Canada,2025-01-25,android,
9143,Brazil,2025-01-07,ios,
9144,Canada,2025-03-22,ios,
9145,UK,2025-03-12,android,
9146,India,2025-03-12,android,B
9147,India,2025-01-24,web,
9148,USA,2025-01-11,android,B
9149,USA,2025-03-14,android,
9150,Canada,2025-01-12,android,
9151,India,2025-02-04,ios,
9152,Germany,2025-03-04,web,
9153,UK,2025-03-09,web,
9154,Brazil,2025-02-26,web,A
9155,India,2025-01-13,ios,
9156,Brazil,2025-01-23,android,B
9157,India,2025-03-24,ios,B
9158,USA,2025-02-08,web,
9159,USA,2025-03-29,android,
9160,Australia,2025-03-21,android,
9161,India,2025-01-12,web,
9162,Brazil,2025-02-03,android,
9163,UK,2025-03-12,ios,
9164,India,2025-03-16,web,
9165,India,2025-01-31,ios,
9166,Australia,2025-03-03,android,B
9167,Australia,2025-01-13,web,
9168,Germany,2025-01-31,android,
9169,Australia,2025-01-02,web,
9170,Australia,2025-01-15,web,
9171,India,2025-02-26,web,A
9172,Australia,2025-03-16,web,
9173,Australia,2025-02-03,web,
9174,Canada,2025-03-09,android,A
9175,USA,2025-03-16,web,B
9176,Australia,2025-01-29,ios,
9177,Germany,2025-03-07,web,
9178,Australia,2025-01-16,ios,
9179,Germany,2025-02-08,android,
9180,USA,2025-03-18,web,B
9181,Australia,2025-02-06,web,
9182,USA,2025-03-22,ios,
9183,Canada,2025-01-21,web,
9184,USA,2025-02-13,android,
9185,Brazil,2025-01-19,android,A
9186,Canada,2025-03-12,web,
9187,Germany,2025-01-08,ios,A
9188,UK,2025-03-18,android,
9189,UK,2025-03-07,web,
9190,Canada,2025-02-10,ios,
9191,Brazil,2025-03-16,ios,
9192,UK,2025-03-29,android,
9193,Germany,2025-03-11,web,A
9194,USA,2025-03-02,android,
9195,Australia,2025-01-26,ios,
9196,Germany,2025-03-12,android,
9197,Canada,2025-03-24,web,
9198,Australia,2025-03-11,android,
9199,Brazil,2025-01-29,ios,
9200,Brazil,2025-03-07,android,
9201,India,2025-01-19,ios,
9202,Brazil,2025-03-09,ios,
9203,Australia,2025-02-27,ios,
9204,Australia,2025-03-11,android,A
9205,Brazil,2025-02-26,web,
9206,Australia,2025-02-06,ios,
9207,Canada,2025-03-02,android,
9208,Germany,2025-01-30,ios,
9209,Germany,2025-03-12,android,B
9210,Brazil,2025-03-14,ios,
9211,Australia,2025-01-25,android,
9212,Germany,2025-03-06,ios,B
9213,Germany,2025-01-06,ios,
9214,Canada,2025-01-18,ios,
9215,Canada,2025-01-10,web,
9216,Australia,2025-01-11,android,
9217,Brazil,2025-03-06,web,
9218,USA,2025-03-18,android,
9219,Brazil,2025-03-25,ios,
9220,Australia,2025-03-06,android,A
9221,UK,2025-02-21,android,A
9222,Germany,2025-03-08,ios,B
9223,Australia,2025-03-23,ios,
9224,India,2025-03-19,ios,
9225,Brazil,2025-01-31,android,
9226,USA,2025-01-17,ios,
9227,USA,2025-02-24,ios,
9228,Germany,2025-02-05,android,A
9229,Brazil,2025-01-26,web,A
9230,Australia,2025-02-22,android,
9231,Brazil,2025-01-17,android,
9232,Canada,2025-03-27,android,A
9233,UK,2025-01-25,ios,
9234,Canada,2025-01-02,android,
9235,Australia,2025-03-27,web,
9236,Brazil,2025-01-05,android,
9237,Canada,2025-01-04,android,
9238,UK,2025-02-05,ios,
9239,USA,2025-01-06,ios,
9240,Brazil,2025-01-21,web,
9241,Canada,2025-03-18,android,
9242,Canada,2025-03-30,android,B
9243,Germany,2025-01-26,android,
9244,UK,2025-02-24,android,
9245,UK,2025-02-08,android,
9246,Germany,2025-03-25,android,
9247,India,2025-02-02,ios,
9248,Germany,2025-01-14,web,
9249,UK,2025-02-25,android,
9250,Germany,2025-03-22,android,
9251,UK,2025-01-21,ios,
9252,Canada,2025-02-15,android,
9253,India,2025-01-16,ios,
9254,Brazil,2025-01-16,web,
9255,Australia,2025-03-25,android,A
9256,USA,2025-01-29,web,A
9257,India,2025-01-08,android,
9258,Brazil,2025-03-29,web,
9259,Canada,2025-01-03,web,
9260,Germany,2025-03-30,android,
9261,Australia,2025-01-19,web,
9262,UK,2025-03-07,ios,B
9263,Australia,2025-03-20,ios,
9264,Canada,2025-03-27,web,
9265,Canada,2025-03-15,web,
9266,India,2025-03-23,ios,
9267,Germany,2025-01-22,android,
9268,Canada,2025-02-15,ios,
9269,Australia,2025-01-13,web,
9270,Brazil,2025-02-02,ios,
9271,Canada,2025-01-05,android,A
9272,USA,2025-03-31,ios,
9273,India,2025-03-18,android,
9274,Australia,2025-01-27,web,
9275,Australia,2025-03-19,ios,
9276,USA,2025-01-24,ios,
9277,Germany,2025-03-08,android,A
9278,Brazil,2025-03-04,ios,B
9279,Canada,2025-02-17,ios,
9280,India,2025-03-04,android,
9281,Canada,2025-03-19,ios,
9282,Australia,2025-01-12,android,
9283,Brazil,2025-01-28,web,
9284,UK,2025-02-13,ios,
9285,Australia,2025-02-12,android,
9286,Brazil,2025-01-17,android,A
9287,Brazil,2025-02-09,ios,
9288,Canada,2025-02-18,android,
9289,Brazil,2025-03-26,web,
9290,Canada,2025-02-26,web,
9291,India,2025-03-28,ios,
9292,Australia,2025-03-25,web,
9293,India,2025-03-05,ios,
9294,India,2025-03-16,ios,B
9295,USA,2025-02-26,android,
9296,Canada,2025-03-15,android,
9297,Germany,2025-03-15,android,B
9298,Australia,2025-03-11,android,
9299,Germany,2025-03-29,ios,
9300,Brazil,2025-03-17,android,
9301,USA,2025-02-12,android,
9302,Germany,2025-01-23,web,A
9303,India,2025-01-27,ios,
9304,UK,2025-02-27,web,A
9305,Canada,2025-02-06,web,
9306,UK,2025-01-06,web,
9307,Germany,2025-03-06,android,
9308,USA,2025-01-06,ios,
9309,Germany,2025-02-19,web,
9310,India,2025-01-22,web,
9311,USA,2025-03-29,ios,
9312,UK,2025-01-25,android,
9313,Canada,2025-03-20,web,
9314,Brazil,2025-03-31,ios,B
9315,India,2025-03-13,android,
9316,Australia,2025-02-20,android,B
9317,Australia,2025-03-29,android,B
9318,USA,2025-02-17,android,
9319,Brazil,2025-03-11,android,
9320,India,2025-03-06,ios,
9321,Canada,2025-03-01,android,
9322,Canada,2025-02-15,web,
9323,UK,2025-02-05,ios,
9324,Australia,2025-02-27,web,A
9325,USA,2025-03-17,web,
9326,Germany,2025-02-07,android,
9327,USA,2025-01-11,android,
9328,USA,2025-01-12,ios,
9329,India,2025-02-11,ios,
9330,Germany,2025-02-08,web,
9331,UK,2025-03-12,android,
9332,Australia,2025-01-11,android,
9333,Brazil,2025-02-05,web,
9334,UK,2025-02-21,android,
9335,Germany,2025-01-31,ios,
9336,Canada,2025-02-02,web,
9337,Brazil,2025-01-13,android,B
9338,USA,2025-01-18,web,
9339,Australia,2025-02-10,android,
9340,Brazil,2025-02-27,android,
9341,Australia,2025-02-25,android,
9342,USA,2025-01-24,ios,
9343,Canada,2025-03-14,web,A
9344,Germany,2025-01-31,ios,
9345,UK,2025-02-24,ios,
9346,India,2025-01-10,web,
9347,Brazil,2025-03-01,web,
9348,India,2025-01-02,android,
9349,Canada,2025-01-15,android,
9350,Australia,2025-01-03,web,
9351,India,2025-02-12,android,
9352,Brazil,2025-01-31,android,
9353,India,2025-03-11,web,
9354,India,2025-03-08,ios,A
9355,India,2025-02-25,web,
9356,UK,2025-03-04,web,A
9357,USA,2025-03-16,ios,
9358,UK,2025-01-15,android,
9359,Canada,2025-01-10,ios,A
9360,Canada,2025-02-07,ios,
9361,UK,2025-02-16,web,
9362,Canada,2025-02-26,android,
9363,USA,2025-02-19,android,
9364,USA,2025-03-12,ios,
9365,Canada,2025-01-15,web,
9366,India,2025-01-18,ios,
9367,Australia,2025-03-23,android,
9368,UK,2025-03-29,android,
9369,Brazil,2025-01-02,web,A
9370,Brazil,2025-03-25,web,
9371,India,2025-02-12,ios,
9372,UK,2025-01-26,web,
9373,India,2025-03-12,ios,B
9374,UK,2025-02-07,web,A
9375,India,2025-02-11,ios,B
9376,Australia,2025-01-05,android,
9377,USA,2025-01-11,android,
9378,Brazil,2025-03-06,android,
9379,Canada,2025-02-03,android,
9380,India,2025-01-01,android,
9381,UK,2025-03-24,android,
9382,Canada,2025-01-02,web,A
9383,Canada,2025-03-26,web,
9384,Canada,2025-01-20,web,
9385,Brazil,2025-03-02,ios,
9386,India,2025-03-28,web,
9387,Germany,2025-01-21,web,B
9388,Brazil,2025-03-29,ios,
9389,Canada,2025-03-09,ios,
9390,Germany,2025-01-12,android,
9391,UK,2025-01-22,web,
9392,USA,2025-01-20,web,B
9393,USA,2025-03-23,ios,
9394,Australia,2025-01-01,android,
9395,UK,2025-01-30,web,
9396,Germany,2025-01-24,ios,
9397,Canada,2025-01-14,ios,B
9398,USA,2025-02-05,web,
9399,Australia,2025-03-10,ios,
9400,Canada,2025-03-16,ios,B
9401,USA,2025-01-24,web,
9402,Germany,2025-03-01,android,
9403,Australia,2025-02-24,web,
9404,India,2025-03-18,android,B
9405,USA,2025-03-21,ios,A
9406,USA,2025-01-24,web,
9407,India,2025-03-18,web,
9408,Germany,2025-01-24,android,
9409,Australia,2025-02-23,ios,
9410,Germany,2025-01-26,web,
9411,India,2025-03-07,web,
9412,USA,2025-03-21,ios,
9413,India,2025-02-07,android,
9414,UK,2025-03-06,web,B
9415,Canada,2025-03-16,ios,
9416,India,2025-02-20,web,
9417,Canada,2025-02-04,web,
9418,Australia,2025-02-12,web,
9419,Brazil,2025-01-29,android,
9420,Australia,2025-02-06,ios,
9421,Germany,2025-03-22,web,
9422,USA,2025-02-27,web,
9423,USA,2025-02-23,web,B
9424,UK,2025-02-08,android,
9425,USA,2025-02-11,web,
9426,UK,2025-01-28,ios,
9427,UK,2025-01-29,android,
9428,Germany,2025-02-12,ios,B
9429,UK,2025-01-03,web,
9430,Germany,2025-01-10,web,
9431,Canada,2025-02-28,android,
9432,Australia,2025-01-14,web,B
9433,Canada,2025-03-17,ios,
9434,UK,2025-02-16,ios,
9435,Canada,2025-02-11,ios,A
9436,India,2025-02-01,web,
9437,Australia,2025-02-01,web,
9438,Germany,2025-02-11,android,
9439,Brazil,2025-02-01,android,
9440,India,2025-01-26,ios,
9441,UK,2025-01-01,ios,
9442,Brazil,2025-02-25,android,
9443,Germany,2025-01-02,android,
9444,Brazil,2025-03-22,ios,
9445,Australia,2025-01-30,android,
9446,Brazil,2025-03-12,web,B
9447,UK,2025-02-21,web,B
9448,Australia,2025-01-09,android,A
9449,India,2025-01-22,android,
9450,Australia,2025-02-03,web,
9451,Brazil,2025-02-18,web,
9452,Australia,2025-01-01,ios,
9453,Australia,2025-03-14,android,
9454,Australia,2025-03-25,web,
9455,India,2025-02-22,android,
9456,Canada,2025-03-24,web,
9457,Brazil,2025-02-09,web,
9458,Germany,2025-02-14,android,
9459,UK,2025-03-09,ios,
9460,Brazil,2025-01-09,web,
9461,UK,2025-01-22,android,
9462,Canada,2025-01-18,web,
9463,Canada,2025-03-17,android,
9464,India,2025-02-12,android,A
9465,Brazil,2025-02-08,web,A
9466,Germany,2025-03-14,ios,
9467,USA,2025-01-06,web,
9468,India,2025-03-24,web,A
9469,Australia,2025-02-17,ios,
9470,UK,2025-01-07,ios,
9471,India,2025-03-21,android,
9472,Germany,2025-03-10,android,
9473,Canada,2025-01-16,ios,A
9474,UK,2025-01-01,ios,A
9475,UK,2025-02-06,web,A
9476,Australia,2025-03-24,ios,
9477,UK,2025-02-06,web,
9478,USA,2025-03-22,web,B
9479,Australia,2025-03-05,web,
9480,Canada,2025-03-31,ios,B
9481,Canada,2025-03-27,ios,
9482,USA,2025-03-03,web,
9483,UK,2025-03-13,ios,
9484,Australia,2025-03-02,android,
9485,USA,2025-02-02,android,
9486,UK,2025-03-07,web,A
9487,Germany,2025-01-30,ios,
9488,UK,2025-01-20,android,
9489,Australia,2025-03-01,web,
9490,USA,2025-03-23,android,
9491,Germany,2025-03-15,web,B
9492,Germany,2025-01-24,web,
9493,USA,2025-01-04,web,
9494,Australia,2025-02-06,android,
9495,UK,2025-01-04,web,
9496,USA,2025-03-18,web,
9497,India,2025-03-30,android,
9498,USA,2025-03-18,web,B
9499,Germany,2025-01-18,android,
9500,UK,2025-03-29,web,
9501,Brazil,2025-03-07,ios,
9502,UK,2025-02-17,ios,
9503,Germany,2025-02-02,android,A
9504,Canada,2025-02-27,web,
9505,UK,2025-03-24,android,
9506,Germany,2025-03-14,web,
9507,Brazil,2025-01-28,android,
9508,Australia,2025-02-04,ios,
9509,Canada,2025-01-10,android,
9510,Canada,2025-03-06,ios,
9511,USA,2025-02-11,ios,
9512,Canada,2025-03-26,ios,
9513,India,2025-01-09,android,
9514,Australia,2025-03-01,android,
9515,UK,2025-01-15,ios,
9516,Brazil,2025-02-26,android,
9517,UK,2025-03-10,web,
9518,India,2025-01-22,ios,
9519,India,2025-03-05,web,
9520,India,2025-02-10,ios,B
9521,Brazil,2025-03-28,web,A
9522,Canada,2025-03-12,ios,
9523,India,2025-02-25,ios,B
9524,India,2025-01-23,ios,
9525,Canada,2025-01-25,android,
9526,India,2025-01-06,web,
9527,India,2025-02-03,ios,
9528,Canada,2025-03-04,android,A
9529,Brazil,2025-01-09,ios,
9530,UK,2025-03-01,web,B
9531,Brazil,2025-02-18,ios,B
9532,Canada,2025-02-20,android,
9533,Brazil,2025-03-01,ios,
9534,India,2025-03-11,ios,
9535,USA,2025-02-06,ios,
9536,Canada,2025-01-31,ios,
9537,UK,2025-02-10,android,A
9538,Australia,2025-03-03,ios,B
9539,UK,2025-02-27,web,
9540,Australia,2025-01-14,web,
9541,USA,2025-02-05,ios,
9542,Australia,2025-02-05,android,
9543,UK,2025-03-20,web,
9544,Canada,2025-01-08,ios,
9545,India,2025-01-26,ios,
9546,India,2025-02-05,android,
9547,India,2025-02-17,ios,
9548,India,2025-03-26,android,
9549,Germany,2025-01-28,web,
9550,India,2025-03-09,ios,
9551,Germany,2025-03-03,android,
9552,Canada,2025-03-21,ios,
9553,UK,2025-03-27,ios,
9554,UK,2025-03-17,web,B
9555,Germany,2025-03-21,ios,
9556,UK,2025-02-20,android,B
9557,Brazil,2025-02-11,android,
9558,USA,2025-01-29,android,
9559,Brazil,2025-03-23,ios,
9560,Germany,2025-01-10,ios,B
9561,USA,2025-02-08,web,B
9562,Canada,2025-03-23,ios,
9563,Germany,2025-01-01,android,
9564,India,2025-02-08,android,
9565,USA,2025-01-21,web,
9566,Germany,2025-03-06,android,
9567,India,2025-01-15,android,
9568,UK,2025-01-04,android,
9569,Germany,2025-03-01,web,
9570,Canada,2025-03-02,web,
9571,USA,2025-01-20,android,B
9572,UK,2025-01-10,android,B
9573,Germany,2025-03-28,ios,
9574,Germany,2025-02-03,ios,
9575,UK,2025-02-17,android,
9576,Canada,2025-02-02,ios,
9577,Australia,2025-03-02,android,A
9578,Australia,2025-01-10,android,
9579,Canada,2025-02-23,ios,
9580,India,2025-03-25,web,
9581,USA,2025-03-06,web,
9582,Canada,2025-03-18,web,B
9583,India,2025-01-01,android,B
9584,Australia,2025-01-05,android,
9585,USA,2025-03-21,web,
9586,Australia,2025-01-15,web,
9587,UK,2025-01-28,web,
9588,India,2025-01-23,android,
9589,Canada,2025-01-17,android,B
9590,Brazil,2025-01-13,ios,
9591,Brazil,2025-01-14,ios,B
9592,Germany,2025-01-11,ios,
9593,India,2025-01-28,web,
9594,Canada,2025-02-11,android,A
9595,Germany,2025-03-02,ios,
9596,Canada,2025-03-05,ios,
9597,India,2025-01-31,ios,
9598,USA,2025-03-22,ios,B
9599,USA,2025-03-14,web,B
9600,UK,2025-01-10,android,
9601,Australia,2025-01-08,android,
9602,Brazil,2025-01-21,android,
9603,Brazil,2025-03-18,ios,
9604,UK,2025-02-28,web,
9605,UK,2025-02-19,web,A
9606,UK,2025-03-10,web,
9607,Canada,2025-03-11,android,
9608,UK,2025-01-30,android,
9609,India,2025-01-17,web,
9610,UK,2025-03-16,ios,
9611,Germany,2025-01-20,android,
9612,Australia,2025-02-17,android,
9613,UK,2025-03-14,ios,
9614,India,2025-01-02,ios,
9615,Brazil,2025-02-06,android,B
9616,Brazil,2025-01-01,ios,
9617,Brazil,2025-01-04,ios,
9618,Australia,2025-02-23,ios,
9619,India,2025-01-25,ios,
9620,Australia,2025-01-03,ios,
9621,UK,2025-01-09,web,B
9622,USA,2025-03-27,android,
9623,Brazil,2025-03-28,web,
9624,Brazil,2025-03-17,web,
9625,USA,2025-03-15,web,
9626,UK,2025-02-03,android,
9627,Brazil,2025-02-12,android,
9628,UK,2025-03-15,android,
9629,Germany,2025-01-22,web,B
9630,USA,2025-03-11,android,
9631,India,2025-01-02,web,
9632,Australia,2025-03-07,ios,
9633,UK,2025-02-01,android,
9634,USA,2025-01-16,ios,
9635,Australia,2025-03-17,web,
9636,USA,2025-01-01,android,
9637,USA,2025-03-13,android,
9638,Canada,2025-02-17,ios,B
9639,India,2025-02-19,web,
9640,Canada,2025-01-13,web,
9641,Brazil,2025-01-15,android,
9642,Australia,2025-02-22,android,
9643,Germany,2025-02-13,android,B
9644,Brazil,2025-01-08,android,
9645,UK,2025-03-15,android,
9646,USA,2025-02-15,web,
9647,Brazil,2025-03-10,android,
9648,India,2025-01-19,ios,
9649,India,2025-02-07,android,
9650,Canada,2025-01-11,android,
9651,Canada,2025-02-12,web,
9652,Germany,2025-01-20,web,
9653,Brazil,2025-01-20,web,
9654,Canada,2025-01-21,ios,
9655,Canada,2025-03-23,web,B
9656,India,2025-02-26,android,A
9657,Canada,2025-02-19,web,B
9658,Australia,2025-03-15,ios,
9659,India,2025-01-26,android,
9660,Canada,2025-01-30,android,
9661,Germany,2025-03-14,ios,
9662,UK,2025-01-31,web,B
9663,Brazil,2025-02-11,web,B
9664,UK,2025-03-09,web,
9665,USA,2025-03-02,web,
9666,Australia,2025-03-02,ios,
9667,UK,2025-03-11,ios,
9668,India,2025-03-19,web,B
9669,India,2025-03-09,ios,
9670,Australia,2025-03-31,android,
9671,UK,2025-01-17,web,
9672,UK,2025-01-19,android,
9673,USA,2025-02-20,android,
9674,Canada,2025-03-11,android,
9675,USA,2025-03-04,web,
9676,Brazil,2025-03-16,web,
9677,India,2025-03-21,web,
9678,Brazil,2025-01-30,ios,
9679,Brazil,2025-01-25,web,
9680,UK,2025-03-16,android,
9681,India,2025-03-12,web,
9682,Brazil,2025-01-26,ios,
9683,UK,2025-02-25,web,
9684,Germany,2025-01-22,ios,B
9685,Australia,2025-03-30,android,
9686,USA,2025-01-19,android,B
9687,UK,2025-01-31,android,
9688,UK,2025-01-26,android,
9689,Brazil,2025-02-11,android,A
9690,UK,2025-02-10,android,
9691,Canada,2025-01-23,ios,B
9692,UK,2025-02-16,android,
9693,Canada,2025-01-13,web,
9694,Brazil,2025-03-30,ios,
9695,UK,2025-03-07,ios,
9696,Canada,2025-03-07,web,
9697,USA,2025-01-16,web,
9698,India,2025-03-14,web,
9699,Australia,2025-01-28,web,
9700,Brazil,2025-03-18,web,
9701,Germany,2025-02-04,android,
9702,Germany,2025-02-10,ios,
9703,Canada,2025-03-18,web,
9704,India,2025-01-31,web,
9705,USA,2025-03-26,ios,
9706,UK,2025-02-01,ios,
9707,Canada,2025-02-23,android,
9708,Germany,2025-03-13,ios,
9709,UK,2025-02-28,web,
9710,USA,2025-02-10,ios,
9711,Brazil,2025-03-07,web,
9712,India,2025-02-23,ios,
9713,Canada,2025-02-09,ios,
9714,USA,2025-01-28,android,B
9715,Germany,2025-02-06,web,
9716,Germany,2025-03-06,android,
9717,India,2025-03-15,android,
9718,Brazil,2025-02-24,web,
9719,USA,2025-01-04,ios,
9720,Germany,2025-01-10,android,
9721,Canada,2025-02-16,ios,
9722,Germany,2025-03-16,ios,
9723,Brazil,2025-01-14,android,
9724,Australia,2025-02-07,android,
9725,Germany,2025-01-12,android,B
9726,Australia,2025-02-14,ios,
9727,Germany,2025-01-17,web,
9728,UK,2025-03-21,web,
9729,Australia,2025-02-04,android,
9730,India,2025-03-07,ios,
9731,Canada,2025-03-16,android,
9732,UK,2025-02-10,ios,B
9733,Germany,2025-03-08,web,A
9734,Brazil,2025-01-29,web,
9735,Australia,2025-01-18,android,
9736,Canada,2025-01-20,android,
9737,India,2025-01-14,web,
9738,USA,2025-02-03,ios,
9739,USA,2025-02-18,web,B
9740,Brazil,2025-02-23,ios,
9741,USA,2025-01-31,android,
9742,Canada,2025-02-27,web,
9743,UK,2025-02-11,android,
9744,Germany,2025-02-27,web,
9745,USA,2025-03-23,android,A
9746,Canada,2025-01-30,web,
9747,Canada,2025-01-25,web,
9748,Australia,2025-03-04,android,
9749,Canada,2025-01-19,web,
9750,Canada,2025-03-13,web,
9751,Australia,2025-01-08,web,
9752,UK,2025-01-03,web,
9753,India,2025-03-08,android,
9754,Brazil,2025-03-27,android,
9755,Canada,2025-03-22,web,A
9756,Australia,2025-01-17,web,
9757,India,2025-01-14,android,
9758,India,2025-01-09,web,
9759,UK,2025-03-03,ios,B
9760,Canada,2025-01-21,android,
9761,Canada,2025-03-17,web,
9762,Australia,2025-02-06,ios,
9763,USA,2025-01-11,web,
9764,UK,2025-01-20,web,B
9765,USA,2025-02-04,web,
9766,Germany,2025-02-22,ios,
9767,Brazil,2025-02-16,ios,
9768,Germany,2025-03-16,android,
9769,Australia,2025-02-21,web,
9770,Canada,2025-01-08,web,
9771,USA,2025-01-04,ios,
9772,Australia,2025-01-27,web,B
9773,USA,2025-02-13,web,B
9774,India,2025-02-09,web,
9775,USA,2025-02-16,ios,
9776,India,2025-02-13,web,
9777,Canada,2025-02-17,web,B
9778,India,2025-03-26,android,
9779,Brazil,2025-02-21,web,A
9780,USA,2025-03-25,ios,A
9781,Canada,2025-03-09,ios,
9782,Germany,2025-01-11,web,
9783,UK,2025-03-18,android,
9784,India,2025-03-14,web,
9785,Australia,2025-01-04,web,B
9786,Canada,2025-03-17,web,
9787,UK,2025-03-14,ios,
9788,India,2025-03-18,web,
9789,Germany,2025-02-17,ios,
9790,India,2025-01-26,android,
9791,Australia,2025-03-18,web,B
9792,Brazil,2025-02-08,ios,
9793,Australia,2025-02-27,ios,
9794,India,2025-01-19,ios,
9795,Australia,2025-03-29,web,
9796,USA,2025-03-24,android,
9797,Brazil,2025-03-18,ios,A
9798,India,2025-03-18,web,
9799,India,2025-02-27,ios,
9800,UK,2025-01-28,ios,
9801,India,2025-03-07,web,
9802,Canada,2025-01-10,ios,
9803,Canada,2025-03-27,ios,
9804,Brazil,2025-03-18,web,
9805,Canada,2025-02-27,android,
9806,India,2025-03-14,android,
9807,UK,2025-01-14,android,
9808,Germany,2025-03-25,android,
9809,UK,2025-01-15,web,
9810,UK,2025-02-02,web,
9811,India,2025-01-17,android,
9812,Germany,2025-01-24,web,
9813,Australia,2025-01-30,android,
9814,Canada,2025-03-03,ios,
9815,Brazil,2025-01-13,ios,
9816,Canada,2025-03-03,ios,
9817,Australia,2025-02-16,android,
9818,Brazil,2025-01-16,ios,A
9819,Canada,2025-03-07,android,
9820,USA,2025-03-22,web,B
9821,UK,2025-02-12,ios,
9822,UK,2025-01-08,ios,
9823,USA,2025-01-03,ios,
9824,Australia,2025-01-12,web,
9825,India,2025-03-25,android,B
9826,Brazil,2025-01-16,ios,
9827,Canada,2025-03-19,ios,
9828,Brazil,2025-03-21,android,
9829,USA,2025-02-28,ios,
9830,USA,2025-02-18,ios,
9831,Canada,2025-03-04,ios,
9832,USA,2025-03-03,android,B
9833,Germany,2025-02-18,ios,A
9834,UK,2025-02-20,web,
9835,Brazil,2025-02-02,android,
9836,India,2025-01-30,ios,
9837,Australia,2025-02-28,web,B
9838,Germany,2025-03-17,web,
9839,UK,2025-01-15,web,
9840,Australia,2025-03-23,web,
9841,Germany,2025-01-23,web,
9842,UK,2025-03-19,ios,
9843,USA,2025-02-14,web,
9844,Australia,2025-03-03,android,
9845,India,2025-03-20,ios,
9846,USA,2025-03-12,ios,
9847,Brazil,2025-01-15,web,
9848,Brazil,2025-02-15,web,A
9849,Brazil,2025-03-05,ios,
9850,Australia,2025-02-15,android,
9851,Brazil,2025-02-25,ios,
9852,Germany,2025-02-13,ios,
9853,India,2025-03-16,web,A
9854,India,2025-01-29,android,
9855,Australia,2025-03-03,web,
9856,Brazil,2025-03-30,web,
9857,UK,2025-02-21,web,
9858,USA,2025-02-23,web,
9859,Brazil,2025-03-29,android,
9860,UK,2025-02-26,web,
9861,Canada,2025-03-24,web,
9862,India,2025-03-07,android,
9863,USA,2025-01-22,ios,A
9864,India,2025-01-20,web,
9865,India,2025-02-02,ios,A
9866,Germany,2025-03-13,web,
9867,USA,2025-01-25,web,
9868,Germany,2025-02-15,android,B
9869,Canada,2025-03-14,android,
9870,Australia,2025-02-26,ios,B
9871,Brazil,2025-03-28,web,
9872,USA,2025-01-05,android,
9873,UK,2025-02-24,web,
9874,India,2025-03-02,web,
9875,India,2025-03-30,ios,
9876,Germany,2025-01-08,web,A
9877,Canada,2025-01-16,android,
9878,Germany,2025-02-17,ios,
9879,Canada,2025-03-02,android,
9880,Germany,2025-01-15,ios,
9881,USA,2025-03-06,ios,
9882,India,2025-01-22,web,
9883,Canada,2025-01-03,ios,
9884,Canada,2025-02-23,ios,
9885,UK,2025-01-14,web,
9886,Canada,2025-02-05,ios,
9887,Australia,2025-03-23,ios,
9888,Canada,2025-03-23,android,
9889,USA,2025-03-08,android,
9890,Australia,2025-01-10,web,
9891,India,2025-02-18,ios,
9892,Brazil,2025-03-06,web,
9893,Brazil,2025-02-26,web,
9894,Australia,2025-01-27,web,
9895,Germany,2025-03-16,android,
9896,Canada,2025-01-05,web,
9897,Australia,2025-03-12,ios,
9898,Germany,2025-03-24,android,
9899,Germany,2025-02-26,android,B
9900,India,2025-01-15,android,
9901,Germany,2025-03-17,ios,
9902,UK,2025-01-30,web,
9903,UK,2025-01-20,web,
9904,Brazil,2025-02-06,android,
9905,USA,2025-01-03,android,
9906,Canada,2025-03-14,web,
9907,India,2025-02-10,ios,
9908,USA,2025-02-08,android,
9909,Germany,2025-01-26,android,
9910,India,2025-01-02,ios,
9911,Germany,2025-01-23,android,
9912,USA,2025-01-23,ios,
9913,Brazil,2025-03-26,web,
9914,UK,2025-01-16,web,
9915,UK,2025-01-09,android,
9916,UK,2025-01-13,web,
9917,India,2025-01-28,ios,
9918,Germany,2025-01-27,android,
9919,UK,2025-02-20,ios,
9920,Germany,2025-03-05,web,A
9921,UK,2025-02-21,web,
9922,USA,2025-03-22,web,
9923,Australia,2025-02-07,android,A
9924,Brazil,2025-03-06,ios,B
9925,Germany,2025-01-18,android,
9926,India,2025-03-04,web,
9927,UK,2025-02-20,web,
9928,USA,2025-01-09,android,
9929,UK,2025-01-13,ios,
9930,Brazil,2025-02-09,web,
9931,Australia,2025-02-24,ios,
9932,Canada,2025-03-20,web,
9933,UK,2025-02-12,android,
9934,Brazil,2025-02-13,web,
9935,Germany,2025-03-09,android,
9936,Brazil,2025-02-02,android,
9937,USA,2025-01-24,android,
9938,Canada,2025-02-05,web,
9939,USA,2025-01-10,ios,
9940,Germany,2025-01-20,ios,
9941,India,2025-03-16,web,B
9942,Australia,2025-01-12,android,B
9943,USA,2025-03-03,ios,
9944,Germany,2025-01-18,ios,
9945,Canada,2025-03-04,web,
9946,Australia,2025-03-25,android,
9947,Australia,2025-01-25,ios,
9948,Germany,2025-01-12,web,
9949,USA,2025-01-21,web,
9950,Germany,2025-01-25,android,B
9951,Germany,2025-01-11,web,
9952,UK,2025-03-05,android,B
9953,Germany,2025-03-14,ios,B
9954,USA,2025-02-19,web,
9955,USA,2025-03-03,ios,B
9956,USA,2025-03-30,android,B
9957,UK,2025-02-18,android,
9958,USA,2025-01-14,android,
9959,Australia,2025-01-01,web,
9960,Germany,2025-03-22,web,
9961,Brazil,2025-01-25,web,A
9962,Australia,2025-02-28,ios,A
9963,UK,2025-03-13,ios,
9964,Brazil,2025-03-10,web,
9965,India,2025-01-05,ios,A
9966,Canada,2025-01-19,android,A
9967,Brazil,2025-01-23,web,
9968,Germany,2025-01-09,android,B
9969,UK,2025-02-19,android,
9970,USA,2025-01-16,android,
9971,USA,2025-02-02,ios,
9972,Brazil,2025-01-02,android,
9973,Brazil,2025-01-14,ios,
9974,Brazil,2025-01-01,android,A
9975,Germany,2025-03-31,web,
9976,USA,2025-02-27,android,
9977,Canada,2025-03-30,android,
9978,India,2025-01-16,web,
9979,Germany,2025-03-20,ios,B
9980,Canada,2025-03-31,web,
9981,USA,2025-02-16,android,
9982,USA,2025-02-13,android,
9983,USA,2025-03-21,ios,
9984,USA,2025-01-14,android,
9985,UK,2025-01-24,android,
9986,USA,2025-02-24,ios,
9987,Brazil,2025-01-15,ios,
9988,USA,2025-03-24,ios,
9989,Canada,2025-03-13,ios,A
9990,India,2025-02-03,android,
9991,UK,2025-01-02,ios,B
9992,India,2025-01-27,ios,
9993,India,2025-03-15,android,
9994,India,2025-03-28,ios,
9995,Germany,2025-03-13,android,
9996,USA,2025-01-23,ios,
9997,Canada,2025-03-09,ios,
9998,USA,2025-01-14,web,
9999,India,2025-03-04,android,
10000,USA,2025-03-06,ios,
10001,Germany,2025-03-09,web,B
10002,Australia,2025-03-04,web,
10003,USA,2025-03-31,android,
10004,USA,2025-03-22,web,A
10005,India,2025-03-28,android,
10006,UK,2025-03-05,web,
10007,Australia,2025-02-01,android,B
10008,UK,2025-03-20,ios,
10009,USA,2025-01-13,android,
10010,Australia,2025-03-07,web,
10011,India,2025-01-19,android,B
10012,UK,2025-01-24,ios,
10013,Canada,2025-03-29,ios,
10014,Australia,2025-01-11,web,B
10015,UK,2025-02-28,web,A
10016,Brazil,2025-03-27,web,
10017,UK,2025-01-15,ios,
10018,Canada,2025-01-10,ios,
10019,Germany,2025-02-10,web,
10020,Canada,2025-01-27,ios,
10021,Australia,2025-03-01,ios,A
10022,Brazil,2025-03-14,web,A
10023,India,2025-02-21,ios,
10024,Canada,2025-01-28,web,
10025,Brazil,2025-03-06,ios,
10026,UK,2025-01-17,android,
10027,Brazil,2025-02-13,android,
10028,India,2025-01-10,ios,
10029,USA,2025-03-04,ios,
10030,Australia,2025-03-23,android,B
10031,Germany,2025-02-16,web,
10032,USA,2025-02-07,web,B
10033,India,2025-03-11,android,
10034,USA,2025-03-17,web,A
10035,Germany,2025-02-22,web,
10036,India,2025-03-19,android,
10037,USA,2025-02-13,android,
10038,Germany,2025-03-15,ios,
10039,Brazil,2025-02-23,android,B
10040,USA,2025-01-20,android,
10041,Brazil,2025-03-20,web,
10042,UK,2025-01-31,web,
10043,Canada,2025-01-07,ios,
10044,Brazil,2025-02-27,web,
10045,Brazil,2025-01-10,web,
10046,UK,2025-01-10,web,
10047,India,2025-02-08,android,A
10048,Canada,2025-01-28,web,
10049,UK,2025-01-30,android,
10050,Canada,2025-02-06,web,
10051,Canada,2025-03-08,android,
10052,Brazil,2025-02-12,web,
10053,India,2025-03-20,ios,
10054,USA,2025-03-26,ios,A
10055,Germany,2025-02-21,ios,
10056,India,2025-02-25,web,A
10057,Canada,2025-03-17,ios,
10058,Brazil,2025-03-09,android,
10059,USA,2025-01-09,ios,
10060,India,2025-01-23,ios,
10061,Australia,2025-03-04,ios,
10062,Germany,2025-03-02,ios,
10063,Canada,2025-02-09,android,
10064,Brazil,2025-02-13,ios,
10065,UK,2025-03-27,web,
10066,Canada,2025-01-24,ios,
10067,Germany,2025-02-20,web,
10068,Germany,2025-02-27,web,
10069,Germany,2025-03-31,ios,
10070,Australia,2025-02-02,ios,
10071,Australia,2025-01-16,web,
10072,Australia,2025-01-22,android,A
10073,Australia,2025-02-26,android,
10074,Germany,2025-03-03,ios,
10075,USA,2025-03-23,android,
10076,Canada,2025-03-12,android,B
10077,Canada,2025-03-31,ios,
10078,India,2025-03-13,web,
10079,Australia,2025-03-11,web,
10080,Germany,2025-01-30,android,
10081,Germany,2025-01-23,web,
10082,Brazil,2025-02-01,ios,
10083,UK,2025-03-27,android,B
10084,Brazil,2025-02-26,web,
10085,India,2025-01-09,android,
10086,USA,2025-01-31,web,
10087,UK,2025-03-12,android,
10088,Canada,2025-01-09,web,
10089,Brazil,2025-01-13,web,A
10090,Brazil,2025-02-27,ios,
10091,Canada,2025-01-03,ios,A
10092,USA,2025-02-04,ios,B
10093,Canada,2025-01-21,android,
10094,USA,2025-03-05,android,
10095,Canada,2025-02-21,android,
10096,UK,2025-02-03,web,
10097,Germany,2025-02-04,web,
10098,Australia,2025-01-15,web,
10099,USA,2025-01-06,android,
10100,Australia,2025-03-26,ios,
10101,Australia,2025-02-01,android,
10102,Brazil,2025-02-21,android,
10103,Australia,2025-03-24,ios,A
10104,Australia,2025-01-28,ios,
10105,Brazil,2025-03-26,android,
10106,Germany,2025-03-05,web,
10107,Germany,2025-03-20,web,
10108,USA,2025-03-19,ios,
10109,Germany,2025-01-19,android,
10110,Australia,2025-01-15,web,
10111,Brazil,2025-01-06,web,
10112,USA,2025-03-14,ios,
10113,Australia,2025-03-25,android,
10114,UK,2025-02-07,ios,A
10115,Australia,2025-01-26,android,A
10116,India,2025-03-23,android,
10117,USA,2025-02-20,android,
10118,Canada,2025-03-14,android,
10119,UK,2025-02-22,android,
10120,Brazil,2025-02-25,android,A
10121,USA,2025-02-28,web,
10122,USA,2025-03-11,web,
10123,USA,2025-03-19,web,
10124,Germany,2025-02-27,web,
10125,Germany,2025-03-29,android,
10126,Brazil,2025-01-13,web,
10127,UK,2025-02-12,android,
10128,USA,2025-03-17,ios,
10129,India,2025-02-20,ios,A
10130,Australia,2025-01-19,web,
10131,Australia,2025-01-21,android,
10132,India,2025-03-24,web,
10133,Australia,2025-01-24,android,
10134,Australia,2025-01-26,web,
10135,India,2025-02-14,ios,
10136,Australia,2025-01-28,ios,B
10137,Germany,2025-03-23,web,
10138,Brazil,2025-01-29,web,
10139,USA,2025-01-17,android,A
10140,Brazil,2025-03-09,ios,
10141,Germany,2025-02-13,web,
10142,USA,2025-03-02,android,
10143,USA,2025-03-09,ios,
10144,Canada,2025-03-15,android,
10145,Brazil,2025-01-25,ios,B
10146,India,2025-03-08,ios,
10147,India,2025-01-02,android,B
10148,Canada,2025-03-30,android,
10149,UK,2025-02-18,ios,
10150,UK,2025-03-11,ios,
10151,Brazil,2025-01-26,android,
10152,Australia,2025-03-13,web,
10153,Canada,2025-01-27,android,
10154,USA,2025-03-30,web,
10155,Germany,2025-01-18,android,
10156,Germany,2025-02-23,web,
10157,UK,2025-01-01,web,
10158,UK,2025-03-02,ios,B
10159,Germany,2025-01-03,android,
10160,Canada,2025-03-09,android,
10161,India,2025-02-10,android,
10162,Brazil,2025-02-06,web,
10163,UK,2025-02-20,web,
10164,UK,2025-01-15,ios,A
10165,Germany,2025-01-08,web,
10166,India,2025-02-07,android,
10167,Germany,2025-03-24,web,
10168,Australia,2025-02-25,web,
10169,Australia,2025-02-16,ios,
10170,UK,2025-03-31,web,
10171,Canada,2025-01-10,android,
10172,Germany,2025-03-19,android,
10173,Brazil,2025-02-18,android,
10174,Australia,2025-02-10,android,
10175,UK,2025-03-24,ios,B
10176,UK,2025-01-30,ios,
10177,UK,2025-01-05,android,
10178,UK,2025-03-12,android,
10179,UK,2025-03-24,web,
10180,USA,2025-01-31,web,
10181,USA,2025-02-21,web,
10182,Germany,2025-03-29,web,B
10183,Canada,2025-01-23,web,
10184,USA,2025-02-17,android,
10185,UK,2025-02-09,web,B
10186,UK,2025-01-06,web,A
10187,UK,2025-02-07,web,
10188,USA,2025-02-10,ios,
10189,USA,2025-01-27,ios,B
10190,Canada,2025-03-16,ios,A
10191,India,2025-03-10,android,
10192,UK,2025-02-26,ios,
10193,Canada,2025-01-17,web,
10194,Canada,2025-03-12,web,A
10195,Australia,2025-02-16,web,
10196,India,2025-03-20,android,
10197,Canada,2025-01-13,ios,
10198,India,2025-01-11,ios,
10199,Canada,2025-03-31,web,
10200,Canada,2025-03-27,web,
10201,Australia,2025-01-24,ios,
10202,India,2025-03-14,ios,A
10203,Canada,2025-01-04,web,B
10204,UK,2025-02-15,ios,
10205,USA,2025-01-18,ios,
10206,UK,2025-02-12,android,
10207,USA,2025-03-21,web,
10208,Australia,2025-02-02,ios,
10209,Canada,2025-01-10,android,
10210,UK,2025-03-14,android,
10211,Australia,2025-02-28,android,
10212,Brazil,2025-01-31,android,B
10213,Australia,2025-01-28,android,
10214,Brazil,2025-03-01,android,
10215,UK,2025-01-03,android,B
10216,UK,2025-02-24,web,
10217,Australia,2025-01-14,web,
10218,UK,2025-02-27,web,
10219,Brazil,2025-03-30,android,
10220,Australia,2025-01-15,ios,
10221,Australia,2025-01-02,android,
10222,Australia,2025-01-24,web,
10223,Australia,2025-03-19,web,
10224,UK,2025-03-05,android,
10225,Germany,2025-03-12,web,
10226,Germany,2025-01-24,ios,
10227,Germany,2025-01-27,ios,
10228,UK,2025-02-06,ios,A
10229,Canada,2025-02-08,android,
10230,India,2025-03-04,web,
10231,India,2025-03-20,web,
10232,Australia,2025-01-26,ios,B
10233,USA,2025-03-06,web,B
10234,Canada,2025-01-04,android,A
10235,Germany,2025-01-29,ios,
10236,Brazil,2025-01-01,android,
10237,Germany,2025-02-19,android,
10238,Germany,2025-03-27,web,
10239,USA,2025-01-11,android,A
10240,Canada,2025-03-15,ios,
10241,Germany,2025-02-28,android,
10242,India,2025-03-03,web,
10243,Brazil,2025-03-22,android,B
10244,India,2025-02-05,android,
10245,Germany,2025-02-25,web,
10246,UK,2025-03-31,web,
10247,Brazil,2025-01-21,web,A
10248,Brazil,2025-01-13,web,
10249,USA,2025-01-09,web,
10250,USA,2025-01-11,web,
10251,Brazil,2025-03-16,web,
10252,Brazil,2025-03-11,android,A
10253,Canada,2025-01-01,android,
10254,India,2025-03-11,android,
10255,Germany,2025-03-18,ios,
10256,Australia,2025-03-27,web,
10257,Brazil,2025-02-25,android,A
10258,Canada,2025-01-31,web,
10259,UK,2025-03-27,ios,
10260,Germany,2025-02-06,web,
10261,Brazil,2025-02-16,android,
10262,Canada,2025-03-19,ios,A
10263,USA,2025-02-16,web,
10264,USA,2025-03-10,ios,
10265,USA,2025-02-27,web,
10266,UK,2025-02-05,ios,
10267,India,2025-02-01,android,
10268,Germany,2025-03-05,web,A
10269,India,2025-03-12,web,
10270,India,2025-02-11,web,A
10271,India,2025-02-17,android,
10272,USA,2025-03-15,ios,
10273,Australia,2025-03-22,android,
10274,Germany,2025-01-30,ios,B
10275,USA,2025-01-21,web,A
10276,Australia,2025-03-01,ios,
10277,India,2025-01-13,ios,
10278,Canada,2025-01-01,web,
10279,Canada,2025-03-06,web,
10280,Brazil,2025-02-02,ios,
10281,Australia,2025-02-07,web,
10282,UK,2025-01-25,web,
10283,Australia,2025-01-26,ios,
10284,Canada,2025-03-18,android,
10285,Canada,2025-02-28,android,
10286,Canada,2025-02-02,web,A
10287,UK,2025-02-10,ios,
10288,Canada,2025-01-30,web,B
10289,Australia,2025-02-26,android,A
10290,India,2025-02-18,android,
10291,USA,2025-02-17,ios,B
10292,Germany,2025-03-13,ios,
10293,USA,2025-02-18,android,
10294,Germany,2025-02-16,ios,
10295,Brazil,2025-02-25,android,
10296,Germany,2025-03-06,web,
10297,Germany,2025-01-12,android,B
10298,Brazil,2025-03-10,android,
10299,UK,2025-03-29,ios,B
10300,Germany,2025-01-06,ios,
10301,Brazil,2025-03-30,ios,A
10302,Germany,2025-03-06,web,A
10303,USA,2025-01-25,ios,
10304,Brazil,2025-01-01,web,
10305,India,2025-02-01,ios,
10306,Canada,2025-01-03,ios,
10307,Australia,2025-02-18,android,
10308,Germany,2025-01-19,android,A
10309,Germany,2025-03-01,android,
10310,USA,2025-01-29,web,
10311,USA,2025-02-19,ios,
10312,India,2025-01-02,android,
10313,Brazil,2025-03-14,ios,
10314,Canada,2025-02-25,android,
10315,India,2025-01-17,ios,B
10316,Australia,2025-03-01,android,
10317,India,2025-02-05,android,
10318,UK,2025-03-02,android,
10319,Canada,2025-01-17,android,B
10320,India,2025-02-18,android,
10321,Germany,2025-03-17,ios,
10322,India,2025-03-01,android,
10323,Australia,2025-01-20,ios,
10324,Australia,2025-02-19,android,
10325,Canada,2025-01-03,ios,A
10326,USA,2025-02-12,android,
10327,USA,2025-02-26,android,
10328,Canada,2025-02-19,android,
10329,Germany,2025-03-09,web,
10330,UK,2025-03-22,ios,
10331,India,2025-02-19,ios,
10332,Brazil,2025-02-06,android,
10333,USA,2025-02-15,android,
10334,Germany,2025-02-11,android,
10335,Brazil,2025-01-15,web,B
10336,Canada,2025-02-02,android,A
10337,India,2025-03-21,android,
10338,India,2025-01-11,ios,
10339,India,2025-01-20,web,
10340,Brazil,2025-01-24,ios,
10341,Australia,2025-03-05,web,
10342,India,2025-03-21,web,A
10343,UK,2025-03-06,ios,
10344,Australia,2025-03-29,ios,
10345,Australia,2025-03-29,web,
10346,Brazil,2025-03-14,web,
10347,USA,2025-03-27,android,A
10348,Canada,2025-03-17,android,
10349,UK,2025-01-17,ios,
10350,Australia,2025-03-30,web,
10351,Germany,2025-03-02,ios,
10352,India,2025-01-15,android,
10353,Germany,2025-02-20,android,
10354,USA,2025-01-27,android,B
10355,Germany,2025-03-27,web,
10356,Australia,2025-03-15,ios,
10357,USA,2025-03-02,web,B
10358,Germany,2025-02-27,web,
10359,USA,2025-01-31,android,
10360,Brazil,2025-01-12,android,
10361,Australia,2025-02-15,ios,
10362,Brazil,2025-01-31,web,
10363,Canada,2025-02-01,ios,B
10364,Canada,2025-02-01,ios,B
10365,Germany,2025-02-22,ios,
10366,UK,2025-03-02,ios,
10367,UK,2025-02-15,android,
10368,Brazil,2025-03-26,ios,
10369,India,2025-03-15,android,A
10370,India,2025-03-21,ios,
10371,UK,2025-01-07,android,
10372,Australia,2025-01-04,ios,
10373,Germany,2025-02-21,web,A
10374,UK,2025-03-30,web,
10375,Canada,2025-01-31,android,
10376,Brazil,2025-03-16,android,
10377,Germany,2025-03-25,ios,
10378,Brazil,2025-02-05,web,
10379,UK,2025-02-23,ios,
10380,UK,2025-02-23,android,B
10381,Brazil,2025-01-17,ios,
10382,Germany,2025-03-16,web,
10383,Germany,2025-01-30,web,
10384,USA,2025-01-22,web,B
10385,Brazil,2025-02-12,web,
10386,UK,2025-01-27,web,
10387,Brazil,2025-02-06,android,
10388,Brazil,2025-02-15,ios,
10389,India,2025-02-04,ios,
10390,USA,2025-01-04,ios,
10391,Germany,2025-03-21,android,
10392,Australia,2025-03-21,android,
10393,India,2025-03-26,android,B
10394,USA,2025-01-26,android,
10395,India,2025-01-19,ios,
10396,USA,2025-03-22,web,
10397,Australia,2025-02-14,web,
10398,Australia,2025-01-26,android,
10399,USA,2025-01-22,ios,A
10400,Canada,2025-02-27,ios,
10401,Brazil,2025-03-04,android,
10402,USA,2025-01-28,ios,B
10403,Australia,2025-03-06,web,
10404,UK,2025-02-13,android,
10405,Australia,2025-02-12,ios,
10406,UK,2025-02-06,ios,
10407,UK,2025-03-07,ios,
10408,UK,2025-01-17,android,
10409,Australia,2025-02-09,web,
10410,India,2025-02-07,ios,
10411,Germany,2025-03-26,android,B
10412,Germany,2025-03-02,android,
10413,Australia,2025-01-09,ios,
10414,Canada,2025-03-18,android,
10415,USA,2025-03-16,web,
10416,Germany,2025-03-02,web,
10417,India,2025-03-21,android,
10418,Australia,2025-01-16,ios,
10419,UK,2025-01-02,web,
10420,UK,2025-03-13,ios,
10421,UK,2025-02-12,android,
10422,Germany,2025-02-11,web,
10423,Australia,2025-03-18,ios,
10424,Australia,2025-02-26,android,
10425,Germany,2025-03-22,ios,
10426,Brazil,2025-03-29,web,
10427,Brazil,2025-03-08,android,
10428,Germany,2025-01-30,android,
10429,Canada,2025-01-13,ios,
10430,Canada,2025-01-19,ios,
10431,Canada,2025-01-07,android,
10432,UK,2025-01-09,web,
10433,Germany,2025-03-24,web,A
10434,India,2025-02-23,ios,
10435,Brazil,2025-03-27,ios,
10436,UK,2025-03-23,ios,
10437,Australia,2025-03-02,web,A
10438,Brazil,2025-03-28,web,
10439,Canada,2025-01-02,ios,
10440,USA,2025-02-19,ios,
10441,USA,2025-03-16,android,
10442,USA,2025-01-31,android,
10443,Canada,2025-02-02,android,A
10444,Canada,2025-03-19,android,A
10445,Germany,2025-03-21,ios,
10446,Brazil,2025-01-11,web,
10447,Australia,2025-02-02,web,
10448,India,2025-01-07,android,
10449,Brazil,2025-01-31,web,A
10450,Australia,2025-02-17,android,
10451,Canada,2025-02-16,ios,
10452,Canada,2025-03-19,android,
10453,UK,2025-02-22,web,
10454,Germany,2025-03-21,web,
10455,Brazil,2025-01-19,web,
10456,Germany,2025-03-22,ios,
10457,Germany,2025-03-31,android,A
10458,Australia,2025-01-06,ios,
10459,India,2025-02-18,ios,
10460,UK,2025-03-14,android,A
10461,Australia,2025-02-19,web,
10462,India,2025-03-22,web,
10463,Canada,2025-01-12,web,
10464,India,2025-01-23,web,
10465,Germany,2025-02-23,ios,A
10466,Germany,2025-03-10,android,
10467,India,2025-02-28,android,
10468,Canada,2025-02-05,android,B
10469,USA,2025-01-03,ios,
10470,USA,2025-02-27,web,
10471,India,2025-03-29,web,
10472,Germany,2025-02-24,android,
10473,Germany,2025-02-26,web,B
10474,UK,2025-01-17,ios,
10475,Germany,2025-02-08,web,A
10476,Canada,2025-03-31,web,
10477,Australia,2025-03-09,web,A
10478,Brazil,2025-02-24,android,
10479,Canada,2025-02-14,ios,
10480,Brazil,2025-03-17,android,A
10481,Germany,2025-01-01,ios,A
10482,Australia,2025-01-21,android,
10483,India,2025-03-24,ios,A
10484,Canada,2025-01-21,ios,
10485,Canada,2025-02-21,android,
10486,Brazil,2025-03-23,android,
10487,Germany,2025-02-12,web,
10488,Australia,2025-02-21,ios,
10489,Germany,2025-03-08,ios,
10490,Brazil,2025-02-13,ios,
10491,Germany,2025-02-01,ios,
10492,India,2025-01-10,ios,B
10493,Canada,2025-03-05,web,
10494,USA,2025-03-20,web,
10495,Canada,2025-03-10,web,
10496,Brazil,2025-03-09,ios,A
10497,Brazil,2025-01-28,android,A
10498,Australia,2025-02-22,android,
10499,Germany,2025-02-20,ios,
10500,India,2025-02-22,web,A
10501,Brazil,2025-01-04,android,
10502,Germany,2025-03-20,android,
10503,Australia,2025-01-17,web,
10504,Germany,2025-03-08,ios,A
10505,Canada,2025-03-15,ios,
10506,Canada,2025-02-16,ios,
10507,Germany,2025-02-25,ios,
10508,UK,2025-01-23,ios,A
10509,UK,2025-01-18,android,A
10510,Australia,2025-01-01,web,
10511,India,2025-02-04,android,
10512,USA,2025-03-05,android,
10513,UK,2025-02-27,android,
10514,India,2025-02-28,web,
10515,Germany,2025-01-01,android,
10516,Germany,2025-01-03,android,
10517,USA,2025-03-08,ios,
10518,Brazil,2025-02-06,web,
10519,UK,2025-03-24,ios,
10520,Australia,2025-01-29,ios,
10521,UK,2025-03-30,android,
10522,Australia,2025-02-02,ios,
10523,Australia,2025-03-02,android,
10524,Australia,2025-03-31,ios,
10525,Germany,2025-01-04,web,
10526,India,2025-01-14,web,
10527,Canada,2025-02-02,ios,
10528,USA,2025-01-22,android,
10529,USA,2025-02-17,android,B
10530,Brazil,2025-01-03,android,B
10531,Brazil,2025-03-28,ios,A
10532,Australia,2025-03-26,android,
10533,Canada,2025-01-23,ios,
10534,India,2025-03-09,web,
10535,India,2025-01-21,android,B
10536,USA,2025-02-12,ios,
10537,Germany,2025-03-26,android,
10538,India,2025-01-26,ios,B
10539,Australia,2025-02-10,android,
10540,Canada,2025-02-07,web,
10541,Australia,2025-03-29,ios,A
10542,India,2025-01-11,ios,B
10543,Brazil,2025-01-29,web,B
10544,Brazil,2025-03-01,web,
10545,Canada,2025-03-08,android,
10546,Brazil,2025-03-06,ios,B
10547,Germany,2025-03-02,ios,
10548,USA,2025-01-19,android,A
10549,Germany,2025-02-15,android,
10550,Brazil,2025-02-18,ios,
10551,UK,2025-01-22,web,
10552,UK,2025-03-19,android,
10553,USA,2025-02-26,ios,
10554,Brazil,2025-01-14,android,
10555,Canada,2025-02-13,web,
10556,Brazil,2025-01-16,ios,
10557,Germany,2025-03-18,ios,
10558,USA,2025-01-12,ios,B
10559,Germany,2025-02-24,web,A
10560,Australia,2025-02-20,android,
10561,Canada,2025-02-08,web,
10562,Brazil,2025-02-02,web,
10563,Canada,2025-02-02,web,
10564,Australia,2025-01-29,ios,
10565,India,2025-03-10,web,
10566,UK,2025-03-11,ios,
10567,Brazil,2025-01-31,ios,
10568,India,2025-03-21,android,
10569,UK,2025-01-31,android,
10570,India,2025-03-30,web,
10571,USA,2025-02-15,ios,
10572,India,2025-03-18,ios,
10573,Canada,2025-02-21,android,
10574,India,2025-01-10,ios,
10575,Australia,2025-03-29,web,
10576,USA,2025-03-15,ios,
10577,India,2025-02-10,web,
10578,UK,2025-03-18,android,
10579,India,2025-01-03,android,
10580,Canada,2025-02-28,ios,B
10581,Canada,2025-02-21,ios,A
10582,India,2025-02-03,android,
10583,USA,2025-02-18,web,
10584,UK,2025-01-28,web,
10585,USA,2025-03-24,web,
10586,India,2025-03-28,android,A
10587,USA,2025-01-13,android,
10588,Canada,2025-03-10,android,
10589,USA,2025-03-08,ios,
10590,India,2025-03-02,android,
10591,India,2025-03-01,web,A
10592,Canada,2025-03-12,web,
10593,Canada,2025-01-24,android,B
10594,Canada,2025-03-04,android,
10595,Australia,2025-03-27,web,
10596,Brazil,2025-03-02,android,
10597,India,2025-01-23,ios,
10598,India,2025-01-30,android,
10599,Brazil,2025-03-01,web,
10600,UK,2025-01-18,web,B
10601,Brazil,2025-02-25,android,
10602,USA,2025-02-22,web,B
10603,Brazil,2025-01-07,android,
10604,Canada,2025-03-10,web,
10605,Brazil,2025-03-13,web,
10606,Australia,2025-03-20,web,A
10607,UK,2025-02-21,android,A
10608,Germany,2025-01-04,android,
10609,Australia,2025-02-03,android,A
10610,Australia,2025-03-10,ios,A
10611,UK,2025-02-02,ios,
10612,Brazil,2025-03-10,ios,
10613,USA,2025-02-07,web,
10614,USA,2025-01-26,web,
10615,Germany,2025-01-01,android,
10616,India,2025-01-04,web,
10617,Canada,2025-02-08,ios,B
10618,Canada,2025-02-23,ios,A
10619,Canada,2025-03-31,android,B
10620,Brazil,2025-02-02,web,
10621,India,2025-02-02,web,
10622,USA,2025-03-13,ios,
10623,India,2025-01-20,android,
10624,UK,2025-01-16,ios,
10625,Australia,2025-01-21,web,
10626,Canada,2025-02-14,ios,A
10627,UK,2025-03-31,ios,
10628,Germany,2025-03-28,web,
10629,Australia,2025-03-23,web,
10630,India,2025-03-03,web,
10631,Germany,2025-01-31,ios,
10632,UK,2025-02-11,ios,
10633,Canada,2025-01-12,ios,
10634,UK,2025-03-06,android,
10635,Germany,2025-03-14,android,A
10636,UK,2025-01-03,web,
10637,Australia,2025-03-31,android,
10638,India,2025-01-09,web,
10639,Brazil,2025-02-20,ios,
10640,Brazil,2025-01-16,web,
10641,UK,2025-03-29,ios,
10642,Brazil,2025-03-19,web,B
10643,Brazil,2025-01-03,android,
10644,Brazil,2025-01-24,ios,
10645,Canada,2025-03-14,ios,
10646,Canada,2025-01-13,ios,A
10647,Australia,2025-01-02,android,
10648,UK,2025-03-12,android,
10649,Brazil,2025-01-21,android,
10650,Germany,2025-01-19,ios,B
10651,Canada,2025-03-30,web,
10652,Germany,2025-02-16,web,B
10653,Australia,2025-01-22,android,A
10654,Australia,2025-03-16,web,
10655,Brazil,2025-02-02,ios,
10656,USA,2025-02-01,ios,
10657,USA,2025-03-05,android,
10658,Germany,2025-03-26,android,
10659,Germany,2025-02-08,web,
10660,Australia,2025-03-25,web,
10661,Brazil,2025-03-13,web,
10662,UK,2025-02-11,android,
10663,Germany,2025-01-09,android,
10664,Brazil,2025-01-25,android,
10665,Germany,2025-03-30,ios,
10666,Canada,2025-01-02,web,
10667,Germany,2025-01-19,android,
10668,Australia,2025-01-20,android,
10669,Brazil,2025-03-11,android,B
10670,Brazil,2025-01-17,web,
10671,India,2025-03-30,web,A
10672,UK,2025-03-09,ios,
10673,Australia,2025-03-25,ios,
10674,Australia,2025-01-03,ios,
10675,Canada,2025-03-28,ios,
10676,India,2025-02-20,android,
10677,India,2025-03-23,ios,
10678,India,2025-01-26,android,
10679,India,2025-02-25,android,B
10680,Canada,2025-03-05,web,
10681,India,2025-01-08,android,
10682,Canada,2025-03-22,web,
10683,Germany,2025-02-06,ios,
10684,Australia,2025-01-27,ios,
10685,Australia,2025-02-14,web,
10686,India,2025-01-04,web,
10687,Australia,2025-03-27,ios,
10688,Brazil,2025-03-31,android,
10689,Canada,2025-03-29,android,A
10690,Australia,2025-02-06,web,
10691,UK,2025-03-12,android,A
10692,USA,2025-02-02,android,B
10693,USA,2025-01-31,ios,
10694,Germany,2025-02-24,web,
10695,Canada,2025-01-12,ios,
10696,India,2025-01-11,android,
10697,Brazil,2025-03-29,android,
10698,Australia,2025-03-13,ios,
10699,Australia,2025-02-01,android,
10700,USA,2025-02-26,android,
10701,India,2025-02-07,ios,B
10702,USA,2025-03-01,android,A
10703,USA,2025-03-27,ios,
10704,India,2025-01-19,web,A
10705,UK,2025-03-25,android,
10706,Australia,2025-02-25,android,
10707,Australia,2025-01-14,ios,
10708,UK,2025-02-02,web,
10709,Germany,2025-01-10,android,A
10710,Australia,2025-03-21,android,
10711,Brazil,2025-03-05,web,
10712,India,2025-03-05,android,
10713,USA,2025-03-03,ios,
10714,UK,2025-03-09,web,
10715,Australia,2025-02-12,web,
10716,Brazil,2025-03-21,android,
10717,Canada,2025-02-28,web,A
10718,Brazil,2025-02-21,web,
10719,India,2025-01-19,web,
10720,Australia,2025-01-21,android,
10721,India,2025-01-22,web,
10722,India,2025-01-09,android,
10723,UK,2025-01-09,web,
10724,Germany,2025-03-14,ios,
10725,Germany,2025-01-27,web,
10726,Germany,2025-01-17,web,B
10727,Australia,2025-02-13,web,
10728,Australia,2025-02-14,ios,
10729,Australia,2025-01-08,web,
10730,Brazil,2025-03-21,ios,
10731,Brazil,2025-01-18,ios,
10732,UK,2025-02-02,ios,B
10733,India,2025-01-01,android,B
10734,India,2025-03-17,android,
10735,USA,2025-01-06,ios,
10736,USA,2025-02-10,android,
10737,USA,2025-02-24,ios,
10738,Brazil,2025-01-05,android,A
10739,Germany,2025-02-28,android,
10740,UK,2025-03-21,web,
10741,Germany,2025-01-18,android,
10742,India,2025-02-18,android,
10743,USA,2025-03-23,web,
10744,Germany,2025-03-06,ios,
10745,India,2025-03-24,web,
10746,USA,2025-02-23,android,B
10747,Australia,2025-03-02,android,
10748,Australia,2025-01-08,ios,A
10749,Australia,2025-01-03,android,
10750,Australia,2025-01-25,web,B
10751,Germany,2025-03-10,ios,
10752,Germany,2025-02-24,web,
10753,Germany,2025-02-09,android,
10754,Canada,2025-03-24,ios,A
10755,Canada,2025-03-23,android,
10756,USA,2025-02-19,android,
10757,Brazil,2025-02-02,web,
10758,USA,2025-01-18,android,
10759,UK,2025-02-26,web,
10760,Canada,2025-01-16,android,
10761,USA,2025-03-21,web,
10762,Germany,2025-02-07,web,
10763,India,2025-02-10,ios,
10764,India,2025-01-07,ios,A
10765,Germany,2025-03-19,android,
10766,Brazil,2025-02-22,android,
10767,Brazil,2025-03-04,ios,A
10768,USA,2025-03-30,web,
10769,USA,2025-02-01,web,
10770,Australia,2025-02-07,ios,
10771,Australia,2025-01-22,ios,
10772,India,2025-01-16,android,
10773,Germany,2025-02-21,web,
10774,Germany,2025-01-29,ios,
10775,USA,2025-01-16,web,
10776,UK,2025-03-17,web,
10777,Canada,2025-01-17,ios,
10778,USA,2025-03-05,web,
10779,Canada,2025-03-30,android,
10780,USA,2025-01-13,ios,B
10781,Brazil,2025-03-13,web,
10782,Australia,2025-02-25,ios,
10783,Canada,2025-01-05,ios,
10784,USA,2025-01-12,web,
10785,USA,2025-02-10,android,
10786,UK,2025-01-03,ios,
10787,India,2025-02-02,web,
10788,India,2025-03-27,ios,B
10789,USA,2025-02-19,ios,
10790,Germany,2025-02-25,web,
10791,USA,2025-01-09,android,
10792,Brazil,2025-03-23,web,
10793,UK,2025-02-19,ios,B
10794,USA,2025-01-29,android,
10795,Australia,2025-02-08,android,
10796,India,2025-02-14,android,B
10797,USA,2025-01-17,android,B
10798,Canada,2025-02-25,ios,
10799,UK,2025-02-15,web,
10800,Australia,2025-03-08,web,
10801,UK,2025-03-10,android,A
10802,Germany,2025-01-14,android,
10803,Germany,2025-03-08,web,
10804,Germany,2025-01-23,android,A
10805,USA,2025-03-02,web,
10806,India,2025-01-23,web,
10807,Brazil,2025-01-27,android,
10808,India,2025-02-23,web,
10809,Australia,2025-01-10,web,
10810,UK,2025-03-30,web,
10811,India,2025-03-18,android,
